geo_id,geo_name,geo_type,year,size_scheme,origin,agency,program,source,source_file,source_url,source_page_url,release_note,measure,citation,employment_total,employment_lt5,employment_5_9,employment_10_19,employment_20_99,employment_100_499,employment_lt100,employment_lt500,employment_ge500,share_lt5_pct,share_5_9_pct,share_10_19_pct,share_20_99_pct,share_100_499_pct,share_lt100_pct,share_lt500_pct,share_ge500_pct,any_size_class_suppressed,size_class_sum,size_class_vs_total_diff,binary_sum,binary_vs_total_diff,ge500_derived
10180,"Abilene, TX Metro Area",metro,2022,standard_01_09,RETRIEVED,U.S. Census Bureau,Statistics of U.S. Businesses (SUSB),U.S. Census Bureau Statistics of U.S. Businesses (SUSB) 2022,msa_3digitnaics_2022.txt,https://www2.census.gov/programs-surveys/susb/datasets/2022/msa_3digitnaics_2022.txt,https://www.census.gov/data/datasets/2022/econ/susb/2022-susb.html,"reference year 2022; MSA dataset originally released 2025-05-29, revised 2025-07-22 (extraneous estimates removed; remaining estimates unchanged)","mid-March payroll employment at employer establishments, classified by enterprise (firm) employment size; primary split firms <500 vs 500+ employees (SBA cutoff)","U.S. Census Bureau, Statistics of U.S. Businesses (SUSB), 2022 Annual Datasets by Establishment Industry — msa_3digitnaics_2022.txt (all-industry NAICS=--, enterprise employment size); reference year 2022; MSA dataset originally released 2025-05-29, revised 2025-07-22 (extraneous estimates removed; remaining estimates unchanged); measures mid-March payroll employment at employer establishments, classified by enterprise (firm) employment size; primary split firms <500 vs 500+ employees (SBA cutoff). File: https://www2.census.gov/programs-surveys/susb/datasets/2022/msa_3digitnaics_2022.txt Landing page: https://www.census.gov/data/datasets/2022/econ/susb/2022-susb.html",62813,2953,3605,4888,11580,8242,23026,31268,31545,4.701256109404104,5.73925779695286,7.781828602359385,18.43567414388741,13.121487590148536,36.65801665260376,49.779504242752296,50.220495757247704,False,62813,0,62813,0,
10420,"Akron, OH Metro Area",metro,2022,standard_01_09,RETRIEVED,U.S. Census Bureau,Statistics of U.S. Businesses (SUSB),U.S. Census Bureau Statistics of U.S. Businesses (SUSB) 2022,msa_3digitnaics_2022.txt,https://www2.census.gov/programs-surveys/susb/datasets/2022/msa_3digitnaics_2022.txt,https://www.census.gov/data/datasets/2022/econ/susb/2022-susb.html,"reference year 2022; MSA dataset originally released 2025-05-29, revised 2025-07-22 (extraneous estimates removed; remaining estimates unchanged)","mid-March payroll employment at employer establishments, classified by enterprise (firm) employment size; primary split firms <500 vs 500+ employees (SBA cutoff)","U.S. Census Bureau, Statistics of U.S. Businesses (SUSB), 2022 Annual Datasets by Establishment Industry — msa_3digitnaics_2022.txt (all-industry NAICS=--, enterprise employment size); reference year 2022; MSA dataset originally released 2025-05-29, revised 2025-07-22 (extraneous estimates removed; remaining estimates unchanged); measures mid-March payroll employment at employer establishments, classified by enterprise (firm) employment size; primary split firms <500 vs 500+ employees (SBA cutoff). File: https://www2.census.gov/programs-surveys/susb/datasets/2022/msa_3digitnaics_2022.txt Landing page: https://www.census.gov/data/datasets/2022/econ/susb/2022-susb.html",297184,11205,13732,19375,53850,43330,98162,141492,155692,3.7703914073435985,4.620706363734252,6.519529988155486,18.120087218692795,14.58019274254334,33.03071497792613,47.61090772046947,52.38909227953053,False,297184,0,297184,0,
10500,"Albany, GA Metro Area",metro,2022,standard_01_09,RETRIEVED,U.S. Census Bureau,Statistics of U.S. Businesses (SUSB),U.S. Census Bureau Statistics of U.S. Businesses (SUSB) 2022,msa_3digitnaics_2022.txt,https://www2.census.gov/programs-surveys/susb/datasets/2022/msa_3digitnaics_2022.txt,https://www.census.gov/data/datasets/2022/econ/susb/2022-susb.html,"reference year 2022; MSA dataset originally released 2025-05-29, revised 2025-07-22 (extraneous estimates removed; remaining estimates unchanged)","mid-March payroll employment at employer establishments, classified by enterprise (firm) employment size; primary split firms <500 vs 500+ employees (SBA cutoff)","U.S. Census Bureau, Statistics of U.S. Businesses (SUSB), 2022 Annual Datasets by Establishment Industry — msa_3digitnaics_2022.txt (all-industry NAICS=--, enterprise employment size); reference year 2022; MSA dataset originally released 2025-05-29, revised 2025-07-22 (extraneous estimates removed; remaining estimates unchanged); measures mid-March payroll employment at employer establishments, classified by enterprise (firm) employment size; primary split firms <500 vs 500+ employees (SBA cutoff). File: https://www2.census.gov/programs-surveys/susb/datasets/2022/msa_3digitnaics_2022.txt Landing page: https://www.census.gov/data/datasets/2022/econ/susb/2022-susb.html",44039,2207,2524,3339,8668,5109,16738,21847,22192,5.011467108699108,5.731283634959922,7.581916028974319,19.6825540997752,11.601080860146688,38.007220872408546,49.60830173255523,50.39169826744477,False,44039,0,44039,0,
10540,"Albany, OR Metro Area",metro,2022,standard_01_09,RETRIEVED,U.S. Census Bureau,Statistics of U.S. Businesses (SUSB),U.S. Census Bureau Statistics of U.S. Businesses (SUSB) 2022,msa_3digitnaics_2022.txt,https://www2.census.gov/programs-surveys/susb/datasets/2022/msa_3digitnaics_2022.txt,https://www.census.gov/data/datasets/2022/econ/susb/2022-susb.html,"reference year 2022; MSA dataset originally released 2025-05-29, revised 2025-07-22 (extraneous estimates removed; remaining estimates unchanged)","mid-March payroll employment at employer establishments, classified by enterprise (firm) employment size; primary split firms <500 vs 500+ employees (SBA cutoff)","U.S. Census Bureau, Statistics of U.S. Businesses (SUSB), 2022 Annual Datasets by Establishment Industry — msa_3digitnaics_2022.txt (all-industry NAICS=--, enterprise employment size); reference year 2022; MSA dataset originally released 2025-05-29, revised 2025-07-22 (extraneous estimates removed; remaining estimates unchanged); measures mid-March payroll employment at employer establishments, classified by enterprise (firm) employment size; primary split firms <500 vs 500+ employees (SBA cutoff). File: https://www2.census.gov/programs-surveys/susb/datasets/2022/msa_3digitnaics_2022.txt Landing page: https://www.census.gov/data/datasets/2022/econ/susb/2022-susb.html",38716,2294,2907,3702,7461,4405,16364,20769,17947,5.92519888418225,7.508523607810724,9.56193821675793,19.27110238661019,11.377724971587973,42.26676309536109,53.644488066949066,46.355511933050934,False,38716,0,38716,0,
10580,"Albany-Schenectady-Troy, NY Metro Area",metro,2022,standard_01_09,RETRIEVED,U.S. Census Bureau,Statistics of U.S. Businesses (SUSB),U.S. Census Bureau Statistics of U.S. Businesses (SUSB) 2022,msa_3digitnaics_2022.txt,https://www2.census.gov/programs-surveys/susb/datasets/2022/msa_3digitnaics_2022.txt,https://www.census.gov/data/datasets/2022/econ/susb/2022-susb.html,"reference year 2022; MSA dataset originally released 2025-05-29, revised 2025-07-22 (extraneous estimates removed; remaining estimates unchanged)","mid-March payroll employment at employer establishments, classified by enterprise (firm) employment size; primary split firms <500 vs 500+ employees (SBA cutoff)","U.S. Census Bureau, Statistics of U.S. Businesses (SUSB), 2022 Annual Datasets by Establishment Industry — msa_3digitnaics_2022.txt (all-industry NAICS=--, enterprise employment size); reference year 2022; MSA dataset originally released 2025-05-29, revised 2025-07-22 (extraneous estimates removed; remaining estimates unchanged); measures mid-March payroll employment at employer establishments, classified by enterprise (firm) employment size; primary split firms <500 vs 500+ employees (SBA cutoff). File: https://www2.census.gov/programs-surveys/susb/datasets/2022/msa_3digitnaics_2022.txt Landing page: https://www.census.gov/data/datasets/2022/econ/susb/2022-susb.html",351094,15507,18385,23010,59110,43128,116012,159140,191954,4.416765880362524,5.23648937321629,6.553800406728683,16.835947068306492,12.283889784502156,33.04300272861399,45.32689251311614,54.67310748688386,False,351094,0,351094,0,
10740,"Albuquerque, NM Metro Area",metro,2022,standard_01_09,RETRIEVED,U.S. Census Bureau,Statistics of U.S. Businesses (SUSB),U.S. Census Bureau Statistics of U.S. Businesses (SUSB) 2022,msa_3digitnaics_2022.txt,https://www2.census.gov/programs-surveys/susb/datasets/2022/msa_3digitnaics_2022.txt,https://www.census.gov/data/datasets/2022/econ/susb/2022-susb.html,"reference year 2022; MSA dataset originally released 2025-05-29, revised 2025-07-22 (extraneous estimates removed; remaining estimates unchanged)","mid-March payroll employment at employer establishments, classified by enterprise (firm) employment size; primary split firms <500 vs 500+ employees (SBA cutoff)","U.S. Census Bureau, Statistics of U.S. Businesses (SUSB), 2022 Annual Datasets by Establishment Industry — msa_3digitnaics_2022.txt (all-industry NAICS=--, enterprise employment size); reference year 2022; MSA dataset originally released 2025-05-29, revised 2025-07-22 (extraneous estimates removed; remaining estimates unchanged); measures mid-March payroll employment at employer establishments, classified by enterprise (firm) employment size; primary split firms <500 vs 500+ employees (SBA cutoff). File: https://www2.census.gov/programs-surveys/susb/datasets/2022/msa_3digitnaics_2022.txt Landing page: https://www.census.gov/data/datasets/2022/econ/susb/2022-susb.html",308226,13270,15937,22376,53273,45925,104856,150781,157445,4.305282487525387,5.170556669456827,7.2596082095605174,17.283746341969852,14.899781329284357,34.01919370851258,48.91897503779694,51.08102496220306,False,308226,0,308226,0,
10780,"Alexandria, LA Metro Area",metro,2022,standard_01_09,RETRIEVED,U.S. Census Bureau,Statistics of U.S. Businesses (SUSB),U.S. Census Bureau Statistics of U.S. Businesses (SUSB) 2022,msa_3digitnaics_2022.txt,https://www2.census.gov/programs-surveys/susb/datasets/2022/msa_3digitnaics_2022.txt,https://www.census.gov/data/datasets/2022/econ/susb/2022-susb.html,"reference year 2022; MSA dataset originally released 2025-05-29, revised 2025-07-22 (extraneous estimates removed; remaining estimates unchanged)","mid-March payroll employment at employer establishments, classified by enterprise (firm) employment size; primary split firms <500 vs 500+ employees (SBA cutoff)","U.S. Census Bureau, Statistics of U.S. Businesses (SUSB), 2022 Annual Datasets by Establishment Industry — msa_3digitnaics_2022.txt (all-industry NAICS=--, enterprise employment size); reference year 2022; MSA dataset originally released 2025-05-29, revised 2025-07-22 (extraneous estimates removed; remaining estimates unchanged); measures mid-March payroll employment at employer establishments, classified by enterprise (firm) employment size; primary split firms <500 vs 500+ employees (SBA cutoff). File: https://www2.census.gov/programs-surveys/susb/datasets/2022/msa_3digitnaics_2022.txt Landing page: https://www.census.gov/data/datasets/2022/econ/susb/2022-susb.html",47118,2398,3055,4099,9204,8197,18756,26953,20165,5.089350142196189,6.483721719937179,8.699435459909164,19.533936075385203,17.39674858864977,39.806443397427735,57.203191986077506,42.796808013922494,False,47118,0,47118,0,
10900,"Allentown-Bethlehem-Easton, PA-NJ Metro Area",metro,2022,standard_01_09,RETRIEVED,U.S. Census Bureau,Statistics of U.S. Businesses (SUSB),U.S. Census Bureau Statistics of U.S. Businesses (SUSB) 2022,msa_3digitnaics_2022.txt,https://www2.census.gov/programs-surveys/susb/datasets/2022/msa_3digitnaics_2022.txt,https://www.census.gov/data/datasets/2022/econ/susb/2022-susb.html,"reference year 2022; MSA dataset originally released 2025-05-29, revised 2025-07-22 (extraneous estimates removed; remaining estimates unchanged)","mid-March payroll employment at employer establishments, classified by enterprise (firm) employment size; primary split firms <500 vs 500+ employees (SBA cutoff)","U.S. Census Bureau, Statistics of U.S. Businesses (SUSB), 2022 Annual Datasets by Establishment Industry — msa_3digitnaics_2022.txt (all-industry NAICS=--, enterprise employment size); reference year 2022; MSA dataset originally released 2025-05-29, revised 2025-07-22 (extraneous estimates removed; remaining estimates unchanged); measures mid-March payroll employment at employer establishments, classified by enterprise (firm) employment size; primary split firms <500 vs 500+ employees (SBA cutoff). File: https://www2.census.gov/programs-surveys/susb/datasets/2022/msa_3digitnaics_2022.txt Landing page: https://www.census.gov/data/datasets/2022/econ/susb/2022-susb.html",352044,14120,17068,20363,52639,39304,104190,143494,208550,4.010862278578814,4.848257604163116,5.784220154298894,14.95239231459704,11.16451352671825,29.595732351637864,40.760245878356116,59.239754121643884,False,352044,0,352044,0,
11020,"Altoona, PA Metro Area",metro,2022,standard_01_09,RETRIEVED,U.S. Census Bureau,Statistics of U.S. Businesses (SUSB),U.S. Census Bureau Statistics of U.S. Businesses (SUSB) 2022,msa_3digitnaics_2022.txt,https://www2.census.gov/programs-surveys/susb/datasets/2022/msa_3digitnaics_2022.txt,https://www.census.gov/data/datasets/2022/econ/susb/2022-susb.html,"reference year 2022; MSA dataset originally released 2025-05-29, revised 2025-07-22 (extraneous estimates removed; remaining estimates unchanged)","mid-March payroll employment at employer establishments, classified by enterprise (firm) employment size; primary split firms <500 vs 500+ employees (SBA cutoff)","U.S. Census Bureau, Statistics of U.S. Businesses (SUSB), 2022 Annual Datasets by Establishment Industry — msa_3digitnaics_2022.txt (all-industry NAICS=--, enterprise employment size); reference year 2022; MSA dataset originally released 2025-05-29, revised 2025-07-22 (extraneous estimates removed; remaining estimates unchanged); measures mid-March payroll employment at employer establishments, classified by enterprise (firm) employment size; primary split firms <500 vs 500+ employees (SBA cutoff). File: https://www2.census.gov/programs-surveys/susb/datasets/2022/msa_3digitnaics_2022.txt Landing page: https://www.census.gov/data/datasets/2022/econ/susb/2022-susb.html",53254,2087,3209,3455,9805,7325,18556,25881,27373,3.9189544447365456,6.025838434671574,6.487775566154655,18.411762496713862,13.754835317534834,34.844330942276635,48.59916625981147,51.40083374018853,False,53254,0,53254,0,
11100,"Amarillo, TX Metro Area",metro,2022,standard_01_09,RETRIEVED,U.S. Census Bureau,Statistics of U.S. Businesses (SUSB),U.S. Census Bureau Statistics of U.S. Businesses (SUSB) 2022,msa_3digitnaics_2022.txt,https://www2.census.gov/programs-surveys/susb/datasets/2022/msa_3digitnaics_2022.txt,https://www.census.gov/data/datasets/2022/econ/susb/2022-susb.html,"reference year 2022; MSA dataset originally released 2025-05-29, revised 2025-07-22 (extraneous estimates removed; remaining estimates unchanged)","mid-March payroll employment at employer establishments, classified by enterprise (firm) employment size; primary split firms <500 vs 500+ employees (SBA cutoff)","U.S. Census Bureau, Statistics of U.S. Businesses (SUSB), 2022 Annual Datasets by Establishment Industry — msa_3digitnaics_2022.txt (all-industry NAICS=--, enterprise employment size); reference year 2022; MSA dataset originally released 2025-05-29, revised 2025-07-22 (extraneous estimates removed; remaining estimates unchanged); measures mid-March payroll employment at employer establishments, classified by enterprise (firm) employment size; primary split firms <500 vs 500+ employees (SBA cutoff). File: https://www2.census.gov/programs-surveys/susb/datasets/2022/msa_3digitnaics_2022.txt Landing page: https://www.census.gov/data/datasets/2022/econ/susb/2022-susb.html",98649,4707,5694,7387,20600,13162,38388,51550,47099,4.771462457804945,5.771979442265001,7.488165110644811,20.882117406157185,13.342253849506838,38.91372441687194,52.255978266378776,47.744021733621224,False,98649,0,98649,0,
11180,"Ames, IA Metro Area",metro,2022,standard_01_09,RETRIEVED,U.S. Census Bureau,Statistics of U.S. Businesses (SUSB),U.S. Census Bureau Statistics of U.S. Businesses (SUSB) 2022,msa_3digitnaics_2022.txt,https://www2.census.gov/programs-surveys/susb/datasets/2022/msa_3digitnaics_2022.txt,https://www.census.gov/data/datasets/2022/econ/susb/2022-susb.html,"reference year 2022; MSA dataset originally released 2025-05-29, revised 2025-07-22 (extraneous estimates removed; remaining estimates unchanged)","mid-March payroll employment at employer establishments, classified by enterprise (firm) employment size; primary split firms <500 vs 500+ employees (SBA cutoff)","U.S. Census Bureau, Statistics of U.S. Businesses (SUSB), 2022 Annual Datasets by Establishment Industry — msa_3digitnaics_2022.txt (all-industry NAICS=--, enterprise employment size); reference year 2022; MSA dataset originally released 2025-05-29, revised 2025-07-22 (extraneous estimates removed; remaining estimates unchanged); measures mid-March payroll employment at employer establishments, classified by enterprise (firm) employment size; primary split firms <500 vs 500+ employees (SBA cutoff). File: https://www2.census.gov/programs-surveys/susb/datasets/2022/msa_3digitnaics_2022.txt Landing page: https://www.census.gov/data/datasets/2022/econ/susb/2022-susb.html",39689,1972,2462,2945,8235,6935,15614,22549,17140,4.968631106855804,6.203230114137418,7.4201919927435815,20.74882209176346,17.473355337751013,39.34087530550026,56.81423064325128,43.18576935674872,False,39689,0,39689,0,
11200,"Amherst Town-Northampton, MA Metro Area",metro,2022,standard_01_09,RETRIEVED,U.S. Census Bureau,Statistics of U.S. Businesses (SUSB),U.S. Census Bureau Statistics of U.S. Businesses (SUSB) 2022,msa_3digitnaics_2022.txt,https://www2.census.gov/programs-surveys/susb/datasets/2022/msa_3digitnaics_2022.txt,https://www.census.gov/data/datasets/2022/econ/susb/2022-susb.html,"reference year 2022; MSA dataset originally released 2025-05-29, revised 2025-07-22 (extraneous estimates removed; remaining estimates unchanged)","mid-March payroll employment at employer establishments, classified by enterprise (firm) employment size; primary split firms <500 vs 500+ employees (SBA cutoff)","U.S. Census Bureau, Statistics of U.S. Businesses (SUSB), 2022 Annual Datasets by Establishment Industry — msa_3digitnaics_2022.txt (all-industry NAICS=--, enterprise employment size); reference year 2022; MSA dataset originally released 2025-05-29, revised 2025-07-22 (extraneous estimates removed; remaining estimates unchanged); measures mid-March payroll employment at employer establishments, classified by enterprise (firm) employment size; primary split firms <500 vs 500+ employees (SBA cutoff). File: https://www2.census.gov/programs-surveys/susb/datasets/2022/msa_3digitnaics_2022.txt Landing page: https://www.census.gov/data/datasets/2022/econ/susb/2022-susb.html",48146,2673,3365,4990,9253,5835,20281,26116,22030,5.5518630831221705,6.989157977817472,10.364308561458897,19.218626677190212,12.119386864952437,42.12395629958875,54.24334316454119,45.75665683545881,False,48146,0,48146,0,
11260,"Anchorage, AK Metro Area",metro,2022,standard_01_09,RETRIEVED,U.S. Census Bureau,Statistics of U.S. Businesses (SUSB),U.S. Census Bureau Statistics of U.S. Businesses (SUSB) 2022,msa_3digitnaics_2022.txt,https://www2.census.gov/programs-surveys/susb/datasets/2022/msa_3digitnaics_2022.txt,https://www.census.gov/data/datasets/2022/econ/susb/2022-susb.html,"reference year 2022; MSA dataset originally released 2025-05-29, revised 2025-07-22 (extraneous estimates removed; remaining estimates unchanged)","mid-March payroll employment at employer establishments, classified by enterprise (firm) employment size; primary split firms <500 vs 500+ employees (SBA cutoff)","U.S. Census Bureau, Statistics of U.S. Businesses (SUSB), 2022 Annual Datasets by Establishment Industry — msa_3digitnaics_2022.txt (all-industry NAICS=--, enterprise employment size); reference year 2022; MSA dataset originally released 2025-05-29, revised 2025-07-22 (extraneous estimates removed; remaining estimates unchanged); measures mid-March payroll employment at employer establishments, classified by enterprise (firm) employment size; primary split firms <500 vs 500+ employees (SBA cutoff). File: https://www2.census.gov/programs-surveys/susb/datasets/2022/msa_3digitnaics_2022.txt Landing page: https://www.census.gov/data/datasets/2022/econ/susb/2022-susb.html",160998,8242,10250,13887,30817,18678,63196,81874,79124,5.119318252400651,6.3665387147666435,8.625572988484329,19.141231568094014,11.601386352625498,39.25266152374564,50.85404787637113,49.14595212362887,False,160998,0,160998,0,
11460,"Ann Arbor, MI Metro Area",metro,2022,standard_01_09,RETRIEVED,U.S. Census Bureau,Statistics of U.S. Businesses (SUSB),U.S. Census Bureau Statistics of U.S. Businesses (SUSB) 2022,msa_3digitnaics_2022.txt,https://www2.census.gov/programs-surveys/susb/datasets/2022/msa_3digitnaics_2022.txt,https://www.census.gov/data/datasets/2022/econ/susb/2022-susb.html,"reference year 2022; MSA dataset originally released 2025-05-29, revised 2025-07-22 (extraneous estimates removed; remaining estimates unchanged)","mid-March payroll employment at employer establishments, classified by enterprise (firm) employment size; primary split firms <500 vs 500+ employees (SBA cutoff)","U.S. Census Bureau, Statistics of U.S. Businesses (SUSB), 2022 Annual Datasets by Establishment Industry — msa_3digitnaics_2022.txt (all-industry NAICS=--, enterprise employment size); reference year 2022; MSA dataset originally released 2025-05-29, revised 2025-07-22 (extraneous estimates removed; remaining estimates unchanged); measures mid-March payroll employment at employer establishments, classified by enterprise (firm) employment size; primary split firms <500 vs 500+ employees (SBA cutoff). File: https://www2.census.gov/programs-surveys/susb/datasets/2022/msa_3digitnaics_2022.txt Landing page: https://www.census.gov/data/datasets/2022/econ/susb/2022-susb.html",151846,5759,7511,10610,27823,20192,51703,71895,79951,3.792658351224267,4.94645891231906,6.9873424390500904,18.3231695270208,13.297683179010313,34.04962922961421,47.347312408624525,52.652687591375475,False,151846,0,151846,0,
11500,"Anniston-Oxford, AL Metro Area",metro,2022,standard_01_09,RETRIEVED,U.S. Census Bureau,Statistics of U.S. Businesses (SUSB),U.S. Census Bureau Statistics of U.S. Businesses (SUSB) 2022,msa_3digitnaics_2022.txt,https://www2.census.gov/programs-surveys/susb/datasets/2022/msa_3digitnaics_2022.txt,https://www.census.gov/data/datasets/2022/econ/susb/2022-susb.html,"reference year 2022; MSA dataset originally released 2025-05-29, revised 2025-07-22 (extraneous estimates removed; remaining estimates unchanged)","mid-March payroll employment at employer establishments, classified by enterprise (firm) employment size; primary split firms <500 vs 500+ employees (SBA cutoff)","U.S. Census Bureau, Statistics of U.S. Businesses (SUSB), 2022 Annual Datasets by Establishment Industry — msa_3digitnaics_2022.txt (all-industry NAICS=--, enterprise employment size); reference year 2022; MSA dataset originally released 2025-05-29, revised 2025-07-22 (extraneous estimates removed; remaining estimates unchanged); measures mid-March payroll employment at employer establishments, classified by enterprise (firm) employment size; primary split firms <500 vs 500+ employees (SBA cutoff). File: https://www2.census.gov/programs-surveys/susb/datasets/2022/msa_3digitnaics_2022.txt Landing page: https://www.census.gov/data/datasets/2022/econ/susb/2022-susb.html",34206,1470,2117,2142,5901,3948,11630,15578,18628,4.297491668128399,6.188972694848857,6.262059287844238,17.251359410629714,11.541834765830556,33.99988306145121,45.541717827281765,54.458282172718235,False,34206,0,34206,0,
11540,"Appleton, WI Metro Area",metro,2022,standard_01_09,RETRIEVED,U.S. Census Bureau,Statistics of U.S. Businesses (SUSB),U.S. Census Bureau Statistics of U.S. Businesses (SUSB) 2022,msa_3digitnaics_2022.txt,https://www2.census.gov/programs-surveys/susb/datasets/2022/msa_3digitnaics_2022.txt,https://www.census.gov/data/datasets/2022/econ/susb/2022-susb.html,"reference year 2022; MSA dataset originally released 2025-05-29, revised 2025-07-22 (extraneous estimates removed; remaining estimates unchanged)","mid-March payroll employment at employer establishments, classified by enterprise (firm) employment size; primary split firms <500 vs 500+ employees (SBA cutoff)","U.S. Census Bureau, Statistics of U.S. Businesses (SUSB), 2022 Annual Datasets by Establishment Industry — msa_3digitnaics_2022.txt (all-industry NAICS=--, enterprise employment size); reference year 2022; MSA dataset originally released 2025-05-29, revised 2025-07-22 (extraneous estimates removed; remaining estimates unchanged); measures mid-March payroll employment at employer establishments, classified by enterprise (firm) employment size; primary split firms <500 vs 500+ employees (SBA cutoff). File: https://www2.census.gov/programs-surveys/susb/datasets/2022/msa_3digitnaics_2022.txt Landing page: https://www.census.gov/data/datasets/2022/econ/susb/2022-susb.html",114283,3782,5244,7648,21356,18666,38030,56696,57587,3.309328596554168,4.588608979463262,6.692158938774796,18.686943814915605,16.33313791202541,33.27704032970783,49.610178241733244,50.389821758266756,False,114283,0,114283,0,
11700,"Asheville, NC Metro Area",metro,2022,standard_01_09,RETRIEVED,U.S. Census Bureau,Statistics of U.S. Businesses (SUSB),U.S. Census Bureau Statistics of U.S. Businesses (SUSB) 2022,msa_3digitnaics_2022.txt,https://www2.census.gov/programs-surveys/susb/datasets/2022/msa_3digitnaics_2022.txt,https://www.census.gov/data/datasets/2022/econ/susb/2022-susb.html,"reference year 2022; MSA dataset originally released 2025-05-29, revised 2025-07-22 (extraneous estimates removed; remaining estimates unchanged)","mid-March payroll employment at employer establishments, classified by enterprise (firm) employment size; primary split firms <500 vs 500+ employees (SBA cutoff)","U.S. Census Bureau, Statistics of U.S. Businesses (SUSB), 2022 Annual Datasets by Establishment Industry — msa_3digitnaics_2022.txt (all-industry NAICS=--, enterprise employment size); reference year 2022; MSA dataset originally released 2025-05-29, revised 2025-07-22 (extraneous estimates removed; remaining estimates unchanged); measures mid-March payroll employment at employer establishments, classified by enterprise (firm) employment size; primary split firms <500 vs 500+ employees (SBA cutoff). File: https://www2.census.gov/programs-surveys/susb/datasets/2022/msa_3digitnaics_2022.txt Landing page: https://www.census.gov/data/datasets/2022/econ/susb/2022-susb.html",166060,10259,11039,14087,31934,19156,67319,86475,79585,6.177887510538359,6.647597254004577,8.48307840539564,19.230398651089967,11.535589545947248,40.53896182102854,52.07455136697579,47.92544863302421,False,166060,0,166060,0,
12020,"Athens-Clarke County, GA Metro Area",metro,2022,standard_01_09,RETRIEVED,U.S. Census Bureau,Statistics of U.S. Businesses (SUSB),U.S. Census Bureau Statistics of U.S. Businesses (SUSB) 2022,msa_3digitnaics_2022.txt,https://www2.census.gov/programs-surveys/susb/datasets/2022/msa_3digitnaics_2022.txt,https://www.census.gov/data/datasets/2022/econ/susb/2022-susb.html,"reference year 2022; MSA dataset originally released 2025-05-29, revised 2025-07-22 (extraneous estimates removed; remaining estimates unchanged)","mid-March payroll employment at employer establishments, classified by enterprise (firm) employment size; primary split firms <500 vs 500+ employees (SBA cutoff)","U.S. Census Bureau, Statistics of U.S. Businesses (SUSB), 2022 Annual Datasets by Establishment Industry — msa_3digitnaics_2022.txt (all-industry NAICS=--, enterprise employment size); reference year 2022; MSA dataset originally released 2025-05-29, revised 2025-07-22 (extraneous estimates removed; remaining estimates unchanged); measures mid-March payroll employment at employer establishments, classified by enterprise (firm) employment size; primary split firms <500 vs 500+ employees (SBA cutoff). File: https://www2.census.gov/programs-surveys/susb/datasets/2022/msa_3digitnaics_2022.txt Landing page: https://www.census.gov/data/datasets/2022/econ/susb/2022-susb.html",71337,4082,4143,5878,16783,10143,30886,41029,30308,5.722135778067482,5.807645401404601,8.239763376648863,23.526360794538597,14.2184280247277,43.295905350659545,57.514333375387245,42.485666624612755,False,71337,0,71337,0,
12060,"Atlanta-Sandy Springs-Roswell, GA Metro Area",metro,2022,standard_01_09,RETRIEVED,U.S. Census Bureau,Statistics of U.S. Businesses (SUSB),U.S. Census Bureau Statistics of U.S. Businesses (SUSB) 2022,msa_3digitnaics_2022.txt,https://www2.census.gov/programs-surveys/susb/datasets/2022/msa_3digitnaics_2022.txt,https://www.census.gov/data/datasets/2022/econ/susb/2022-susb.html,"reference year 2022; MSA dataset originally released 2025-05-29, revised 2025-07-22 (extraneous estimates removed; remaining estimates unchanged)","mid-March payroll employment at employer establishments, classified by enterprise (firm) employment size; primary split firms <500 vs 500+ employees (SBA cutoff)","U.S. Census Bureau, Statistics of U.S. Businesses (SUSB), 2022 Annual Datasets by Establishment Industry — msa_3digitnaics_2022.txt (all-industry NAICS=--, enterprise employment size); reference year 2022; MSA dataset originally released 2025-05-29, revised 2025-07-22 (extraneous estimates removed; remaining estimates unchanged); measures mid-March payroll employment at employer establishments, classified by enterprise (firm) employment size; primary split firms <500 vs 500+ employees (SBA cutoff). File: https://www2.census.gov/programs-surveys/susb/datasets/2022/msa_3digitnaics_2022.txt Landing page: https://www.census.gov/data/datasets/2022/econ/susb/2022-susb.html",2567019,123821,113453,146160,384262,338614,767696,1106310,1460709,4.823532665710694,4.419640057202537,5.693763856052487,14.969191891450745,13.190942490102334,29.906128470416462,43.0970709605188,56.9029290394812,False,2567019,0,2567019,0,
12100,"Atlantic City-Hammonton, NJ Metro Area",metro,2022,standard_01_09,RETRIEVED,U.S. Census Bureau,Statistics of U.S. Businesses (SUSB),U.S. Census Bureau Statistics of U.S. Businesses (SUSB) 2022,msa_3digitnaics_2022.txt,https://www2.census.gov/programs-surveys/susb/datasets/2022/msa_3digitnaics_2022.txt,https://www.census.gov/data/datasets/2022/econ/susb/2022-susb.html,"reference year 2022; MSA dataset originally released 2025-05-29, revised 2025-07-22 (extraneous estimates removed; remaining estimates unchanged)","mid-March payroll employment at employer establishments, classified by enterprise (firm) employment size; primary split firms <500 vs 500+ employees (SBA cutoff)","U.S. Census Bureau, Statistics of U.S. Businesses (SUSB), 2022 Annual Datasets by Establishment Industry — msa_3digitnaics_2022.txt (all-industry NAICS=--, enterprise employment size); reference year 2022; MSA dataset originally released 2025-05-29, revised 2025-07-22 (extraneous estimates removed; remaining estimates unchanged); measures mid-March payroll employment at employer establishments, classified by enterprise (firm) employment size; primary split firms <500 vs 500+ employees (SBA cutoff). File: https://www2.census.gov/programs-surveys/susb/datasets/2022/msa_3digitnaics_2022.txt Landing page: https://www.census.gov/data/datasets/2022/econ/susb/2022-susb.html",134222,7546,9119,10737,25810,15026,53212,68238,65984,5.622029175544992,6.793968201934109,7.9994337738969765,19.22933647241138,11.194886084248484,39.64476762378746,50.83965370803594,49.16034629196406,False,134222,0,134222,0,
12220,"Auburn-Opelika, AL Metro Area",metro,2022,standard_01_09,RETRIEVED,U.S. Census Bureau,Statistics of U.S. Businesses (SUSB),U.S. Census Bureau Statistics of U.S. Businesses (SUSB) 2022,msa_3digitnaics_2022.txt,https://www2.census.gov/programs-surveys/susb/datasets/2022/msa_3digitnaics_2022.txt,https://www.census.gov/data/datasets/2022/econ/susb/2022-susb.html,"reference year 2022; MSA dataset originally released 2025-05-29, revised 2025-07-22 (extraneous estimates removed; remaining estimates unchanged)","mid-March payroll employment at employer establishments, classified by enterprise (firm) employment size; primary split firms <500 vs 500+ employees (SBA cutoff)","U.S. Census Bureau, Statistics of U.S. Businesses (SUSB), 2022 Annual Datasets by Establishment Industry — msa_3digitnaics_2022.txt (all-industry NAICS=--, enterprise employment size); reference year 2022; MSA dataset originally released 2025-05-29, revised 2025-07-22 (extraneous estimates removed; remaining estimates unchanged); measures mid-March payroll employment at employer establishments, classified by enterprise (firm) employment size; primary split firms <500 vs 500+ employees (SBA cutoff). File: https://www2.census.gov/programs-surveys/susb/datasets/2022/msa_3digitnaics_2022.txt Landing page: https://www.census.gov/data/datasets/2022/econ/susb/2022-susb.html",54752,2379,3121,5052,10094,8392,20646,29038,25714,4.345046756282875,5.700248392752776,9.227060198714202,18.435856224430157,15.32729398012858,37.70821157218001,53.03550555230859,46.96449444769141,False,54752,0,54752,0,
12260,"Augusta-Richmond County, GA-SC Metro Area",metro,2022,standard_01_09,RETRIEVED,U.S. Census Bureau,Statistics of U.S. Businesses (SUSB),U.S. Census Bureau Statistics of U.S. Businesses (SUSB) 2022,msa_3digitnaics_2022.txt,https://www2.census.gov/programs-surveys/susb/datasets/2022/msa_3digitnaics_2022.txt,https://www.census.gov/data/datasets/2022/econ/susb/2022-susb.html,"reference year 2022; MSA dataset originally released 2025-05-29, revised 2025-07-22 (extraneous estimates removed; remaining estimates unchanged)","mid-March payroll employment at employer establishments, classified by enterprise (firm) employment size; primary split firms <500 vs 500+ employees (SBA cutoff)","U.S. Census Bureau, Statistics of U.S. Businesses (SUSB), 2022 Annual Datasets by Establishment Industry — msa_3digitnaics_2022.txt (all-industry NAICS=--, enterprise employment size); reference year 2022; MSA dataset originally released 2025-05-29, revised 2025-07-22 (extraneous estimates removed; remaining estimates unchanged); measures mid-March payroll employment at employer establishments, classified by enterprise (firm) employment size; primary split firms <500 vs 500+ employees (SBA cutoff). File: https://www2.census.gov/programs-surveys/susb/datasets/2022/msa_3digitnaics_2022.txt Landing page: https://www.census.gov/data/datasets/2022/econ/susb/2022-susb.html",195277,8033,10003,12737,30654,21660,61427,83087,112190,4.113643695878163,5.122467059612755,6.5225295349682755,15.697701214172689,11.091936070300138,31.456341504631883,42.54827757493202,57.45172242506798,False,195277,0,195277,0,
12420,"Austin-Round Rock-San Marcos, TX Metro Area",metro,2022,standard_01_09,RETRIEVED,U.S. Census Bureau,Statistics of U.S. Businesses (SUSB),U.S. Census Bureau Statistics of U.S. Businesses (SUSB) 2022,msa_3digitnaics_2022.txt,https://www2.census.gov/programs-surveys/susb/datasets/2022/msa_3digitnaics_2022.txt,https://www.census.gov/data/datasets/2022/econ/susb/2022-susb.html,"reference year 2022; MSA dataset originally released 2025-05-29, revised 2025-07-22 (extraneous estimates removed; remaining estimates unchanged)","mid-March payroll employment at employer establishments, classified by enterprise (firm) employment size; primary split firms <500 vs 500+ employees (SBA cutoff)","U.S. Census Bureau, Statistics of U.S. Businesses (SUSB), 2022 Annual Datasets by Establishment Industry — msa_3digitnaics_2022.txt (all-industry NAICS=--, enterprise employment size); reference year 2022; MSA dataset originally released 2025-05-29, revised 2025-07-22 (extraneous estimates removed; remaining estimates unchanged); measures mid-March payroll employment at employer establishments, classified by enterprise (firm) employment size; primary split firms <500 vs 500+ employees (SBA cutoff). File: https://www2.census.gov/programs-surveys/susb/datasets/2022/msa_3digitnaics_2022.txt Landing page: https://www.census.gov/data/datasets/2022/econ/susb/2022-susb.html",985636,47596,48560,65626,172345,139929,334127,474056,511580,4.828963227804179,4.926768096944511,6.658238944194409,17.48566407882829,14.196823167984936,33.89963434777139,48.09645751575632,51.90354248424368,False,985636,0,985636,0,
12540,"Bakersfield-Delano, CA Metro Area",metro,2022,standard_01_09,RETRIEVED,U.S. Census Bureau,Statistics of U.S. Businesses (SUSB),U.S. Census Bureau Statistics of U.S. Businesses (SUSB) 2022,msa_3digitnaics_2022.txt,https://www2.census.gov/programs-surveys/susb/datasets/2022/msa_3digitnaics_2022.txt,https://www.census.gov/data/datasets/2022/econ/susb/2022-susb.html,"reference year 2022; MSA dataset originally released 2025-05-29, revised 2025-07-22 (extraneous estimates removed; remaining estimates unchanged)","mid-March payroll employment at employer establishments, classified by enterprise (firm) employment size; primary split firms <500 vs 500+ employees (SBA cutoff)","U.S. Census Bureau, Statistics of U.S. Businesses (SUSB), 2022 Annual Datasets by Establishment Industry — msa_3digitnaics_2022.txt (all-industry NAICS=--, enterprise employment size); reference year 2022; MSA dataset originally released 2025-05-29, revised 2025-07-22 (extraneous estimates removed; remaining estimates unchanged); measures mid-March payroll employment at employer establishments, classified by enterprise (firm) employment size; primary split firms <500 vs 500+ employees (SBA cutoff). File: https://www2.census.gov/programs-surveys/susb/datasets/2022/msa_3digitnaics_2022.txt Landing page: https://www.census.gov/data/datasets/2022/econ/susb/2022-susb.html",206892,10163,12076,17391,40320,32495,79950,112445,94447,4.91222473561085,5.836861744291708,8.405834928368424,19.4884287454324,15.706262204435165,38.64335015370338,54.34961235813854,45.65038764186146,False,206892,0,206892,0,
12580,"Baltimore-Columbia-Towson, MD Metro Area",metro,2022,standard_01_09,RETRIEVED,U.S. Census Bureau,Statistics of U.S. Businesses (SUSB),U.S. Census Bureau Statistics of U.S. Businesses (SUSB) 2022,msa_3digitnaics_2022.txt,https://www2.census.gov/programs-surveys/susb/datasets/2022/msa_3digitnaics_2022.txt,https://www.census.gov/data/datasets/2022/econ/susb/2022-susb.html,"reference year 2022; MSA dataset originally released 2025-05-29, revised 2025-07-22 (extraneous estimates removed; remaining estimates unchanged)","mid-March payroll employment at employer establishments, classified by enterprise (firm) employment size; primary split firms <500 vs 500+ employees (SBA cutoff)","U.S. Census Bureau, Statistics of U.S. Businesses (SUSB), 2022 Annual Datasets by Establishment Industry — msa_3digitnaics_2022.txt (all-industry NAICS=--, enterprise employment size); reference year 2022; MSA dataset originally released 2025-05-29, revised 2025-07-22 (extraneous estimates removed; remaining estimates unchanged); measures mid-March payroll employment at employer establishments, classified by enterprise (firm) employment size; primary split firms <500 vs 500+ employees (SBA cutoff). File: https://www2.census.gov/programs-surveys/susb/datasets/2022/msa_3digitnaics_2022.txt Landing page: https://www.census.gov/data/datasets/2022/econ/susb/2022-susb.html",1188401,50525,57112,80500,217339,173866,405476,579342,609059,4.251511064026368,4.805785252620959,6.7738078308584395,18.28835552982537,14.630246861118428,34.119459677331136,48.749706538449566,51.250293461550434,False,1188401,0,1188401,0,
12620,"Bangor, ME Metro Area",metro,2022,standard_01_09,RETRIEVED,U.S. Census Bureau,Statistics of U.S. Businesses (SUSB),U.S. Census Bureau Statistics of U.S. Businesses (SUSB) 2022,msa_3digitnaics_2022.txt,https://www2.census.gov/programs-surveys/susb/datasets/2022/msa_3digitnaics_2022.txt,https://www.census.gov/data/datasets/2022/econ/susb/2022-susb.html,"reference year 2022; MSA dataset originally released 2025-05-29, revised 2025-07-22 (extraneous estimates removed; remaining estimates unchanged)","mid-March payroll employment at employer establishments, classified by enterprise (firm) employment size; primary split firms <500 vs 500+ employees (SBA cutoff)","U.S. Census Bureau, Statistics of U.S. Businesses (SUSB), 2022 Annual Datasets by Establishment Industry — msa_3digitnaics_2022.txt (all-industry NAICS=--, enterprise employment size); reference year 2022; MSA dataset originally released 2025-05-29, revised 2025-07-22 (extraneous estimates removed; remaining estimates unchanged); measures mid-March payroll employment at employer establishments, classified by enterprise (firm) employment size; primary split firms <500 vs 500+ employees (SBA cutoff). File: https://www2.census.gov/programs-surveys/susb/datasets/2022/msa_3digitnaics_2022.txt Landing page: https://www.census.gov/data/datasets/2022/econ/susb/2022-susb.html",59149,3023,3694,4417,12216,9815,23350,33165,25984,5.110821822854148,6.245245059088066,7.467581869515969,20.652927352956095,16.59368712911461,39.47657610441428,56.070263233528884,43.929736766471116,False,59149,0,59149,0,
12700,"Barnstable Town, MA Metro Area",metro,2022,standard_01_09,RETRIEVED,U.S. Census Bureau,Statistics of U.S. Businesses (SUSB),U.S. Census Bureau Statistics of U.S. Businesses (SUSB) 2022,msa_3digitnaics_2022.txt,https://www2.census.gov/programs-surveys/susb/datasets/2022/msa_3digitnaics_2022.txt,https://www.census.gov/data/datasets/2022/econ/susb/2022-susb.html,"reference year 2022; MSA dataset originally released 2025-05-29, revised 2025-07-22 (extraneous estimates removed; remaining estimates unchanged)","mid-March payroll employment at employer establishments, classified by enterprise (firm) employment size; primary split firms <500 vs 500+ employees (SBA cutoff)","U.S. Census Bureau, Statistics of U.S. Businesses (SUSB), 2022 Annual Datasets by Establishment Industry — msa_3digitnaics_2022.txt (all-industry NAICS=--, enterprise employment size); reference year 2022; MSA dataset originally released 2025-05-29, revised 2025-07-22 (extraneous estimates removed; remaining estimates unchanged); measures mid-March payroll employment at employer establishments, classified by enterprise (firm) employment size; primary split firms <500 vs 500+ employees (SBA cutoff). File: https://www2.census.gov/programs-surveys/susb/datasets/2022/msa_3digitnaics_2022.txt Landing page: https://www.census.gov/data/datasets/2022/econ/susb/2022-susb.html",76094,7550,8092,8679,17022,10248,41343,51591,24503,9.921938654821668,10.634215575472442,11.405629878834073,22.369700633427076,13.467553289352642,54.33148474255526,67.7990380319079,32.200961968092095,False,76094,0,76094,0,
12940,"Baton Rouge, LA Metro Area",metro,2022,standard_01_09,RETRIEVED,U.S. Census Bureau,Statistics of U.S. Businesses (SUSB),U.S. Census Bureau Statistics of U.S. Businesses (SUSB) 2022,msa_3digitnaics_2022.txt,https://www2.census.gov/programs-surveys/susb/datasets/2022/msa_3digitnaics_2022.txt,https://www.census.gov/data/datasets/2022/econ/susb/2022-susb.html,"reference year 2022; MSA dataset originally released 2025-05-29, revised 2025-07-22 (extraneous estimates removed; remaining estimates unchanged)","mid-March payroll employment at employer establishments, classified by enterprise (firm) employment size; primary split firms <500 vs 500+ employees (SBA cutoff)","U.S. Census Bureau, Statistics of U.S. Businesses (SUSB), 2022 Annual Datasets by Establishment Industry — msa_3digitnaics_2022.txt (all-industry NAICS=--, enterprise employment size); reference year 2022; MSA dataset originally released 2025-05-29, revised 2025-07-22 (extraneous estimates removed; remaining estimates unchanged); measures mid-March payroll employment at employer establishments, classified by enterprise (firm) employment size; primary split firms <500 vs 500+ employees (SBA cutoff). File: https://www2.census.gov/programs-surveys/susb/datasets/2022/msa_3digitnaics_2022.txt Landing page: https://www.census.gov/data/datasets/2022/econ/susb/2022-susb.html",340218,13813,17170,22217,64483,51807,117683,169490,170728,4.060043854234638,5.0467641335849365,6.530224738256059,18.953435738261938,15.22758936916918,34.59046846433757,49.81805783350675,50.18194216649325,False,340218,0,340218,0,
12980,"Battle Creek, MI Metro Area",metro,2022,standard_01_09,RETRIEVED,U.S. Census Bureau,Statistics of U.S. Businesses (SUSB),U.S. Census Bureau Statistics of U.S. Businesses (SUSB) 2022,msa_3digitnaics_2022.txt,https://www2.census.gov/programs-surveys/susb/datasets/2022/msa_3digitnaics_2022.txt,https://www.census.gov/data/datasets/2022/econ/susb/2022-susb.html,"reference year 2022; MSA dataset originally released 2025-05-29, revised 2025-07-22 (extraneous estimates removed; remaining estimates unchanged)","mid-March payroll employment at employer establishments, classified by enterprise (firm) employment size; primary split firms <500 vs 500+ employees (SBA cutoff)","U.S. Census Bureau, Statistics of U.S. Businesses (SUSB), 2022 Annual Datasets by Establishment Industry — msa_3digitnaics_2022.txt (all-industry NAICS=--, enterprise employment size); reference year 2022; MSA dataset originally released 2025-05-29, revised 2025-07-22 (extraneous estimates removed; remaining estimates unchanged); measures mid-March payroll employment at employer establishments, classified by enterprise (firm) employment size; primary split firms <500 vs 500+ employees (SBA cutoff). File: https://www2.census.gov/programs-surveys/susb/datasets/2022/msa_3digitnaics_2022.txt Landing page: https://www.census.gov/data/datasets/2022/econ/susb/2022-susb.html",47549,1662,2117,2989,7558,4957,14326,19283,28266,3.495341647563566,4.452249258659488,6.286146922122442,15.895181812446108,10.42503522681865,30.128919640791604,40.55395486761025,59.44604513238975,False,47549,0,47549,0,
13020,"Bay City, MI Metro Area",metro,2022,standard_01_09,RETRIEVED,U.S. Census Bureau,Statistics of U.S. Businesses (SUSB),U.S. Census Bureau Statistics of U.S. Businesses (SUSB) 2022,msa_3digitnaics_2022.txt,https://www2.census.gov/programs-surveys/susb/datasets/2022/msa_3digitnaics_2022.txt,https://www.census.gov/data/datasets/2022/econ/susb/2022-susb.html,"reference year 2022; MSA dataset originally released 2025-05-29, revised 2025-07-22 (extraneous estimates removed; remaining estimates unchanged)","mid-March payroll employment at employer establishments, classified by enterprise (firm) employment size; primary split firms <500 vs 500+ employees (SBA cutoff)","U.S. Census Bureau, Statistics of U.S. Businesses (SUSB), 2022 Annual Datasets by Establishment Industry — msa_3digitnaics_2022.txt (all-industry NAICS=--, enterprise employment size); reference year 2022; MSA dataset originally released 2025-05-29, revised 2025-07-22 (extraneous estimates removed; remaining estimates unchanged); measures mid-March payroll employment at employer establishments, classified by enterprise (firm) employment size; primary split firms <500 vs 500+ employees (SBA cutoff). File: https://www2.census.gov/programs-surveys/susb/datasets/2022/msa_3digitnaics_2022.txt Landing page: https://www.census.gov/data/datasets/2022/econ/susb/2022-susb.html",28314,1248,2202,2733,6812,4395,12995,17390,10924,4.40771349862259,7.77707141343505,9.652468743377835,24.058769513314967,15.52235643144734,45.89602316875044,61.41837960019778,38.58162039980222,False,28314,0,28314,0,
13140,"Beaumont-Port Arthur, TX Metro Area",metro,2022,standard_01_09,RETRIEVED,U.S. Census Bureau,Statistics of U.S. Businesses (SUSB),U.S. Census Bureau Statistics of U.S. Businesses (SUSB) 2022,msa_3digitnaics_2022.txt,https://www2.census.gov/programs-surveys/susb/datasets/2022/msa_3digitnaics_2022.txt,https://www.census.gov/data/datasets/2022/econ/susb/2022-susb.html,"reference year 2022; MSA dataset originally released 2025-05-29, revised 2025-07-22 (extraneous estimates removed; remaining estimates unchanged)","mid-March payroll employment at employer establishments, classified by enterprise (firm) employment size; primary split firms <500 vs 500+ employees (SBA cutoff)","U.S. Census Bureau, Statistics of U.S. Businesses (SUSB), 2022 Annual Datasets by Establishment Industry — msa_3digitnaics_2022.txt (all-industry NAICS=--, enterprise employment size); reference year 2022; MSA dataset originally released 2025-05-29, revised 2025-07-22 (extraneous estimates removed; remaining estimates unchanged); measures mid-March payroll employment at employer establishments, classified by enterprise (firm) employment size; primary split firms <500 vs 500+ employees (SBA cutoff). File: https://www2.census.gov/programs-surveys/susb/datasets/2022/msa_3digitnaics_2022.txt Landing page: https://www.census.gov/data/datasets/2022/econ/susb/2022-susb.html",127346,5565,7012,8734,22189,21399,43500,64899,62447,4.369984137703579,5.5062585397264145,6.858480046487522,17.42418293468189,16.803825797433763,34.15890565859941,50.96273145603317,49.03726854396683,False,127346,0,127346,0,
13220,"Beckley, WV Metro Area",metro,2022,standard_01_09,RETRIEVED,U.S. Census Bureau,Statistics of U.S. Businesses (SUSB),U.S. Census Bureau Statistics of U.S. Businesses (SUSB) 2022,msa_3digitnaics_2022.txt,https://www2.census.gov/programs-surveys/susb/datasets/2022/msa_3digitnaics_2022.txt,https://www.census.gov/data/datasets/2022/econ/susb/2022-susb.html,"reference year 2022; MSA dataset originally released 2025-05-29, revised 2025-07-22 (extraneous estimates removed; remaining estimates unchanged)","mid-March payroll employment at employer establishments, classified by enterprise (firm) employment size; primary split firms <500 vs 500+ employees (SBA cutoff)","U.S. Census Bureau, Statistics of U.S. Businesses (SUSB), 2022 Annual Datasets by Establishment Industry — msa_3digitnaics_2022.txt (all-industry NAICS=--, enterprise employment size); reference year 2022; MSA dataset originally released 2025-05-29, revised 2025-07-22 (extraneous estimates removed; remaining estimates unchanged); measures mid-March payroll employment at employer establishments, classified by enterprise (firm) employment size; primary split firms <500 vs 500+ employees (SBA cutoff). File: https://www2.census.gov/programs-surveys/susb/datasets/2022/msa_3digitnaics_2022.txt Landing page: https://www.census.gov/data/datasets/2022/econ/susb/2022-susb.html",32640,1677,1815,2537,5193,4895,11222,16117,16523,5.137867647058823,5.560661764705882,7.772671568627451,15.909926470588236,14.996936274509803,34.381127450980394,49.37806372549019,50.62193627450981,False,32640,0,32640,0,
13380,"Bellingham, WA Metro Area",metro,2022,standard_01_09,RETRIEVED,U.S. Census Bureau,Statistics of U.S. Businesses (SUSB),U.S. Census Bureau Statistics of U.S. Businesses (SUSB) 2022,msa_3digitnaics_2022.txt,https://www2.census.gov/programs-surveys/susb/datasets/2022/msa_3digitnaics_2022.txt,https://www.census.gov/data/datasets/2022/econ/susb/2022-susb.html,"reference year 2022; MSA dataset originally released 2025-05-29, revised 2025-07-22 (extraneous estimates removed; remaining estimates unchanged)","mid-March payroll employment at employer establishments, classified by enterprise (firm) employment size; primary split firms <500 vs 500+ employees (SBA cutoff)","U.S. Census Bureau, Statistics of U.S. Businesses (SUSB), 2022 Annual Datasets by Establishment Industry — msa_3digitnaics_2022.txt (all-industry NAICS=--, enterprise employment size); reference year 2022; MSA dataset originally released 2025-05-29, revised 2025-07-22 (extraneous estimates removed; remaining estimates unchanged); measures mid-March payroll employment at employer establishments, classified by enterprise (firm) employment size; primary split firms <500 vs 500+ employees (SBA cutoff). File: https://www2.census.gov/programs-surveys/susb/datasets/2022/msa_3digitnaics_2022.txt Landing page: https://www.census.gov/data/datasets/2022/econ/susb/2022-susb.html",78565,5795,6464,8663,18864,13605,39786,53391,25174,7.376058041112454,8.227582256730097,11.026538534971044,24.010691783873227,17.316871380385667,50.64087061668682,67.95774199707249,32.04225800292751,False,78565,0,78565,0,
13460,"Bend, OR Metro Area",metro,2022,standard_01_09,RETRIEVED,U.S. Census Bureau,Statistics of U.S. Businesses (SUSB),U.S. Census Bureau Statistics of U.S. Businesses (SUSB) 2022,msa_3digitnaics_2022.txt,https://www2.census.gov/programs-surveys/susb/datasets/2022/msa_3digitnaics_2022.txt,https://www.census.gov/data/datasets/2022/econ/susb/2022-susb.html,"reference year 2022; MSA dataset originally released 2025-05-29, revised 2025-07-22 (extraneous estimates removed; remaining estimates unchanged)","mid-March payroll employment at employer establishments, classified by enterprise (firm) employment size; primary split firms <500 vs 500+ employees (SBA cutoff)","U.S. Census Bureau, Statistics of U.S. Businesses (SUSB), 2022 Annual Datasets by Establishment Industry — msa_3digitnaics_2022.txt (all-industry NAICS=--, enterprise employment size); reference year 2022; MSA dataset originally released 2025-05-29, revised 2025-07-22 (extraneous estimates removed; remaining estimates unchanged); measures mid-March payroll employment at employer establishments, classified by enterprise (firm) employment size; primary split firms <500 vs 500+ employees (SBA cutoff). File: https://www2.census.gov/programs-surveys/susb/datasets/2022/msa_3digitnaics_2022.txt Landing page: https://www.census.gov/data/datasets/2022/econ/susb/2022-susb.html",87450,8168,8095,10467,21098,10299,47828,58127,29323,9.34019439679817,9.256718124642653,11.969125214408233,24.12578616352201,11.777015437392796,54.691823899371066,66.46883933676386,33.531160663236136,False,87450,0,87450,0,
13740,"Billings, MT Metro Area",metro,2022,standard_01_09,RETRIEVED,U.S. Census Bureau,Statistics of U.S. Businesses (SUSB),U.S. Census Bureau Statistics of U.S. Businesses (SUSB) 2022,msa_3digitnaics_2022.txt,https://www2.census.gov/programs-surveys/susb/datasets/2022/msa_3digitnaics_2022.txt,https://www.census.gov/data/datasets/2022/econ/susb/2022-susb.html,"reference year 2022; MSA dataset originally released 2025-05-29, revised 2025-07-22 (extraneous estimates removed; remaining estimates unchanged)","mid-March payroll employment at employer establishments, classified by enterprise (firm) employment size; primary split firms <500 vs 500+ employees (SBA cutoff)","U.S. Census Bureau, Statistics of U.S. Businesses (SUSB), 2022 Annual Datasets by Establishment Industry — msa_3digitnaics_2022.txt (all-industry NAICS=--, enterprise employment size); reference year 2022; MSA dataset originally released 2025-05-29, revised 2025-07-22 (extraneous estimates removed; remaining estimates unchanged); measures mid-March payroll employment at employer establishments, classified by enterprise (firm) employment size; primary split firms <500 vs 500+ employees (SBA cutoff). File: https://www2.census.gov/programs-surveys/susb/datasets/2022/msa_3digitnaics_2022.txt Landing page: https://www.census.gov/data/datasets/2022/econ/susb/2022-susb.html",78459,5098,5525,7285,15654,12398,33562,45960,32499,6.4976611988427075,7.041894492664959,9.285104322002574,19.951821970710817,15.801883786436228,42.77648198422106,58.578365770657285,41.421634229342715,False,78459,0,78459,0,
13780,"Binghamton, NY Metro Area",metro,2022,standard_01_09,RETRIEVED,U.S. Census Bureau,Statistics of U.S. Businesses (SUSB),U.S. Census Bureau Statistics of U.S. Businesses (SUSB) 2022,msa_3digitnaics_2022.txt,https://www2.census.gov/programs-surveys/susb/datasets/2022/msa_3digitnaics_2022.txt,https://www.census.gov/data/datasets/2022/econ/susb/2022-susb.html,"reference year 2022; MSA dataset originally released 2025-05-29, revised 2025-07-22 (extraneous estimates removed; remaining estimates unchanged)","mid-March payroll employment at employer establishments, classified by enterprise (firm) employment size; primary split firms <500 vs 500+ employees (SBA cutoff)","U.S. Census Bureau, Statistics of U.S. Businesses (SUSB), 2022 Annual Datasets by Establishment Industry — msa_3digitnaics_2022.txt (all-industry NAICS=--, enterprise employment size); reference year 2022; MSA dataset originally released 2025-05-29, revised 2025-07-22 (extraneous estimates removed; remaining estimates unchanged); measures mid-March payroll employment at employer establishments, classified by enterprise (firm) employment size; primary split firms <500 vs 500+ employees (SBA cutoff). File: https://www2.census.gov/programs-surveys/susb/datasets/2022/msa_3digitnaics_2022.txt Landing page: https://www.census.gov/data/datasets/2022/econ/susb/2022-susb.html",78629,3234,3946,5778,13224,11020,26182,37202,41427,4.112986302763612,5.0185046229762555,7.348433783972834,16.818222284398885,14.015185236999072,33.29814699411159,47.31333223111066,52.68666776888934,False,78629,0,78629,0,
13820,"Birmingham, AL Metro Area",metro,2022,standard_01_09,RETRIEVED,U.S. Census Bureau,Statistics of U.S. Businesses (SUSB),U.S. Census Bureau Statistics of U.S. Businesses (SUSB) 2022,msa_3digitnaics_2022.txt,https://www2.census.gov/programs-surveys/susb/datasets/2022/msa_3digitnaics_2022.txt,https://www.census.gov/data/datasets/2022/econ/susb/2022-susb.html,"reference year 2022; MSA dataset originally released 2025-05-29, revised 2025-07-22 (extraneous estimates removed; remaining estimates unchanged)","mid-March payroll employment at employer establishments, classified by enterprise (firm) employment size; primary split firms <500 vs 500+ employees (SBA cutoff)","U.S. Census Bureau, Statistics of U.S. Businesses (SUSB), 2022 Annual Datasets by Establishment Industry — msa_3digitnaics_2022.txt (all-industry NAICS=--, enterprise employment size); reference year 2022; MSA dataset originally released 2025-05-29, revised 2025-07-22 (extraneous estimates removed; remaining estimates unchanged); measures mid-March payroll employment at employer establishments, classified by enterprise (firm) employment size; primary split firms <500 vs 500+ employees (SBA cutoff). File: https://www2.census.gov/programs-surveys/susb/datasets/2022/msa_3digitnaics_2022.txt Landing page: https://www.census.gov/data/datasets/2022/econ/susb/2022-susb.html",470623,19568,22616,28146,77143,63408,147473,210881,259742,4.1578928356667655,4.8055449903638365,5.9805831844172515,16.391676564893768,13.473204667005225,31.335697575341623,44.808902242346846,55.191097757653154,False,470623,0,470623,0,
13900,"Bismarck, ND Metro Area",metro,2022,standard_01_09,RETRIEVED,U.S. Census Bureau,Statistics of U.S. Businesses (SUSB),U.S. Census Bureau Statistics of U.S. Businesses (SUSB) 2022,msa_3digitnaics_2022.txt,https://www2.census.gov/programs-surveys/susb/datasets/2022/msa_3digitnaics_2022.txt,https://www.census.gov/data/datasets/2022/econ/susb/2022-susb.html,"reference year 2022; MSA dataset originally released 2025-05-29, revised 2025-07-22 (extraneous estimates removed; remaining estimates unchanged)","mid-March payroll employment at employer establishments, classified by enterprise (firm) employment size; primary split firms <500 vs 500+ employees (SBA cutoff)","U.S. Census Bureau, Statistics of U.S. Businesses (SUSB), 2022 Annual Datasets by Establishment Industry — msa_3digitnaics_2022.txt (all-industry NAICS=--, enterprise employment size); reference year 2022; MSA dataset originally released 2025-05-29, revised 2025-07-22 (extraneous estimates removed; remaining estimates unchanged); measures mid-March payroll employment at employer establishments, classified by enterprise (firm) employment size; primary split firms <500 vs 500+ employees (SBA cutoff). File: https://www2.census.gov/programs-surveys/susb/datasets/2022/msa_3digitnaics_2022.txt Landing page: https://www.census.gov/data/datasets/2022/econ/susb/2022-susb.html",58256,2972,3408,5009,10655,9365,22044,31409,26847,5.101620433946718,5.850041197473222,8.598255973633616,18.289961549024994,16.075597363361712,37.83987915407855,53.91547651744026,46.08452348255974,False,58256,0,58256,0,
13980,"Blacksburg-Christiansburg-Radford, VA Metro Area",metro,2022,standard_01_09,RETRIEVED,U.S. Census Bureau,Statistics of U.S. Businesses (SUSB),U.S. Census Bureau Statistics of U.S. Businesses (SUSB) 2022,msa_3digitnaics_2022.txt,https://www2.census.gov/programs-surveys/susb/datasets/2022/msa_3digitnaics_2022.txt,https://www.census.gov/data/datasets/2022/econ/susb/2022-susb.html,"reference year 2022; MSA dataset originally released 2025-05-29, revised 2025-07-22 (extraneous estimates removed; remaining estimates unchanged)","mid-March payroll employment at employer establishments, classified by enterprise (firm) employment size; primary split firms <500 vs 500+ employees (SBA cutoff)","U.S. Census Bureau, Statistics of U.S. Businesses (SUSB), 2022 Annual Datasets by Establishment Industry — msa_3digitnaics_2022.txt (all-industry NAICS=--, enterprise employment size); reference year 2022; MSA dataset originally released 2025-05-29, revised 2025-07-22 (extraneous estimates removed; remaining estimates unchanged); measures mid-March payroll employment at employer establishments, classified by enterprise (firm) employment size; primary split firms <500 vs 500+ employees (SBA cutoff). File: https://www2.census.gov/programs-surveys/susb/datasets/2022/msa_3digitnaics_2022.txt Landing page: https://www.census.gov/data/datasets/2022/econ/susb/2022-susb.html",55143,2570,3283,4195,8200,6969,18248,25217,29926,4.66060968753967,5.953611519141142,7.607493244836153,14.870427796819179,12.638050160491812,33.092142248336145,45.73019240882795,54.26980759117205,False,55143,0,55143,0,
14010,"Bloomington, IL Metro Area",metro,2022,standard_01_09,RETRIEVED,U.S. Census Bureau,Statistics of U.S. Businesses (SUSB),U.S. Census Bureau Statistics of U.S. Businesses (SUSB) 2022,msa_3digitnaics_2022.txt,https://www2.census.gov/programs-surveys/susb/datasets/2022/msa_3digitnaics_2022.txt,https://www.census.gov/data/datasets/2022/econ/susb/2022-susb.html,"reference year 2022; MSA dataset originally released 2025-05-29, revised 2025-07-22 (extraneous estimates removed; remaining estimates unchanged)","mid-March payroll employment at employer establishments, classified by enterprise (firm) employment size; primary split firms <500 vs 500+ employees (SBA cutoff)","U.S. Census Bureau, Statistics of U.S. Businesses (SUSB), 2022 Annual Datasets by Establishment Industry — msa_3digitnaics_2022.txt (all-industry NAICS=--, enterprise employment size); reference year 2022; MSA dataset originally released 2025-05-29, revised 2025-07-22 (extraneous estimates removed; remaining estimates unchanged); measures mid-March payroll employment at employer establishments, classified by enterprise (firm) employment size; primary split firms <500 vs 500+ employees (SBA cutoff). File: https://www2.census.gov/programs-surveys/susb/datasets/2022/msa_3digitnaics_2022.txt Landing page: https://www.census.gov/data/datasets/2022/econ/susb/2022-susb.html",74674,2183,3060,4393,10383,7598,20019,27617,47057,2.9233735972359858,4.097811822053191,5.882904357607735,13.904437956986367,10.174893537241879,26.80852773388328,36.98342127112516,63.01657872887484,False,74674,0,74674,0,
14020,"Bloomington, IN Metro Area",metro,2022,standard_01_09,RETRIEVED,U.S. Census Bureau,Statistics of U.S. Businesses (SUSB),U.S. Census Bureau Statistics of U.S. Businesses (SUSB) 2022,msa_3digitnaics_2022.txt,https://www2.census.gov/programs-surveys/susb/datasets/2022/msa_3digitnaics_2022.txt,https://www.census.gov/data/datasets/2022/econ/susb/2022-susb.html,"reference year 2022; MSA dataset originally released 2025-05-29, revised 2025-07-22 (extraneous estimates removed; remaining estimates unchanged)","mid-March payroll employment at employer establishments, classified by enterprise (firm) employment size; primary split firms <500 vs 500+ employees (SBA cutoff)","U.S. Census Bureau, Statistics of U.S. Businesses (SUSB), 2022 Annual Datasets by Establishment Industry — msa_3digitnaics_2022.txt (all-industry NAICS=--, enterprise employment size); reference year 2022; MSA dataset originally released 2025-05-29, revised 2025-07-22 (extraneous estimates removed; remaining estimates unchanged); measures mid-March payroll employment at employer establishments, classified by enterprise (firm) employment size; primary split firms <500 vs 500+ employees (SBA cutoff). File: https://www2.census.gov/programs-surveys/susb/datasets/2022/msa_3digitnaics_2022.txt Landing page: https://www.census.gov/data/datasets/2022/econ/susb/2022-susb.html",57316,2471,3008,4302,9311,8526,19092,27618,29698,4.311187103077675,5.248098262265336,7.505757554609533,16.245027566473585,14.87542745481192,33.31007048642613,48.18549794123805,51.81450205876195,False,57316,0,57316,0,
14260,"Boise City, ID Metro Area",metro,2022,standard_01_09,RETRIEVED,U.S. Census Bureau,Statistics of U.S. Businesses (SUSB),U.S. Census Bureau Statistics of U.S. Businesses (SUSB) 2022,msa_3digitnaics_2022.txt,https://www2.census.gov/programs-surveys/susb/datasets/2022/msa_3digitnaics_2022.txt,https://www.census.gov/data/datasets/2022/econ/susb/2022-susb.html,"reference year 2022; MSA dataset originally released 2025-05-29, revised 2025-07-22 (extraneous estimates removed; remaining estimates unchanged)","mid-March payroll employment at employer establishments, classified by enterprise (firm) employment size; primary split firms <500 vs 500+ employees (SBA cutoff)","U.S. Census Bureau, Statistics of U.S. Businesses (SUSB), 2022 Annual Datasets by Establishment Industry — msa_3digitnaics_2022.txt (all-industry NAICS=--, enterprise employment size); reference year 2022; MSA dataset originally released 2025-05-29, revised 2025-07-22 (extraneous estimates removed; remaining estimates unchanged); measures mid-March payroll employment at employer establishments, classified by enterprise (firm) employment size; primary split firms <500 vs 500+ employees (SBA cutoff). File: https://www2.census.gov/programs-surveys/susb/datasets/2022/msa_3digitnaics_2022.txt Landing page: https://www.census.gov/data/datasets/2022/econ/susb/2022-susb.html",310862,17596,19402,24738,59814,42961,121550,164511,146351,5.660389497590571,6.241354684715405,7.957871981779697,19.241335383546396,13.819958695498324,39.10095154763207,52.92091024313039,47.07908975686961,False,310862,0,310862,0,
14460,"Boston-Cambridge-Newton, MA-NH Metro Area",metro,2022,standard_01_09,RETRIEVED,U.S. Census Bureau,Statistics of U.S. Businesses (SUSB),U.S. Census Bureau Statistics of U.S. Businesses (SUSB) 2022,msa_3digitnaics_2022.txt,https://www2.census.gov/programs-surveys/susb/datasets/2022/msa_3digitnaics_2022.txt,https://www.census.gov/data/datasets/2022/econ/susb/2022-susb.html,"reference year 2022; MSA dataset originally released 2025-05-29, revised 2025-07-22 (extraneous estimates removed; remaining estimates unchanged)","mid-March payroll employment at employer establishments, classified by enterprise (firm) employment size; primary split firms <500 vs 500+ employees (SBA cutoff)","U.S. Census Bureau, Statistics of U.S. Businesses (SUSB), 2022 Annual Datasets by Establishment Industry — msa_3digitnaics_2022.txt (all-industry NAICS=--, enterprise employment size); reference year 2022; MSA dataset originally released 2025-05-29, revised 2025-07-22 (extraneous estimates removed; remaining estimates unchanged); measures mid-March payroll employment at employer establishments, classified by enterprise (firm) employment size; primary split firms <500 vs 500+ employees (SBA cutoff). File: https://www2.census.gov/programs-surveys/susb/datasets/2022/msa_3digitnaics_2022.txt Landing page: https://www.census.gov/data/datasets/2022/econ/susb/2022-susb.html",2599200,101534,116797,152082,414838,368625,785251,1153876,1445324,3.9063558017851645,4.493574946137273,5.8511080332409975,15.960218528778086,14.182248384118191,30.21125730994152,44.39350569405971,55.60649430594029,False,2599200,0,2599200,0,
14500,"Boulder, CO Metro Area",metro,2022,standard_01_09,RETRIEVED,U.S. Census Bureau,Statistics of U.S. Businesses (SUSB),U.S. Census Bureau Statistics of U.S. Businesses (SUSB) 2022,msa_3digitnaics_2022.txt,https://www2.census.gov/programs-surveys/susb/datasets/2022/msa_3digitnaics_2022.txt,https://www.census.gov/data/datasets/2022/econ/susb/2022-susb.html,"reference year 2022; MSA dataset originally released 2025-05-29, revised 2025-07-22 (extraneous estimates removed; remaining estimates unchanged)","mid-March payroll employment at employer establishments, classified by enterprise (firm) employment size; primary split firms <500 vs 500+ employees (SBA cutoff)","U.S. Census Bureau, Statistics of U.S. Businesses (SUSB), 2022 Annual Datasets by Establishment Industry — msa_3digitnaics_2022.txt (all-industry NAICS=--, enterprise employment size); reference year 2022; MSA dataset originally released 2025-05-29, revised 2025-07-22 (extraneous estimates removed; remaining estimates unchanged); measures mid-March payroll employment at employer establishments, classified by enterprise (firm) employment size; primary split firms <500 vs 500+ employees (SBA cutoff). File: https://www2.census.gov/programs-surveys/susb/datasets/2022/msa_3digitnaics_2022.txt Landing page: https://www.census.gov/data/datasets/2022/econ/susb/2022-susb.html",157001,10596,10204,12839,32988,23747,66627,90374,66627,6.749001598715932,6.49932166037159,8.177654919395417,21.011331138018228,15.125381366997662,42.43730931650117,57.56269068349883,42.43730931650117,False,157001,0,157001,0,
14540,"Bowling Green, KY Metro Area",metro,2022,standard_01_09,RETRIEVED,U.S. Census Bureau,Statistics of U.S. Businesses (SUSB),U.S. Census Bureau Statistics of U.S. Businesses (SUSB) 2022,msa_3digitnaics_2022.txt,https://www2.census.gov/programs-surveys/susb/datasets/2022/msa_3digitnaics_2022.txt,https://www.census.gov/data/datasets/2022/econ/susb/2022-susb.html,"reference year 2022; MSA dataset originally released 2025-05-29, revised 2025-07-22 (extraneous estimates removed; remaining estimates unchanged)","mid-March payroll employment at employer establishments, classified by enterprise (firm) employment size; primary split firms <500 vs 500+ employees (SBA cutoff)","U.S. Census Bureau, Statistics of U.S. Businesses (SUSB), 2022 Annual Datasets by Establishment Industry — msa_3digitnaics_2022.txt (all-industry NAICS=--, enterprise employment size); reference year 2022; MSA dataset originally released 2025-05-29, revised 2025-07-22 (extraneous estimates removed; remaining estimates unchanged); measures mid-March payroll employment at employer establishments, classified by enterprise (firm) employment size; primary split firms <500 vs 500+ employees (SBA cutoff). File: https://www2.census.gov/programs-surveys/susb/datasets/2022/msa_3digitnaics_2022.txt Landing page: https://www.census.gov/data/datasets/2022/econ/susb/2022-susb.html",64581,2305,3000,3790,10690,7356,19785,27141,37440,3.5691612084049487,4.645329121568263,5.868599123581239,16.552856103188244,11.390347006085381,30.635945556742694,42.026292562828075,57.973707437171925,False,64581,0,64581,0,
14580,"Bozeman, MT Metro Area",metro,2022,standard_01_09,RETRIEVED,U.S. Census Bureau,Statistics of U.S. Businesses (SUSB),U.S. Census Bureau Statistics of U.S. Businesses (SUSB) 2022,msa_3digitnaics_2022.txt,https://www2.census.gov/programs-surveys/susb/datasets/2022/msa_3digitnaics_2022.txt,https://www.census.gov/data/datasets/2022/econ/susb/2022-susb.html,"reference year 2022; MSA dataset originally released 2025-05-29, revised 2025-07-22 (extraneous estimates removed; remaining estimates unchanged)","mid-March payroll employment at employer establishments, classified by enterprise (firm) employment size; primary split firms <500 vs 500+ employees (SBA cutoff)","U.S. Census Bureau, Statistics of U.S. Businesses (SUSB), 2022 Annual Datasets by Establishment Industry — msa_3digitnaics_2022.txt (all-industry NAICS=--, enterprise employment size); reference year 2022; MSA dataset originally released 2025-05-29, revised 2025-07-22 (extraneous estimates removed; remaining estimates unchanged); measures mid-March payroll employment at employer establishments, classified by enterprise (firm) employment size; primary split firms <500 vs 500+ employees (SBA cutoff). File: https://www2.census.gov/programs-surveys/susb/datasets/2022/msa_3digitnaics_2022.txt Landing page: https://www.census.gov/data/datasets/2022/econ/susb/2022-susb.html",56303,5350,5412,7227,15670,8335,33659,41994,14309,9.502157966715805,9.612276432872138,12.835905724384135,27.831554268866668,14.803829280855371,59.781894392838744,74.58572367369412,25.41427632630588,False,56303,0,56303,0,
14740,"Bremerton-Silverdale-Port Orchard, WA Metro Area",metro,2022,standard_01_09,RETRIEVED,U.S. Census Bureau,Statistics of U.S. Businesses (SUSB),U.S. Census Bureau Statistics of U.S. Businesses (SUSB) 2022,msa_3digitnaics_2022.txt,https://www2.census.gov/programs-surveys/susb/datasets/2022/msa_3digitnaics_2022.txt,https://www.census.gov/data/datasets/2022/econ/susb/2022-susb.html,"reference year 2022; MSA dataset originally released 2025-05-29, revised 2025-07-22 (extraneous estimates removed; remaining estimates unchanged)","mid-March payroll employment at employer establishments, classified by enterprise (firm) employment size; primary split firms <500 vs 500+ employees (SBA cutoff)","U.S. Census Bureau, Statistics of U.S. Businesses (SUSB), 2022 Annual Datasets by Establishment Industry — msa_3digitnaics_2022.txt (all-industry NAICS=--, enterprise employment size); reference year 2022; MSA dataset originally released 2025-05-29, revised 2025-07-22 (extraneous estimates removed; remaining estimates unchanged); measures mid-March payroll employment at employer establishments, classified by enterprise (firm) employment size; primary split firms <500 vs 500+ employees (SBA cutoff). File: https://www2.census.gov/programs-surveys/susb/datasets/2022/msa_3digitnaics_2022.txt Landing page: https://www.census.gov/data/datasets/2022/econ/susb/2022-susb.html",62479,4785,5894,7378,13286,9135,31343,40478,22001,7.6585732806222895,9.433569679412283,11.808767745962644,21.264744954304646,14.620912626642552,50.16565566030186,64.78656828694442,35.213431713055584,False,62479,0,62479,0,
14860,"Bridgeport-Stamford-Danbury, CT Metro Area",metro,2022,standard_01_09,RETRIEVED,U.S. Census Bureau,Statistics of U.S. Businesses (SUSB),U.S. Census Bureau Statistics of U.S. Businesses (SUSB) 2022,msa_3digitnaics_2022.txt,https://www2.census.gov/programs-surveys/susb/datasets/2022/msa_3digitnaics_2022.txt,https://www.census.gov/data/datasets/2022/econ/susb/2022-susb.html,"reference year 2022; MSA dataset originally released 2025-05-29, revised 2025-07-22 (extraneous estimates removed; remaining estimates unchanged)","mid-March payroll employment at employer establishments, classified by enterprise (firm) employment size; primary split firms <500 vs 500+ employees (SBA cutoff)","U.S. Census Bureau, Statistics of U.S. Businesses (SUSB), 2022 Annual Datasets by Establishment Industry — msa_3digitnaics_2022.txt (all-industry NAICS=--, enterprise employment size); reference year 2022; MSA dataset originally released 2025-05-29, revised 2025-07-22 (extraneous estimates removed; remaining estimates unchanged); measures mid-March payroll employment at employer establishments, classified by enterprise (firm) employment size; primary split firms <500 vs 500+ employees (SBA cutoff). File: https://www2.census.gov/programs-surveys/susb/datasets/2022/msa_3digitnaics_2022.txt Landing page: https://www.census.gov/data/datasets/2022/econ/susb/2022-susb.html",398349,21065,23707,29326,70417,60153,144515,204668,193681,5.2880765359019355,5.951314048736158,7.361886185229535,17.677212695400264,15.100577634185099,36.278489465267896,51.37906709945299,48.62093290054701,False,398349,0,398349,0,
15180,"Brownsville-Harlingen, TX Metro Area",metro,2022,standard_01_09,RETRIEVED,U.S. Census Bureau,Statistics of U.S. Businesses (SUSB),U.S. Census Bureau Statistics of U.S. Businesses (SUSB) 2022,msa_3digitnaics_2022.txt,https://www2.census.gov/programs-surveys/susb/datasets/2022/msa_3digitnaics_2022.txt,https://www.census.gov/data/datasets/2022/econ/susb/2022-susb.html,"reference year 2022; MSA dataset originally released 2025-05-29, revised 2025-07-22 (extraneous estimates removed; remaining estimates unchanged)","mid-March payroll employment at employer establishments, classified by enterprise (firm) employment size; primary split firms <500 vs 500+ employees (SBA cutoff)","U.S. Census Bureau, Statistics of U.S. Businesses (SUSB), 2022 Annual Datasets by Establishment Industry — msa_3digitnaics_2022.txt (all-industry NAICS=--, enterprise employment size); reference year 2022; MSA dataset originally released 2025-05-29, revised 2025-07-22 (extraneous estimates removed; remaining estimates unchanged); measures mid-March payroll employment at employer establishments, classified by enterprise (firm) employment size; primary split firms <500 vs 500+ employees (SBA cutoff). File: https://www2.census.gov/programs-surveys/susb/datasets/2022/msa_3digitnaics_2022.txt Landing page: https://www.census.gov/data/datasets/2022/econ/susb/2022-susb.html",114735,4587,5474,8507,17593,20275,36161,56436,58299,3.997908223297163,4.770994029720661,7.414476837930884,15.333594805421187,17.671155270841503,31.516973896369898,49.1881291672114,50.8118708327886,False,114735,0,114735,0,
15260,"Brunswick-St. Simons, GA Metro Area",metro,2022,standard_01_09,RETRIEVED,U.S. Census Bureau,Statistics of U.S. Businesses (SUSB),U.S. Census Bureau Statistics of U.S. Businesses (SUSB) 2022,msa_3digitnaics_2022.txt,https://www2.census.gov/programs-surveys/susb/datasets/2022/msa_3digitnaics_2022.txt,https://www.census.gov/data/datasets/2022/econ/susb/2022-susb.html,"reference year 2022; MSA dataset originally released 2025-05-29, revised 2025-07-22 (extraneous estimates removed; remaining estimates unchanged)","mid-March payroll employment at employer establishments, classified by enterprise (firm) employment size; primary split firms <500 vs 500+ employees (SBA cutoff)","U.S. Census Bureau, Statistics of U.S. Businesses (SUSB), 2022 Annual Datasets by Establishment Industry — msa_3digitnaics_2022.txt (all-industry NAICS=--, enterprise employment size); reference year 2022; MSA dataset originally released 2025-05-29, revised 2025-07-22 (extraneous estimates removed; remaining estimates unchanged); measures mid-March payroll employment at employer establishments, classified by enterprise (firm) employment size; primary split firms <500 vs 500+ employees (SBA cutoff). File: https://www2.census.gov/programs-surveys/susb/datasets/2022/msa_3digitnaics_2022.txt Landing page: https://www.census.gov/data/datasets/2022/econ/susb/2022-susb.html",33489,2514,2777,3085,7421,3508,15797,19305,14184,7.506942578159993,8.292275075397892,9.21198005315178,22.159515064648094,10.47508137000209,47.170712771357756,57.64579414135985,42.35420585864015,False,33489,0,33489,0,
15380,"Buffalo-Cheektowaga, NY Metro Area",metro,2022,standard_01_09,RETRIEVED,U.S. Census Bureau,Statistics of U.S. Businesses (SUSB),U.S. Census Bureau Statistics of U.S. Businesses (SUSB) 2022,msa_3digitnaics_2022.txt,https://www2.census.gov/programs-surveys/susb/datasets/2022/msa_3digitnaics_2022.txt,https://www.census.gov/data/datasets/2022/econ/susb/2022-susb.html,"reference year 2022; MSA dataset originally released 2025-05-29, revised 2025-07-22 (extraneous estimates removed; remaining estimates unchanged)","mid-March payroll employment at employer establishments, classified by enterprise (firm) employment size; primary split firms <500 vs 500+ employees (SBA cutoff)","U.S. Census Bureau, Statistics of U.S. Businesses (SUSB), 2022 Annual Datasets by Establishment Industry — msa_3digitnaics_2022.txt (all-industry NAICS=--, enterprise employment size); reference year 2022; MSA dataset originally released 2025-05-29, revised 2025-07-22 (extraneous estimates removed; remaining estimates unchanged); measures mid-March payroll employment at employer establishments, classified by enterprise (firm) employment size; primary split firms <500 vs 500+ employees (SBA cutoff). File: https://www2.census.gov/programs-surveys/susb/datasets/2022/msa_3digitnaics_2022.txt Landing page: https://www.census.gov/data/datasets/2022/econ/susb/2022-susb.html",475093,19750,23776,31711,87300,73808,162537,236345,238748,4.157080824175477,5.00449385699221,6.674693165338155,18.375349668380718,15.535484631430057,34.21161751488656,49.747102146316614,50.252897853683386,False,475093,0,475093,0,
15500,"Burlington, NC Metro Area",metro,2022,standard_01_09,RETRIEVED,U.S. Census Bureau,Statistics of U.S. Businesses (SUSB),U.S. Census Bureau Statistics of U.S. Businesses (SUSB) 2022,msa_3digitnaics_2022.txt,https://www2.census.gov/programs-surveys/susb/datasets/2022/msa_3digitnaics_2022.txt,https://www.census.gov/data/datasets/2022/econ/susb/2022-susb.html,"reference year 2022; MSA dataset originally released 2025-05-29, revised 2025-07-22 (extraneous estimates removed; remaining estimates unchanged)","mid-March payroll employment at employer establishments, classified by enterprise (firm) employment size; primary split firms <500 vs 500+ employees (SBA cutoff)","U.S. Census Bureau, Statistics of U.S. Businesses (SUSB), 2022 Annual Datasets by Establishment Industry — msa_3digitnaics_2022.txt (all-industry NAICS=--, enterprise employment size); reference year 2022; MSA dataset originally released 2025-05-29, revised 2025-07-22 (extraneous estimates removed; remaining estimates unchanged); measures mid-March payroll employment at employer establishments, classified by enterprise (firm) employment size; primary split firms <500 vs 500+ employees (SBA cutoff). File: https://www2.census.gov/programs-surveys/susb/datasets/2022/msa_3digitnaics_2022.txt Landing page: https://www.census.gov/data/datasets/2022/econ/susb/2022-susb.html",57917,2602,3136,4357,10225,6847,20320,27167,30750,4.492636013605677,5.414645095567796,7.522834400953088,17.654574649930073,11.822090232574201,35.08469016005663,46.906780392630836,53.093219607369164,False,57917,0,57917,0,
15540,"Burlington-South Burlington, VT Metro Area",metro,2022,standard_01_09,RETRIEVED,U.S. Census Bureau,Statistics of U.S. Businesses (SUSB),U.S. Census Bureau Statistics of U.S. Businesses (SUSB) 2022,msa_3digitnaics_2022.txt,https://www2.census.gov/programs-surveys/susb/datasets/2022/msa_3digitnaics_2022.txt,https://www.census.gov/data/datasets/2022/econ/susb/2022-susb.html,"reference year 2022; MSA dataset originally released 2025-05-29, revised 2025-07-22 (extraneous estimates removed; remaining estimates unchanged)","mid-March payroll employment at employer establishments, classified by enterprise (firm) employment size; primary split firms <500 vs 500+ employees (SBA cutoff)","U.S. Census Bureau, Statistics of U.S. Businesses (SUSB), 2022 Annual Datasets by Establishment Industry — msa_3digitnaics_2022.txt (all-industry NAICS=--, enterprise employment size); reference year 2022; MSA dataset originally released 2025-05-29, revised 2025-07-22 (extraneous estimates removed; remaining estimates unchanged); measures mid-March payroll employment at employer establishments, classified by enterprise (firm) employment size; primary split firms <500 vs 500+ employees (SBA cutoff). File: https://www2.census.gov/programs-surveys/susb/datasets/2022/msa_3digitnaics_2022.txt Landing page: https://www.census.gov/data/datasets/2022/econ/susb/2022-susb.html",101120,5225,6527,8599,19725,20218,40076,60294,40826,5.167128164556962,6.4547072784810124,8.503757911392405,19.506526898734176,19.994066455696203,39.63212025316456,59.62618670886076,40.37381329113924,False,101120,0,101120,0,
15940,"Canton-Massillon, OH Metro Area",metro,2022,standard_01_09,RETRIEVED,U.S. Census Bureau,Statistics of U.S. Businesses (SUSB),U.S. Census Bureau Statistics of U.S. Businesses (SUSB) 2022,msa_3digitnaics_2022.txt,https://www2.census.gov/programs-surveys/susb/datasets/2022/msa_3digitnaics_2022.txt,https://www.census.gov/data/datasets/2022/econ/susb/2022-susb.html,"reference year 2022; MSA dataset originally released 2025-05-29, revised 2025-07-22 (extraneous estimates removed; remaining estimates unchanged)","mid-March payroll employment at employer establishments, classified by enterprise (firm) employment size; primary split firms <500 vs 500+ employees (SBA cutoff)","U.S. Census Bureau, Statistics of U.S. Businesses (SUSB), 2022 Annual Datasets by Establishment Industry — msa_3digitnaics_2022.txt (all-industry NAICS=--, enterprise employment size); reference year 2022; MSA dataset originally released 2025-05-29, revised 2025-07-22 (extraneous estimates removed; remaining estimates unchanged); measures mid-March payroll employment at employer establishments, classified by enterprise (firm) employment size; primary split firms <500 vs 500+ employees (SBA cutoff). File: https://www2.census.gov/programs-surveys/susb/datasets/2022/msa_3digitnaics_2022.txt Landing page: https://www.census.gov/data/datasets/2022/econ/susb/2022-susb.html",144239,5833,7829,10438,28014,23115,52114,75229,69010,4.043982556728762,5.427796920389077,7.2366003646725225,19.421931655100217,16.025485478962,36.13031149689058,52.15579697585258,47.84420302414742,False,144239,0,144239,0,
15980,"Cape Coral-Fort Myers, FL Metro Area",metro,2022,standard_01_09,RETRIEVED,U.S. Census Bureau,Statistics of U.S. Businesses (SUSB),U.S. Census Bureau Statistics of U.S. Businesses (SUSB) 2022,msa_3digitnaics_2022.txt,https://www2.census.gov/programs-surveys/susb/datasets/2022/msa_3digitnaics_2022.txt,https://www.census.gov/data/datasets/2022/econ/susb/2022-susb.html,"reference year 2022; MSA dataset originally released 2025-05-29, revised 2025-07-22 (extraneous estimates removed; remaining estimates unchanged)","mid-March payroll employment at employer establishments, classified by enterprise (firm) employment size; primary split firms <500 vs 500+ employees (SBA cutoff)","U.S. Census Bureau, Statistics of U.S. Businesses (SUSB), 2022 Annual Datasets by Establishment Industry — msa_3digitnaics_2022.txt (all-industry NAICS=--, enterprise employment size); reference year 2022; MSA dataset originally released 2025-05-29, revised 2025-07-22 (extraneous estimates removed; remaining estimates unchanged); measures mid-March payroll employment at employer establishments, classified by enterprise (firm) employment size; primary split firms <500 vs 500+ employees (SBA cutoff). File: https://www2.census.gov/programs-surveys/susb/datasets/2022/msa_3digitnaics_2022.txt Landing page: https://www.census.gov/data/datasets/2022/econ/susb/2022-susb.html",255271,18273,16184,20133,53310,34659,107900,142559,112712,7.15827493134747,6.339928938265608,7.886912340218826,20.883688315554842,13.577335459178677,42.26880452538675,55.846139984565426,44.153860015434574,False,255271,0,255271,0,
16020,"Cape Girardeau, MO-IL Metro Area",metro,2022,standard_01_09,RETRIEVED,U.S. Census Bureau,Statistics of U.S. Businesses (SUSB),U.S. Census Bureau Statistics of U.S. Businesses (SUSB) 2022,msa_3digitnaics_2022.txt,https://www2.census.gov/programs-surveys/susb/datasets/2022/msa_3digitnaics_2022.txt,https://www.census.gov/data/datasets/2022/econ/susb/2022-susb.html,"reference year 2022; MSA dataset originally released 2025-05-29, revised 2025-07-22 (extraneous estimates removed; remaining estimates unchanged)","mid-March payroll employment at employer establishments, classified by enterprise (firm) employment size; primary split firms <500 vs 500+ employees (SBA cutoff)","U.S. Census Bureau, Statistics of U.S. Businesses (SUSB), 2022 Annual Datasets by Establishment Industry — msa_3digitnaics_2022.txt (all-industry NAICS=--, enterprise employment size); reference year 2022; MSA dataset originally released 2025-05-29, revised 2025-07-22 (extraneous estimates removed; remaining estimates unchanged); measures mid-March payroll employment at employer establishments, classified by enterprise (firm) employment size; primary split firms <500 vs 500+ employees (SBA cutoff). File: https://www2.census.gov/programs-surveys/susb/datasets/2022/msa_3digitnaics_2022.txt Landing page: https://www.census.gov/data/datasets/2022/econ/susb/2022-susb.html",40333,1889,2212,3288,8505,5662,15894,21556,18777,4.683509781072571,5.484342845808643,8.152133488706518,21.086951131827536,14.03813254654997,39.406937247415264,53.44506979396524,46.55493020603476,False,40333,0,40333,0,
16180,"Carson City, NV Metro Area",metro,2022,standard_01_09,RETRIEVED,U.S. Census Bureau,Statistics of U.S. Businesses (SUSB),U.S. Census Bureau Statistics of U.S. Businesses (SUSB) 2022,msa_3digitnaics_2022.txt,https://www2.census.gov/programs-surveys/susb/datasets/2022/msa_3digitnaics_2022.txt,https://www.census.gov/data/datasets/2022/econ/susb/2022-susb.html,"reference year 2022; MSA dataset originally released 2025-05-29, revised 2025-07-22 (extraneous estimates removed; remaining estimates unchanged)","mid-March payroll employment at employer establishments, classified by enterprise (firm) employment size; primary split firms <500 vs 500+ employees (SBA cutoff)","U.S. Census Bureau, Statistics of U.S. Businesses (SUSB), 2022 Annual Datasets by Establishment Industry — msa_3digitnaics_2022.txt (all-industry NAICS=--, enterprise employment size); reference year 2022; MSA dataset originally released 2025-05-29, revised 2025-07-22 (extraneous estimates removed; remaining estimates unchanged); measures mid-March payroll employment at employer establishments, classified by enterprise (firm) employment size; primary split firms <500 vs 500+ employees (SBA cutoff). File: https://www2.census.gov/programs-surveys/susb/datasets/2022/msa_3digitnaics_2022.txt Landing page: https://www.census.gov/data/datasets/2022/econ/susb/2022-susb.html",22997,1429,1721,2280,4576,3371,10006,13377,9620,6.213853980954037,7.483584815410706,9.914336652606861,19.898247597512718,14.658433708744619,43.51002304648432,58.168456755228945,41.831543244771055,False,22997,0,22997,0,
16220,"Casper, WY Metro Area",metro,2022,standard_01_09,RETRIEVED,U.S. Census Bureau,Statistics of U.S. Businesses (SUSB),U.S. Census Bureau Statistics of U.S. Businesses (SUSB) 2022,msa_3digitnaics_2022.txt,https://www2.census.gov/programs-surveys/susb/datasets/2022/msa_3digitnaics_2022.txt,https://www.census.gov/data/datasets/2022/econ/susb/2022-susb.html,"reference year 2022; MSA dataset originally released 2025-05-29, revised 2025-07-22 (extraneous estimates removed; remaining estimates unchanged)","mid-March payroll employment at employer establishments, classified by enterprise (firm) employment size; primary split firms <500 vs 500+ employees (SBA cutoff)","U.S. Census Bureau, Statistics of U.S. Businesses (SUSB), 2022 Annual Datasets by Establishment Industry — msa_3digitnaics_2022.txt (all-industry NAICS=--, enterprise employment size); reference year 2022; MSA dataset originally released 2025-05-29, revised 2025-07-22 (extraneous estimates removed; remaining estimates unchanged); measures mid-March payroll employment at employer establishments, classified by enterprise (firm) employment size; primary split firms <500 vs 500+ employees (SBA cutoff). File: https://www2.census.gov/programs-surveys/susb/datasets/2022/msa_3digitnaics_2022.txt Landing page: https://www.census.gov/data/datasets/2022/econ/susb/2022-susb.html",31750,2263,2697,3578,7109,4499,15647,20146,11604,7.12755905511811,8.494488188976378,11.269291338582677,22.390551181102364,14.17007874015748,49.281889763779525,63.45196850393701,36.54803149606299,False,31750,0,31750,0,
16300,"Cedar Rapids, IA Metro Area",metro,2022,standard_01_09,RETRIEVED,U.S. Census Bureau,Statistics of U.S. Businesses (SUSB),U.S. Census Bureau Statistics of U.S. Businesses (SUSB) 2022,msa_3digitnaics_2022.txt,https://www2.census.gov/programs-surveys/susb/datasets/2022/msa_3digitnaics_2022.txt,https://www.census.gov/data/datasets/2022/econ/susb/2022-susb.html,"reference year 2022; MSA dataset originally released 2025-05-29, revised 2025-07-22 (extraneous estimates removed; remaining estimates unchanged)","mid-March payroll employment at employer establishments, classified by enterprise (firm) employment size; primary split firms <500 vs 500+ employees (SBA cutoff)","U.S. Census Bureau, Statistics of U.S. Businesses (SUSB), 2022 Annual Datasets by Establishment Industry — msa_3digitnaics_2022.txt (all-industry NAICS=--, enterprise employment size); reference year 2022; MSA dataset originally released 2025-05-29, revised 2025-07-22 (extraneous estimates removed; remaining estimates unchanged); measures mid-March payroll employment at employer establishments, classified by enterprise (firm) employment size; primary split firms <500 vs 500+ employees (SBA cutoff). File: https://www2.census.gov/programs-surveys/susb/datasets/2022/msa_3digitnaics_2022.txt Landing page: https://www.census.gov/data/datasets/2022/econ/susb/2022-susb.html",126825,4453,5343,7954,21410,17992,39160,57152,69673,3.511137394046915,4.2128917800118275,6.271634141533609,16.881529666863788,14.186477429528878,30.87719298245614,45.06367041198502,54.93632958801498,False,126825,0,126825,0,
16540,"Chambersburg, PA Metro Area",metro,2022,standard_01_09,RETRIEVED,U.S. Census Bureau,Statistics of U.S. Businesses (SUSB),U.S. Census Bureau Statistics of U.S. Businesses (SUSB) 2022,msa_3digitnaics_2022.txt,https://www2.census.gov/programs-surveys/susb/datasets/2022/msa_3digitnaics_2022.txt,https://www.census.gov/data/datasets/2022/econ/susb/2022-susb.html,"reference year 2022; MSA dataset originally released 2025-05-29, revised 2025-07-22 (extraneous estimates removed; remaining estimates unchanged)","mid-March payroll employment at employer establishments, classified by enterprise (firm) employment size; primary split firms <500 vs 500+ employees (SBA cutoff)","U.S. Census Bureau, Statistics of U.S. Businesses (SUSB), 2022 Annual Datasets by Establishment Industry — msa_3digitnaics_2022.txt (all-industry NAICS=--, enterprise employment size); reference year 2022; MSA dataset originally released 2025-05-29, revised 2025-07-22 (extraneous estimates removed; remaining estimates unchanged); measures mid-March payroll employment at employer establishments, classified by enterprise (firm) employment size; primary split firms <500 vs 500+ employees (SBA cutoff). File: https://www2.census.gov/programs-surveys/susb/datasets/2022/msa_3digitnaics_2022.txt Landing page: https://www.census.gov/data/datasets/2022/econ/susb/2022-susb.html",52464,2234,3036,4170,8616,5902,18056,23958,28506,4.2581579749923755,5.786825251601098,7.948307410795975,16.422689844464777,11.24961878621531,34.41598048185423,45.665599268069535,54.334400731930465,False,52464,0,52464,0,
16580,"Champaign-Urbana, IL Metro Area",metro,2022,standard_01_09,RETRIEVED,U.S. Census Bureau,Statistics of U.S. Businesses (SUSB),U.S. Census Bureau Statistics of U.S. Businesses (SUSB) 2022,msa_3digitnaics_2022.txt,https://www2.census.gov/programs-surveys/susb/datasets/2022/msa_3digitnaics_2022.txt,https://www.census.gov/data/datasets/2022/econ/susb/2022-susb.html,"reference year 2022; MSA dataset originally released 2025-05-29, revised 2025-07-22 (extraneous estimates removed; remaining estimates unchanged)","mid-March payroll employment at employer establishments, classified by enterprise (firm) employment size; primary split firms <500 vs 500+ employees (SBA cutoff)","U.S. Census Bureau, Statistics of U.S. Businesses (SUSB), 2022 Annual Datasets by Establishment Industry — msa_3digitnaics_2022.txt (all-industry NAICS=--, enterprise employment size); reference year 2022; MSA dataset originally released 2025-05-29, revised 2025-07-22 (extraneous estimates removed; remaining estimates unchanged); measures mid-March payroll employment at employer establishments, classified by enterprise (firm) employment size; primary split firms <500 vs 500+ employees (SBA cutoff). File: https://www2.census.gov/programs-surveys/susb/datasets/2022/msa_3digitnaics_2022.txt Landing page: https://www.census.gov/data/datasets/2022/econ/susb/2022-susb.html",77346,3474,4194,5828,13229,10453,26725,37178,40168,4.491505701652316,5.422387712357459,7.53497271998552,17.10366405502547,13.514596747084529,34.552530189020764,48.067126936105296,51.932873063894704,False,77346,0,77346,0,
16620,"Charleston, WV Metro Area",metro,2022,standard_01_09,RETRIEVED,U.S. Census Bureau,Statistics of U.S. Businesses (SUSB),U.S. Census Bureau Statistics of U.S. Businesses (SUSB) 2022,msa_3digitnaics_2022.txt,https://www2.census.gov/programs-surveys/susb/datasets/2022/msa_3digitnaics_2022.txt,https://www.census.gov/data/datasets/2022/econ/susb/2022-susb.html,"reference year 2022; MSA dataset originally released 2025-05-29, revised 2025-07-22 (extraneous estimates removed; remaining estimates unchanged)","mid-March payroll employment at employer establishments, classified by enterprise (firm) employment size; primary split firms <500 vs 500+ employees (SBA cutoff)","U.S. Census Bureau, Statistics of U.S. Businesses (SUSB), 2022 Annual Datasets by Establishment Industry — msa_3digitnaics_2022.txt (all-industry NAICS=--, enterprise employment size); reference year 2022; MSA dataset originally released 2025-05-29, revised 2025-07-22 (extraneous estimates removed; remaining estimates unchanged); measures mid-March payroll employment at employer establishments, classified by enterprise (firm) employment size; primary split firms <500 vs 500+ employees (SBA cutoff). File: https://www2.census.gov/programs-surveys/susb/datasets/2022/msa_3digitnaics_2022.txt Landing page: https://www.census.gov/data/datasets/2022/econ/susb/2022-susb.html",78935,2976,3989,5169,12562,10081,24696,34777,44158,3.770190663203902,5.053525052258187,6.54842592006081,15.9143599163869,12.771267498574776,31.2865015519098,44.05776905048457,55.94223094951543,False,78935,0,78935,0,
16700,"Charleston-North Charleston, SC Metro Area",metro,2022,standard_01_09,RETRIEVED,U.S. Census Bureau,Statistics of U.S. Businesses (SUSB),U.S. Census Bureau Statistics of U.S. Businesses (SUSB) 2022,msa_3digitnaics_2022.txt,https://www2.census.gov/programs-surveys/susb/datasets/2022/msa_3digitnaics_2022.txt,https://www.census.gov/data/datasets/2022/econ/susb/2022-susb.html,"reference year 2022; MSA dataset originally released 2025-05-29, revised 2025-07-22 (extraneous estimates removed; remaining estimates unchanged)","mid-March payroll employment at employer establishments, classified by enterprise (firm) employment size; primary split firms <500 vs 500+ employees (SBA cutoff)","U.S. Census Bureau, Statistics of U.S. Businesses (SUSB), 2022 Annual Datasets by Establishment Industry — msa_3digitnaics_2022.txt (all-industry NAICS=--, enterprise employment size); reference year 2022; MSA dataset originally released 2025-05-29, revised 2025-07-22 (extraneous estimates removed; remaining estimates unchanged); measures mid-March payroll employment at employer establishments, classified by enterprise (firm) employment size; primary split firms <500 vs 500+ employees (SBA cutoff). File: https://www2.census.gov/programs-surveys/susb/datasets/2022/msa_3digitnaics_2022.txt Landing page: https://www.census.gov/data/datasets/2022/econ/susb/2022-susb.html",307235,15828,16729,23728,63105,43349,119390,162739,144496,5.151756798541832,5.44501765749345,7.723078425309616,20.53965205787101,14.10939508845021,38.85950493921591,52.968900027666116,47.031099972333884,False,307235,0,307235,0,
16740,"Charlotte-Concord-Gastonia, NC-SC Metro Area",metro,2022,standard_01_09,RETRIEVED,U.S. Census Bureau,Statistics of U.S. Businesses (SUSB),U.S. Census Bureau Statistics of U.S. Businesses (SUSB) 2022,msa_3digitnaics_2022.txt,https://www2.census.gov/programs-surveys/susb/datasets/2022/msa_3digitnaics_2022.txt,https://www.census.gov/data/datasets/2022/econ/susb/2022-susb.html,"reference year 2022; MSA dataset originally released 2025-05-29, revised 2025-07-22 (extraneous estimates removed; remaining estimates unchanged)","mid-March payroll employment at employer establishments, classified by enterprise (firm) employment size; primary split firms <500 vs 500+ employees (SBA cutoff)","U.S. Census Bureau, Statistics of U.S. Businesses (SUSB), 2022 Annual Datasets by Establishment Industry — msa_3digitnaics_2022.txt (all-industry NAICS=--, enterprise employment size); reference year 2022; MSA dataset originally released 2025-05-29, revised 2025-07-22 (extraneous estimates removed; remaining estimates unchanged); measures mid-March payroll employment at employer establishments, classified by enterprise (firm) employment size; primary split firms <500 vs 500+ employees (SBA cutoff). File: https://www2.census.gov/programs-surveys/susb/datasets/2022/msa_3digitnaics_2022.txt Landing page: https://www.census.gov/data/datasets/2022/econ/susb/2022-susb.html",1178479,50980,51731,69051,179637,144992,351399,496391,682088,4.325915014183536,4.389641223984475,5.859332240964837,15.243122703077441,12.303316393418974,29.818011182210288,42.121327575629266,57.878672424370734,False,1178479,0,1178479,0,
16820,"Charlottesville, VA Metro Area",metro,2022,standard_01_09,RETRIEVED,U.S. Census Bureau,Statistics of U.S. Businesses (SUSB),U.S. Census Bureau Statistics of U.S. Businesses (SUSB) 2022,msa_3digitnaics_2022.txt,https://www2.census.gov/programs-surveys/susb/datasets/2022/msa_3digitnaics_2022.txt,https://www.census.gov/data/datasets/2022/econ/susb/2022-susb.html,"reference year 2022; MSA dataset originally released 2025-05-29, revised 2025-07-22 (extraneous estimates removed; remaining estimates unchanged)","mid-March payroll employment at employer establishments, classified by enterprise (firm) employment size; primary split firms <500 vs 500+ employees (SBA cutoff)","U.S. Census Bureau, Statistics of U.S. Businesses (SUSB), 2022 Annual Datasets by Establishment Industry — msa_3digitnaics_2022.txt (all-industry NAICS=--, enterprise employment size); reference year 2022; MSA dataset originally released 2025-05-29, revised 2025-07-22 (extraneous estimates removed; remaining estimates unchanged); measures mid-March payroll employment at employer establishments, classified by enterprise (firm) employment size; primary split firms <500 vs 500+ employees (SBA cutoff). File: https://www2.census.gov/programs-surveys/susb/datasets/2022/msa_3digitnaics_2022.txt Landing page: https://www.census.gov/data/datasets/2022/econ/susb/2022-susb.html",85356,4732,5196,8178,17668,12331,35774,48105,37251,5.543839917521908,6.087445522283144,9.581048783916772,20.69918927784807,14.446553259290502,41.911523501569896,56.3580767608604,43.6419232391396,False,85356,0,85356,0,
16860,"Chattanooga, TN-GA Metro Area",metro,2022,standard_01_09,RETRIEVED,U.S. Census Bureau,Statistics of U.S. Businesses (SUSB),U.S. Census Bureau Statistics of U.S. Businesses (SUSB) 2022,msa_3digitnaics_2022.txt,https://www2.census.gov/programs-surveys/susb/datasets/2022/msa_3digitnaics_2022.txt,https://www.census.gov/data/datasets/2022/econ/susb/2022-susb.html,"reference year 2022; MSA dataset originally released 2025-05-29, revised 2025-07-22 (extraneous estimates removed; remaining estimates unchanged)","mid-March payroll employment at employer establishments, classified by enterprise (firm) employment size; primary split firms <500 vs 500+ employees (SBA cutoff)","U.S. Census Bureau, Statistics of U.S. Businesses (SUSB), 2022 Annual Datasets by Establishment Industry — msa_3digitnaics_2022.txt (all-industry NAICS=--, enterprise employment size); reference year 2022; MSA dataset originally released 2025-05-29, revised 2025-07-22 (extraneous estimates removed; remaining estimates unchanged); measures mid-March payroll employment at employer establishments, classified by enterprise (firm) employment size; primary split firms <500 vs 500+ employees (SBA cutoff). File: https://www2.census.gov/programs-surveys/susb/datasets/2022/msa_3digitnaics_2022.txt Landing page: https://www.census.gov/data/datasets/2022/econ/susb/2022-susb.html",232075,8240,10962,14025,38114,30814,71341,102155,129920,3.550576322309598,4.723473015189056,6.043304966067004,16.423139071420877,13.27760422277281,30.740493374986535,44.01809759775934,55.98190240224066,False,232075,0,232075,0,
16940,"Cheyenne, WY Metro Area",metro,2022,standard_01_09,RETRIEVED,U.S. Census Bureau,Statistics of U.S. Businesses (SUSB),U.S. Census Bureau Statistics of U.S. Businesses (SUSB) 2022,msa_3digitnaics_2022.txt,https://www2.census.gov/programs-surveys/susb/datasets/2022/msa_3digitnaics_2022.txt,https://www.census.gov/data/datasets/2022/econ/susb/2022-susb.html,"reference year 2022; MSA dataset originally released 2025-05-29, revised 2025-07-22 (extraneous estimates removed; remaining estimates unchanged)","mid-March payroll employment at employer establishments, classified by enterprise (firm) employment size; primary split firms <500 vs 500+ employees (SBA cutoff)","U.S. Census Bureau, Statistics of U.S. Businesses (SUSB), 2022 Annual Datasets by Establishment Industry — msa_3digitnaics_2022.txt (all-industry NAICS=--, enterprise employment size); reference year 2022; MSA dataset originally released 2025-05-29, revised 2025-07-22 (extraneous estimates removed; remaining estimates unchanged); measures mid-March payroll employment at employer establishments, classified by enterprise (firm) employment size; primary split firms <500 vs 500+ employees (SBA cutoff). File: https://www2.census.gov/programs-surveys/susb/datasets/2022/msa_3digitnaics_2022.txt Landing page: https://www.census.gov/data/datasets/2022/econ/susb/2022-susb.html",35586,2666,2986,2923,7195,4493,15770,20263,15323,7.491710223121452,8.390940257404598,8.213904344405103,20.21862530208509,12.625751700106784,44.31518012701624,56.94093182712302,43.05906817287698,False,35586,0,35586,0,
16980,"Chicago-Naperville-Elgin, IL-IN Metro Area",metro,2022,standard_01_09,RETRIEVED,U.S. Census Bureau,Statistics of U.S. Businesses (SUSB),U.S. Census Bureau Statistics of U.S. Businesses (SUSB) 2022,msa_3digitnaics_2022.txt,https://www2.census.gov/programs-surveys/susb/datasets/2022/msa_3digitnaics_2022.txt,https://www.census.gov/data/datasets/2022/econ/susb/2022-susb.html,"reference year 2022; MSA dataset originally released 2025-05-29, revised 2025-07-22 (extraneous estimates removed; remaining estimates unchanged)","mid-March payroll employment at employer establishments, classified by enterprise (firm) employment size; primary split firms <500 vs 500+ employees (SBA cutoff)","U.S. Census Bureau, Statistics of U.S. Businesses (SUSB), 2022 Annual Datasets by Establishment Industry — msa_3digitnaics_2022.txt (all-industry NAICS=--, enterprise employment size); reference year 2022; MSA dataset originally released 2025-05-29, revised 2025-07-22 (extraneous estimates removed; remaining estimates unchanged); measures mid-March payroll employment at employer establishments, classified by enterprise (firm) employment size; primary split firms <500 vs 500+ employees (SBA cutoff). File: https://www2.census.gov/programs-surveys/susb/datasets/2022/msa_3digitnaics_2022.txt Landing page: https://www.census.gov/data/datasets/2022/econ/susb/2022-susb.html",4175455,191831,182954,240749,666690,580971,1282224,1863195,2312260,4.594253799885282,4.38165421492987,5.7658147435429195,15.966882651112273,13.913956682565134,30.708605409470344,44.62256209203548,55.37743790796452,False,4175455,0,4175455,0,
17020,"Chico, CA Metro Area",metro,2022,standard_01_09,RETRIEVED,U.S. Census Bureau,Statistics of U.S. Businesses (SUSB),U.S. Census Bureau Statistics of U.S. Businesses (SUSB) 2022,msa_3digitnaics_2022.txt,https://www2.census.gov/programs-surveys/susb/datasets/2022/msa_3digitnaics_2022.txt,https://www.census.gov/data/datasets/2022/econ/susb/2022-susb.html,"reference year 2022; MSA dataset originally released 2025-05-29, revised 2025-07-22 (extraneous estimates removed; remaining estimates unchanged)","mid-March payroll employment at employer establishments, classified by enterprise (firm) employment size; primary split firms <500 vs 500+ employees (SBA cutoff)","U.S. Census Bureau, Statistics of U.S. Businesses (SUSB), 2022 Annual Datasets by Establishment Industry — msa_3digitnaics_2022.txt (all-industry NAICS=--, enterprise employment size); reference year 2022; MSA dataset originally released 2025-05-29, revised 2025-07-22 (extraneous estimates removed; remaining estimates unchanged); measures mid-March payroll employment at employer establishments, classified by enterprise (firm) employment size; primary split firms <500 vs 500+ employees (SBA cutoff). File: https://www2.census.gov/programs-surveys/susb/datasets/2022/msa_3digitnaics_2022.txt Landing page: https://www.census.gov/data/datasets/2022/econ/susb/2022-susb.html",62659,3618,4319,6056,14515,8914,28508,37422,25237,5.774110662474665,6.892864552578241,9.665012208940455,23.165068066837964,14.2262085255111,45.49705549083132,59.723264016342426,40.276735983657574,False,62659,0,62659,0,
17140,"Cincinnati, OH-KY-IN Metro Area",metro,2022,standard_01_09,RETRIEVED,U.S. Census Bureau,Statistics of U.S. Businesses (SUSB),U.S. Census Bureau Statistics of U.S. Businesses (SUSB) 2022,msa_3digitnaics_2022.txt,https://www2.census.gov/programs-surveys/susb/datasets/2022/msa_3digitnaics_2022.txt,https://www.census.gov/data/datasets/2022/econ/susb/2022-susb.html,"reference year 2022; MSA dataset originally released 2025-05-29, revised 2025-07-22 (extraneous estimates removed; remaining estimates unchanged)","mid-March payroll employment at employer establishments, classified by enterprise (firm) employment size; primary split firms <500 vs 500+ employees (SBA cutoff)","U.S. Census Bureau, Statistics of U.S. Businesses (SUSB), 2022 Annual Datasets by Establishment Industry — msa_3digitnaics_2022.txt (all-industry NAICS=--, enterprise employment size); reference year 2022; MSA dataset originally released 2025-05-29, revised 2025-07-22 (extraneous estimates removed; remaining estimates unchanged); measures mid-March payroll employment at employer establishments, classified by enterprise (firm) employment size; primary split firms <500 vs 500+ employees (SBA cutoff). File: https://www2.census.gov/programs-surveys/susb/datasets/2022/msa_3digitnaics_2022.txt Landing page: https://www.census.gov/data/datasets/2022/econ/susb/2022-susb.html",1003391,31361,38429,56692,149564,143274,276046,419320,584071,3.1255014246689474,3.8299127658111343,5.650040711945792,14.905854248244204,14.278979978891579,27.511309150670076,41.79028912956166,58.20971087043834,False,1003391,0,1003391,0,
17300,"Clarksville, TN-KY Metro Area",metro,2022,standard_01_09,RETRIEVED,U.S. Census Bureau,Statistics of U.S. Businesses (SUSB),U.S. Census Bureau Statistics of U.S. Businesses (SUSB) 2022,msa_3digitnaics_2022.txt,https://www2.census.gov/programs-surveys/susb/datasets/2022/msa_3digitnaics_2022.txt,https://www.census.gov/data/datasets/2022/econ/susb/2022-susb.html,"reference year 2022; MSA dataset originally released 2025-05-29, revised 2025-07-22 (extraneous estimates removed; remaining estimates unchanged)","mid-March payroll employment at employer establishments, classified by enterprise (firm) employment size; primary split firms <500 vs 500+ employees (SBA cutoff)","U.S. Census Bureau, Statistics of U.S. Businesses (SUSB), 2022 Annual Datasets by Establishment Industry — msa_3digitnaics_2022.txt (all-industry NAICS=--, enterprise employment size); reference year 2022; MSA dataset originally released 2025-05-29, revised 2025-07-22 (extraneous estimates removed; remaining estimates unchanged); measures mid-March payroll employment at employer establishments, classified by enterprise (firm) employment size; primary split firms <500 vs 500+ employees (SBA cutoff). File: https://www2.census.gov/programs-surveys/susb/datasets/2022/msa_3digitnaics_2022.txt Landing page: https://www.census.gov/data/datasets/2022/econ/susb/2022-susb.html",77809,3443,4029,5423,12974,10408,25869,36277,41532,4.42493798917863,5.178064234214551,6.969630762508193,16.674163657160484,13.376344638794999,33.246796643061856,46.62314128185685,53.37685871814315,False,77809,0,77809,0,
17410,"Cleveland, OH Metro Area",metro,2022,standard_01_09,RETRIEVED,U.S. Census Bureau,Statistics of U.S. Businesses (SUSB),U.S. Census Bureau Statistics of U.S. Businesses (SUSB) 2022,msa_3digitnaics_2022.txt,https://www2.census.gov/programs-surveys/susb/datasets/2022/msa_3digitnaics_2022.txt,https://www.census.gov/data/datasets/2022/econ/susb/2022-susb.html,"reference year 2022; MSA dataset originally released 2025-05-29, revised 2025-07-22 (extraneous estimates removed; remaining estimates unchanged)","mid-March payroll employment at employer establishments, classified by enterprise (firm) employment size; primary split firms <500 vs 500+ employees (SBA cutoff)","U.S. Census Bureau, Statistics of U.S. Businesses (SUSB), 2022 Annual Datasets by Establishment Industry — msa_3digitnaics_2022.txt (all-industry NAICS=--, enterprise employment size); reference year 2022; MSA dataset originally released 2025-05-29, revised 2025-07-22 (extraneous estimates removed; remaining estimates unchanged); measures mid-March payroll employment at employer establishments, classified by enterprise (firm) employment size; primary split firms <500 vs 500+ employees (SBA cutoff). File: https://www2.census.gov/programs-surveys/susb/datasets/2022/msa_3digitnaics_2022.txt Landing page: https://www.census.gov/data/datasets/2022/econ/susb/2022-susb.html",946377,36380,44664,58643,161090,137687,300777,438464,507913,3.844133997339327,4.719472261054527,6.196579164540136,17.021757713892033,14.548853152601975,31.781943136826023,46.330796289428,53.669203710572,False,946377,0,946377,0,
17420,"Cleveland, TN Metro Area",metro,2022,standard_01_09,RETRIEVED,U.S. Census Bureau,Statistics of U.S. Businesses (SUSB),U.S. Census Bureau Statistics of U.S. Businesses (SUSB) 2022,msa_3digitnaics_2022.txt,https://www2.census.gov/programs-surveys/susb/datasets/2022/msa_3digitnaics_2022.txt,https://www.census.gov/data/datasets/2022/econ/susb/2022-susb.html,"reference year 2022; MSA dataset originally released 2025-05-29, revised 2025-07-22 (extraneous estimates removed; remaining estimates unchanged)","mid-March payroll employment at employer establishments, classified by enterprise (firm) employment size; primary split firms <500 vs 500+ employees (SBA cutoff)","U.S. Census Bureau, Statistics of U.S. Businesses (SUSB), 2022 Annual Datasets by Establishment Industry — msa_3digitnaics_2022.txt (all-industry NAICS=--, enterprise employment size); reference year 2022; MSA dataset originally released 2025-05-29, revised 2025-07-22 (extraneous estimates removed; remaining estimates unchanged); measures mid-March payroll employment at employer establishments, classified by enterprise (firm) employment size; primary split firms <500 vs 500+ employees (SBA cutoff). File: https://www2.census.gov/programs-surveys/susb/datasets/2022/msa_3digitnaics_2022.txt Landing page: https://www.census.gov/data/datasets/2022/econ/susb/2022-susb.html",42200,1497,1972,2298,6121,6246,11888,18134,24066,3.5473933649289098,4.672985781990521,5.4454976303317535,14.504739336492891,14.800947867298579,28.170616113744074,42.97156398104266,57.02843601895734,False,42200,0,42200,0,
17660,"Coeur d'Alene, ID Metro Area",metro,2022,standard_01_09,RETRIEVED,U.S. Census Bureau,Statistics of U.S. Businesses (SUSB),U.S. Census Bureau Statistics of U.S. Businesses (SUSB) 2022,msa_3digitnaics_2022.txt,https://www2.census.gov/programs-surveys/susb/datasets/2022/msa_3digitnaics_2022.txt,https://www.census.gov/data/datasets/2022/econ/susb/2022-susb.html,"reference year 2022; MSA dataset originally released 2025-05-29, revised 2025-07-22 (extraneous estimates removed; remaining estimates unchanged)","mid-March payroll employment at employer establishments, classified by enterprise (firm) employment size; primary split firms <500 vs 500+ employees (SBA cutoff)","U.S. Census Bureau, Statistics of U.S. Businesses (SUSB), 2022 Annual Datasets by Establishment Industry — msa_3digitnaics_2022.txt (all-industry NAICS=--, enterprise employment size); reference year 2022; MSA dataset originally released 2025-05-29, revised 2025-07-22 (extraneous estimates removed; remaining estimates unchanged); measures mid-March payroll employment at employer establishments, classified by enterprise (firm) employment size; primary split firms <500 vs 500+ employees (SBA cutoff). File: https://www2.census.gov/programs-surveys/susb/datasets/2022/msa_3digitnaics_2022.txt Landing page: https://www.census.gov/data/datasets/2022/econ/susb/2022-susb.html",63347,4860,5058,7026,15762,8547,32706,41253,22094,7.672028667498066,7.984592798396136,11.09129082671634,24.88199914755237,13.492351650433328,51.629911440162914,65.12226309059623,34.87773690940376,False,63347,0,63347,0,
17780,"College Station-Bryan, TX Metro Area",metro,2022,standard_01_09,RETRIEVED,U.S. Census Bureau,Statistics of U.S. Businesses (SUSB),U.S. Census Bureau Statistics of U.S. Businesses (SUSB) 2022,msa_3digitnaics_2022.txt,https://www2.census.gov/programs-surveys/susb/datasets/2022/msa_3digitnaics_2022.txt,https://www.census.gov/data/datasets/2022/econ/susb/2022-susb.html,"reference year 2022; MSA dataset originally released 2025-05-29, revised 2025-07-22 (extraneous estimates removed; remaining estimates unchanged)","mid-March payroll employment at employer establishments, classified by enterprise (firm) employment size; primary split firms <500 vs 500+ employees (SBA cutoff)","U.S. Census Bureau, Statistics of U.S. Businesses (SUSB), 2022 Annual Datasets by Establishment Industry — msa_3digitnaics_2022.txt (all-industry NAICS=--, enterprise employment size); reference year 2022; MSA dataset originally released 2025-05-29, revised 2025-07-22 (extraneous estimates removed; remaining estimates unchanged); measures mid-March payroll employment at employer establishments, classified by enterprise (firm) employment size; primary split firms <500 vs 500+ employees (SBA cutoff). File: https://www2.census.gov/programs-surveys/susb/datasets/2022/msa_3digitnaics_2022.txt Landing page: https://www.census.gov/data/datasets/2022/econ/susb/2022-susb.html",82971,3668,4816,7801,16354,11466,32639,44105,38866,4.420821732894626,5.804437695098287,9.402080244904846,19.710501259476203,13.819286256643888,39.337840932373965,53.15712718901785,46.84287281098215,False,82971,0,82971,0,
17820,"Colorado Springs, CO Metro Area",metro,2022,standard_01_09,RETRIEVED,U.S. Census Bureau,Statistics of U.S. Businesses (SUSB),U.S. Census Bureau Statistics of U.S. Businesses (SUSB) 2022,msa_3digitnaics_2022.txt,https://www2.census.gov/programs-surveys/susb/datasets/2022/msa_3digitnaics_2022.txt,https://www.census.gov/data/datasets/2022/econ/susb/2022-susb.html,"reference year 2022; MSA dataset originally released 2025-05-29, revised 2025-07-22 (extraneous estimates removed; remaining estimates unchanged)","mid-March payroll employment at employer establishments, classified by enterprise (firm) employment size; primary split firms <500 vs 500+ employees (SBA cutoff)","U.S. Census Bureau, Statistics of U.S. Businesses (SUSB), 2022 Annual Datasets by Establishment Industry — msa_3digitnaics_2022.txt (all-industry NAICS=--, enterprise employment size); reference year 2022; MSA dataset originally released 2025-05-29, revised 2025-07-22 (extraneous estimates removed; remaining estimates unchanged); measures mid-March payroll employment at employer establishments, classified by enterprise (firm) employment size; primary split firms <500 vs 500+ employees (SBA cutoff). File: https://www2.census.gov/programs-surveys/susb/datasets/2022/msa_3digitnaics_2022.txt Landing page: https://www.census.gov/data/datasets/2022/econ/susb/2022-susb.html",260935,14766,14664,19930,45014,33758,94374,128132,132803,5.658880564125165,5.6197903692490465,7.637917489029835,17.251039530917662,12.937321555176576,36.167627953321706,49.10494950849829,50.89505049150171,False,260935,0,260935,0,
17860,"Columbia, MO Metro Area",metro,2022,standard_01_09,RETRIEVED,U.S. Census Bureau,Statistics of U.S. Businesses (SUSB),U.S. Census Bureau Statistics of U.S. Businesses (SUSB) 2022,msa_3digitnaics_2022.txt,https://www2.census.gov/programs-surveys/susb/datasets/2022/msa_3digitnaics_2022.txt,https://www.census.gov/data/datasets/2022/econ/susb/2022-susb.html,"reference year 2022; MSA dataset originally released 2025-05-29, revised 2025-07-22 (extraneous estimates removed; remaining estimates unchanged)","mid-March payroll employment at employer establishments, classified by enterprise (firm) employment size; primary split firms <500 vs 500+ employees (SBA cutoff)","U.S. Census Bureau, Statistics of U.S. Businesses (SUSB), 2022 Annual Datasets by Establishment Industry — msa_3digitnaics_2022.txt (all-industry NAICS=--, enterprise employment size); reference year 2022; MSA dataset originally released 2025-05-29, revised 2025-07-22 (extraneous estimates removed; remaining estimates unchanged); measures mid-March payroll employment at employer establishments, classified by enterprise (firm) employment size; primary split firms <500 vs 500+ employees (SBA cutoff). File: https://www2.census.gov/programs-surveys/susb/datasets/2022/msa_3digitnaics_2022.txt Landing page: https://www.census.gov/data/datasets/2022/econ/susb/2022-susb.html",89736,3693,4695,5933,15503,10539,29824,40363,49373,4.115405188553089,5.232013907461888,6.61161629669252,17.276232504234645,11.744450387804227,33.23526789694214,44.97971828474637,55.02028171525363,False,89736,0,89736,0,
17900,"Columbia, SC Metro Area",metro,2022,standard_01_09,RETRIEVED,U.S. Census Bureau,Statistics of U.S. Businesses (SUSB),U.S. Census Bureau Statistics of U.S. Businesses (SUSB) 2022,msa_3digitnaics_2022.txt,https://www2.census.gov/programs-surveys/susb/datasets/2022/msa_3digitnaics_2022.txt,https://www.census.gov/data/datasets/2022/econ/susb/2022-susb.html,"reference year 2022; MSA dataset originally released 2025-05-29, revised 2025-07-22 (extraneous estimates removed; remaining estimates unchanged)","mid-March payroll employment at employer establishments, classified by enterprise (firm) employment size; primary split firms <500 vs 500+ employees (SBA cutoff)","U.S. Census Bureau, Statistics of U.S. Businesses (SUSB), 2022 Annual Datasets by Establishment Industry — msa_3digitnaics_2022.txt (all-industry NAICS=--, enterprise employment size); reference year 2022; MSA dataset originally released 2025-05-29, revised 2025-07-22 (extraneous estimates removed; remaining estimates unchanged); measures mid-March payroll employment at employer establishments, classified by enterprise (firm) employment size; primary split firms <500 vs 500+ employees (SBA cutoff). File: https://www2.census.gov/programs-surveys/susb/datasets/2022/msa_3digitnaics_2022.txt Landing page: https://www.census.gov/data/datasets/2022/econ/susb/2022-susb.html",303225,13244,15084,18922,47410,38772,94660,133432,169793,4.3677137439195315,4.974523868414543,6.240250638964465,15.635254349080716,12.786544645065545,31.217742600379257,44.0042872454448,55.9957127545552,False,303225,0,303225,0,
17980,"Columbus, GA-AL Metro Area",metro,2022,standard_01_09,RETRIEVED,U.S. Census Bureau,Statistics of U.S. Businesses (SUSB),U.S. Census Bureau Statistics of U.S. Businesses (SUSB) 2022,msa_3digitnaics_2022.txt,https://www2.census.gov/programs-surveys/susb/datasets/2022/msa_3digitnaics_2022.txt,https://www.census.gov/data/datasets/2022/econ/susb/2022-susb.html,"reference year 2022; MSA dataset originally released 2025-05-29, revised 2025-07-22 (extraneous estimates removed; remaining estimates unchanged)","mid-March payroll employment at employer establishments, classified by enterprise (firm) employment size; primary split firms <500 vs 500+ employees (SBA cutoff)","U.S. Census Bureau, Statistics of U.S. Businesses (SUSB), 2022 Annual Datasets by Establishment Industry — msa_3digitnaics_2022.txt (all-industry NAICS=--, enterprise employment size); reference year 2022; MSA dataset originally released 2025-05-29, revised 2025-07-22 (extraneous estimates removed; remaining estimates unchanged); measures mid-March payroll employment at employer establishments, classified by enterprise (firm) employment size; primary split firms <500 vs 500+ employees (SBA cutoff). File: https://www2.census.gov/programs-surveys/susb/datasets/2022/msa_3digitnaics_2022.txt Landing page: https://www.census.gov/data/datasets/2022/econ/susb/2022-susb.html",98196,4403,5157,6763,13891,10788,30214,41002,57194,4.483889364128885,5.251741415128926,6.887245916330604,14.146197401116135,10.986190883539045,30.76907409670455,41.755264980243595,58.244735019756405,False,98196,0,98196,0,
18020,"Columbus, IN Metro Area",metro,2022,standard_01_09,RETRIEVED,U.S. Census Bureau,Statistics of U.S. Businesses (SUSB),U.S. Census Bureau Statistics of U.S. Businesses (SUSB) 2022,msa_3digitnaics_2022.txt,https://www2.census.gov/programs-surveys/susb/datasets/2022/msa_3digitnaics_2022.txt,https://www.census.gov/data/datasets/2022/econ/susb/2022-susb.html,"reference year 2022; MSA dataset originally released 2025-05-29, revised 2025-07-22 (extraneous estimates removed; remaining estimates unchanged)","mid-March payroll employment at employer establishments, classified by enterprise (firm) employment size; primary split firms <500 vs 500+ employees (SBA cutoff)","U.S. Census Bureau, Statistics of U.S. Businesses (SUSB), 2022 Annual Datasets by Establishment Industry — msa_3digitnaics_2022.txt (all-industry NAICS=--, enterprise employment size); reference year 2022; MSA dataset originally released 2025-05-29, revised 2025-07-22 (extraneous estimates removed; remaining estimates unchanged); measures mid-March payroll employment at employer establishments, classified by enterprise (firm) employment size; primary split firms <500 vs 500+ employees (SBA cutoff). File: https://www2.census.gov/programs-surveys/susb/datasets/2022/msa_3digitnaics_2022.txt Landing page: https://www.census.gov/data/datasets/2022/econ/susb/2022-susb.html",45508,1133,1577,2091,6934,5327,11735,17062,28446,2.4896721455568254,3.4653247780610004,4.594796519293311,15.236881427441329,11.705634174211127,25.786674870352467,37.49230904456359,62.50769095543641,False,45508,0,45508,0,
18140,"Columbus, OH Metro Area",metro,2022,standard_01_09,RETRIEVED,U.S. Census Bureau,Statistics of U.S. Businesses (SUSB),U.S. Census Bureau Statistics of U.S. Businesses (SUSB) 2022,msa_3digitnaics_2022.txt,https://www2.census.gov/programs-surveys/susb/datasets/2022/msa_3digitnaics_2022.txt,https://www.census.gov/data/datasets/2022/econ/susb/2022-susb.html,"reference year 2022; MSA dataset originally released 2025-05-29, revised 2025-07-22 (extraneous estimates removed; remaining estimates unchanged)","mid-March payroll employment at employer establishments, classified by enterprise (firm) employment size; primary split firms <500 vs 500+ employees (SBA cutoff)","U.S. Census Bureau, Statistics of U.S. Businesses (SUSB), 2022 Annual Datasets by Establishment Industry — msa_3digitnaics_2022.txt (all-industry NAICS=--, enterprise employment size); reference year 2022; MSA dataset originally released 2025-05-29, revised 2025-07-22 (extraneous estimates removed; remaining estimates unchanged); measures mid-March payroll employment at employer establishments, classified by enterprise (firm) employment size; primary split firms <500 vs 500+ employees (SBA cutoff). File: https://www2.census.gov/programs-surveys/susb/datasets/2022/msa_3digitnaics_2022.txt Landing page: https://www.census.gov/data/datasets/2022/econ/susb/2022-susb.html",933569,29294,35862,51117,143072,118755,259345,378100,555469,3.137850549879013,3.8413871925910135,5.475438880254164,15.32527322565338,12.720538064138806,27.77994984837757,40.50048791251638,59.49951208748362,False,933569,0,933569,0,
18580,"Corpus Christi, TX Metro Area",metro,2022,standard_01_09,RETRIEVED,U.S. Census Bureau,Statistics of U.S. Businesses (SUSB),U.S. Census Bureau Statistics of U.S. Businesses (SUSB) 2022,msa_3digitnaics_2022.txt,https://www2.census.gov/programs-surveys/susb/datasets/2022/msa_3digitnaics_2022.txt,https://www.census.gov/data/datasets/2022/econ/susb/2022-susb.html,"reference year 2022; MSA dataset originally released 2025-05-29, revised 2025-07-22 (extraneous estimates removed; remaining estimates unchanged)","mid-March payroll employment at employer establishments, classified by enterprise (firm) employment size; primary split firms <500 vs 500+ employees (SBA cutoff)","U.S. Census Bureau, Statistics of U.S. Businesses (SUSB), 2022 Annual Datasets by Establishment Industry — msa_3digitnaics_2022.txt (all-industry NAICS=--, enterprise employment size); reference year 2022; MSA dataset originally released 2025-05-29, revised 2025-07-22 (extraneous estimates removed; remaining estimates unchanged); measures mid-March payroll employment at employer establishments, classified by enterprise (firm) employment size; primary split firms <500 vs 500+ employees (SBA cutoff). File: https://www2.census.gov/programs-surveys/susb/datasets/2022/msa_3digitnaics_2022.txt Landing page: https://www.census.gov/data/datasets/2022/econ/susb/2022-susb.html",155803,6404,8478,10810,27420,19800,53112,72912,82891,4.110318800023106,5.441487006026842,6.938248942574918,17.599147641573012,12.70835606503084,34.089202390197876,46.79755845522872,53.20244154477128,False,155803,0,155803,0,
18700,"Corvallis, OR Metro Area",metro,2022,standard_01_09,RETRIEVED,U.S. Census Bureau,Statistics of U.S. Businesses (SUSB),U.S. Census Bureau Statistics of U.S. Businesses (SUSB) 2022,msa_3digitnaics_2022.txt,https://www2.census.gov/programs-surveys/susb/datasets/2022/msa_3digitnaics_2022.txt,https://www.census.gov/data/datasets/2022/econ/susb/2022-susb.html,"reference year 2022; MSA dataset originally released 2025-05-29, revised 2025-07-22 (extraneous estimates removed; remaining estimates unchanged)","mid-March payroll employment at employer establishments, classified by enterprise (firm) employment size; primary split firms <500 vs 500+ employees (SBA cutoff)","U.S. Census Bureau, Statistics of U.S. Businesses (SUSB), 2022 Annual Datasets by Establishment Industry — msa_3digitnaics_2022.txt (all-industry NAICS=--, enterprise employment size); reference year 2022; MSA dataset originally released 2025-05-29, revised 2025-07-22 (extraneous estimates removed; remaining estimates unchanged); measures mid-March payroll employment at employer establishments, classified by enterprise (firm) employment size; primary split firms <500 vs 500+ employees (SBA cutoff). File: https://www2.census.gov/programs-surveys/susb/datasets/2022/msa_3digitnaics_2022.txt Landing page: https://www.census.gov/data/datasets/2022/econ/susb/2022-susb.html",26893,1684,2162,3122,6401,2928,13369,16297,10596,6.261852526679805,8.039266723682744,11.608968876659354,23.80173279292009,10.887591566578664,49.71182091994199,60.599412486520656,39.400587513479344,False,26893,0,26893,0,
18880,"Crestview-Fort Walton Beach-Destin, FL Metro Area",metro,2022,standard_01_09,RETRIEVED,U.S. Census Bureau,Statistics of U.S. Businesses (SUSB),U.S. Census Bureau Statistics of U.S. Businesses (SUSB) 2022,msa_3digitnaics_2022.txt,https://www2.census.gov/programs-surveys/susb/datasets/2022/msa_3digitnaics_2022.txt,https://www.census.gov/data/datasets/2022/econ/susb/2022-susb.html,"reference year 2022; MSA dataset originally released 2025-05-29, revised 2025-07-22 (extraneous estimates removed; remaining estimates unchanged)","mid-March payroll employment at employer establishments, classified by enterprise (firm) employment size; primary split firms <500 vs 500+ employees (SBA cutoff)","U.S. Census Bureau, Statistics of U.S. Businesses (SUSB), 2022 Annual Datasets by Establishment Industry — msa_3digitnaics_2022.txt (all-industry NAICS=--, enterprise employment size); reference year 2022; MSA dataset originally released 2025-05-29, revised 2025-07-22 (extraneous estimates removed; remaining estimates unchanged); measures mid-March payroll employment at employer establishments, classified by enterprise (firm) employment size; primary split firms <500 vs 500+ employees (SBA cutoff). File: https://www2.census.gov/programs-surveys/susb/datasets/2022/msa_3digitnaics_2022.txt Landing page: https://www.census.gov/data/datasets/2022/econ/susb/2022-susb.html",89676,7367,6895,7608,17376,11099,39246,50345,39331,8.215130023640661,7.688790757839333,8.483875284357019,19.376421785093,12.376778625273205,43.76421785093002,56.14099647620322,43.85900352379678,False,89676,0,89676,0,
19100,"Dallas-Fort Worth-Arlington, TX Metro Area",metro,2022,standard_01_09,RETRIEVED,U.S. Census Bureau,Statistics of U.S. Businesses (SUSB),U.S. Census Bureau Statistics of U.S. Businesses (SUSB) 2022,msa_3digitnaics_2022.txt,https://www2.census.gov/programs-surveys/susb/datasets/2022/msa_3digitnaics_2022.txt,https://www.census.gov/data/datasets/2022/econ/susb/2022-susb.html,"reference year 2022; MSA dataset originally released 2025-05-29, revised 2025-07-22 (extraneous estimates removed; remaining estimates unchanged)","mid-March payroll employment at employer establishments, classified by enterprise (firm) employment size; primary split firms <500 vs 500+ employees (SBA cutoff)","U.S. Census Bureau, Statistics of U.S. Businesses (SUSB), 2022 Annual Datasets by Establishment Industry — msa_3digitnaics_2022.txt (all-industry NAICS=--, enterprise employment size); reference year 2022; MSA dataset originally released 2025-05-29, revised 2025-07-22 (extraneous estimates removed; remaining estimates unchanged); measures mid-March payroll employment at employer establishments, classified by enterprise (firm) employment size; primary split firms <500 vs 500+ employees (SBA cutoff). File: https://www2.census.gov/programs-surveys/susb/datasets/2022/msa_3digitnaics_2022.txt Landing page: https://www.census.gov/data/datasets/2022/econ/susb/2022-susb.html",3439459,133635,141005,192751,519861,462450,987252,1449702,1989757,3.885349411055634,4.099627296036964,5.604108087928944,15.1146154089931,13.445428481630396,28.703700204014645,42.14912868564504,57.85087131435496,False,3439459,0,3439459,0,
19140,"Dalton, GA Metro Area",metro,2022,standard_01_09,RETRIEVED,U.S. Census Bureau,Statistics of U.S. Businesses (SUSB),U.S. Census Bureau Statistics of U.S. Businesses (SUSB) 2022,msa_3digitnaics_2022.txt,https://www2.census.gov/programs-surveys/susb/datasets/2022/msa_3digitnaics_2022.txt,https://www.census.gov/data/datasets/2022/econ/susb/2022-susb.html,"reference year 2022; MSA dataset originally released 2025-05-29, revised 2025-07-22 (extraneous estimates removed; remaining estimates unchanged)","mid-March payroll employment at employer establishments, classified by enterprise (firm) employment size; primary split firms <500 vs 500+ employees (SBA cutoff)","U.S. Census Bureau, Statistics of U.S. Businesses (SUSB), 2022 Annual Datasets by Establishment Industry — msa_3digitnaics_2022.txt (all-industry NAICS=--, enterprise employment size); reference year 2022; MSA dataset originally released 2025-05-29, revised 2025-07-22 (extraneous estimates removed; remaining estimates unchanged); measures mid-March payroll employment at employer establishments, classified by enterprise (firm) employment size; primary split firms <500 vs 500+ employees (SBA cutoff). File: https://www2.census.gov/programs-surveys/susb/datasets/2022/msa_3digitnaics_2022.txt Landing page: https://www.census.gov/data/datasets/2022/econ/susb/2022-susb.html",59912,2037,2391,2979,8663,9325,16070,25395,34517,3.3999866470823874,3.9908532514354387,4.972292695954066,14.459540659634131,15.564494592068367,26.82267325410602,42.38716784617439,57.61283215382561,False,59912,0,59912,0,
19300,"Daphne-Fairhope-Foley, AL Metro Area",metro,2022,standard_01_09,RETRIEVED,U.S. Census Bureau,Statistics of U.S. Businesses (SUSB),U.S. Census Bureau Statistics of U.S. Businesses (SUSB) 2022,msa_3digitnaics_2022.txt,https://www2.census.gov/programs-surveys/susb/datasets/2022/msa_3digitnaics_2022.txt,https://www.census.gov/data/datasets/2022/econ/susb/2022-susb.html,"reference year 2022; MSA dataset originally released 2025-05-29, revised 2025-07-22 (extraneous estimates removed; remaining estimates unchanged)","mid-March payroll employment at employer establishments, classified by enterprise (firm) employment size; primary split firms <500 vs 500+ employees (SBA cutoff)","U.S. Census Bureau, Statistics of U.S. Businesses (SUSB), 2022 Annual Datasets by Establishment Industry — msa_3digitnaics_2022.txt (all-industry NAICS=--, enterprise employment size); reference year 2022; MSA dataset originally released 2025-05-29, revised 2025-07-22 (extraneous estimates removed; remaining estimates unchanged); measures mid-March payroll employment at employer establishments, classified by enterprise (firm) employment size; primary split firms <500 vs 500+ employees (SBA cutoff). File: https://www2.census.gov/programs-surveys/susb/datasets/2022/msa_3digitnaics_2022.txt Landing page: https://www.census.gov/data/datasets/2022/econ/susb/2022-susb.html",69115,4664,5266,7784,16749,7911,34463,42374,26741,6.748173334297909,7.619185415611661,11.262388772335962,24.233523837083123,11.44614049048687,49.86327135932866,61.309411849815525,38.690588150184475,False,69115,0,69115,0,
19340,"Davenport-Moline-Rock Island, IA-IL Metro Area",metro,2022,standard_01_09,RETRIEVED,U.S. Census Bureau,Statistics of U.S. Businesses (SUSB),U.S. Census Bureau Statistics of U.S. Businesses (SUSB) 2022,msa_3digitnaics_2022.txt,https://www2.census.gov/programs-surveys/susb/datasets/2022/msa_3digitnaics_2022.txt,https://www.census.gov/data/datasets/2022/econ/susb/2022-susb.html,"reference year 2022; MSA dataset originally released 2025-05-29, revised 2025-07-22 (extraneous estimates removed; remaining estimates unchanged)","mid-March payroll employment at employer establishments, classified by enterprise (firm) employment size; primary split firms <500 vs 500+ employees (SBA cutoff)","U.S. Census Bureau, Statistics of U.S. Businesses (SUSB), 2022 Annual Datasets by Establishment Industry — msa_3digitnaics_2022.txt (all-industry NAICS=--, enterprise employment size); reference year 2022; MSA dataset originally released 2025-05-29, revised 2025-07-22 (extraneous estimates removed; remaining estimates unchanged); measures mid-March payroll employment at employer establishments, classified by enterprise (firm) employment size; primary split firms <500 vs 500+ employees (SBA cutoff). File: https://www2.census.gov/programs-surveys/susb/datasets/2022/msa_3digitnaics_2022.txt Landing page: https://www.census.gov/data/datasets/2022/econ/susb/2022-susb.html",161771,5766,7064,9871,27938,22850,50639,73489,88282,3.5642976800539032,4.366666460614078,6.101835310407922,17.27009167279673,14.124904958243443,31.302891123872634,45.427796082116075,54.572203917883925,False,161771,0,161771,0,
19430,"Dayton-Kettering-Beavercreek, OH Metro Area",metro,2022,standard_01_09,RETRIEVED,U.S. Census Bureau,Statistics of U.S. Businesses (SUSB),U.S. Census Bureau Statistics of U.S. Businesses (SUSB) 2022,msa_3digitnaics_2022.txt,https://www2.census.gov/programs-surveys/susb/datasets/2022/msa_3digitnaics_2022.txt,https://www.census.gov/data/datasets/2022/econ/susb/2022-susb.html,"reference year 2022; MSA dataset originally released 2025-05-29, revised 2025-07-22 (extraneous estimates removed; remaining estimates unchanged)","mid-March payroll employment at employer establishments, classified by enterprise (firm) employment size; primary split firms <500 vs 500+ employees (SBA cutoff)","U.S. Census Bureau, Statistics of U.S. Businesses (SUSB), 2022 Annual Datasets by Establishment Industry — msa_3digitnaics_2022.txt (all-industry NAICS=--, enterprise employment size); reference year 2022; MSA dataset originally released 2025-05-29, revised 2025-07-22 (extraneous estimates removed; remaining estimates unchanged); measures mid-March payroll employment at employer establishments, classified by enterprise (firm) employment size; primary split firms <500 vs 500+ employees (SBA cutoff). File: https://www2.census.gov/programs-surveys/susb/datasets/2022/msa_3digitnaics_2022.txt Landing page: https://www.census.gov/data/datasets/2022/econ/susb/2022-susb.html",320376,10054,13615,19576,53344,43719,96589,140308,180068,3.138187629535296,4.24969410942143,6.110320373561065,16.65043573800784,13.646153269907858,30.14863785052563,43.79479112043349,56.20520887956651,False,320376,0,320376,0,
19460,"Decatur, AL Metro Area",metro,2022,standard_01_09,RETRIEVED,U.S. Census Bureau,Statistics of U.S. Businesses (SUSB),U.S. Census Bureau Statistics of U.S. Businesses (SUSB) 2022,msa_3digitnaics_2022.txt,https://www2.census.gov/programs-surveys/susb/datasets/2022/msa_3digitnaics_2022.txt,https://www.census.gov/data/datasets/2022/econ/susb/2022-susb.html,"reference year 2022; MSA dataset originally released 2025-05-29, revised 2025-07-22 (extraneous estimates removed; remaining estimates unchanged)","mid-March payroll employment at employer establishments, classified by enterprise (firm) employment size; primary split firms <500 vs 500+ employees (SBA cutoff)","U.S. Census Bureau, Statistics of U.S. Businesses (SUSB), 2022 Annual Datasets by Establishment Industry — msa_3digitnaics_2022.txt (all-industry NAICS=--, enterprise employment size); reference year 2022; MSA dataset originally released 2025-05-29, revised 2025-07-22 (extraneous estimates removed; remaining estimates unchanged); measures mid-March payroll employment at employer establishments, classified by enterprise (firm) employment size; primary split firms <500 vs 500+ employees (SBA cutoff). File: https://www2.census.gov/programs-surveys/susb/datasets/2022/msa_3digitnaics_2022.txt Landing page: https://www.census.gov/data/datasets/2022/econ/susb/2022-susb.html",50545,2199,2812,3400,8395,7502,16806,24308,26237,4.350578692254427,5.563359382728262,6.7266791967553665,16.60896231081215,14.84221980413493,33.249579582550204,48.09179938668513,51.90820061331487,False,50545,0,50545,0,
19500,"Decatur, IL Metro Area",metro,2022,standard_01_09,RETRIEVED,U.S. Census Bureau,Statistics of U.S. Businesses (SUSB),U.S. Census Bureau Statistics of U.S. Businesses (SUSB) 2022,msa_3digitnaics_2022.txt,https://www2.census.gov/programs-surveys/susb/datasets/2022/msa_3digitnaics_2022.txt,https://www.census.gov/data/datasets/2022/econ/susb/2022-susb.html,"reference year 2022; MSA dataset originally released 2025-05-29, revised 2025-07-22 (extraneous estimates removed; remaining estimates unchanged)","mid-March payroll employment at employer establishments, classified by enterprise (firm) employment size; primary split firms <500 vs 500+ employees (SBA cutoff)","U.S. Census Bureau, Statistics of U.S. Businesses (SUSB), 2022 Annual Datasets by Establishment Industry — msa_3digitnaics_2022.txt (all-industry NAICS=--, enterprise employment size); reference year 2022; MSA dataset originally released 2025-05-29, revised 2025-07-22 (extraneous estimates removed; remaining estimates unchanged); measures mid-March payroll employment at employer establishments, classified by enterprise (firm) employment size; primary split firms <500 vs 500+ employees (SBA cutoff). File: https://www2.census.gov/programs-surveys/susb/datasets/2022/msa_3digitnaics_2022.txt Landing page: https://www.census.gov/data/datasets/2022/econ/susb/2022-susb.html",43742,1376,1938,2193,5729,5908,11236,17144,26598,3.1457180741621324,4.4305244387545155,5.013488180695899,13.09725206894975,13.50646975446939,25.686982762562298,39.19345251703169,60.80654748296831,False,43742,0,43742,0,
19660,"Deltona-Daytona Beach-Ormond Beach, FL Metro Area",metro,2022,standard_01_09,RETRIEVED,U.S. Census Bureau,Statistics of U.S. Businesses (SUSB),U.S. Census Bureau Statistics of U.S. Businesses (SUSB) 2022,msa_3digitnaics_2022.txt,https://www2.census.gov/programs-surveys/susb/datasets/2022/msa_3digitnaics_2022.txt,https://www.census.gov/data/datasets/2022/econ/susb/2022-susb.html,"reference year 2022; MSA dataset originally released 2025-05-29, revised 2025-07-22 (extraneous estimates removed; remaining estimates unchanged)","mid-March payroll employment at employer establishments, classified by enterprise (firm) employment size; primary split firms <500 vs 500+ employees (SBA cutoff)","U.S. Census Bureau, Statistics of U.S. Businesses (SUSB), 2022 Annual Datasets by Establishment Industry — msa_3digitnaics_2022.txt (all-industry NAICS=--, enterprise employment size); reference year 2022; MSA dataset originally released 2025-05-29, revised 2025-07-22 (extraneous estimates removed; remaining estimates unchanged); measures mid-March payroll employment at employer establishments, classified by enterprise (firm) employment size; primary split firms <500 vs 500+ employees (SBA cutoff). File: https://www2.census.gov/programs-surveys/susb/datasets/2022/msa_3digitnaics_2022.txt Landing page: https://www.census.gov/data/datasets/2022/econ/susb/2022-susb.html",184924,14241,12255,16038,33780,21184,76314,97498,87426,7.701001492505029,6.627046786788086,8.672752049490601,18.26696372563864,11.455516860980728,41.26776405442236,52.72328091540309,47.27671908459691,False,184924,0,184924,0,
19740,"Denver-Aurora-Centennial, CO Metro Area",metro,2022,standard_01_09,RETRIEVED,U.S. Census Bureau,Statistics of U.S. Businesses (SUSB),U.S. Census Bureau Statistics of U.S. Businesses (SUSB) 2022,msa_3digitnaics_2022.txt,https://www2.census.gov/programs-surveys/susb/datasets/2022/msa_3digitnaics_2022.txt,https://www.census.gov/data/datasets/2022/econ/susb/2022-susb.html,"reference year 2022; MSA dataset originally released 2025-05-29, revised 2025-07-22 (extraneous estimates removed; remaining estimates unchanged)","mid-March payroll employment at employer establishments, classified by enterprise (firm) employment size; primary split firms <500 vs 500+ employees (SBA cutoff)","U.S. Census Bureau, Statistics of U.S. Businesses (SUSB), 2022 Annual Datasets by Establishment Industry — msa_3digitnaics_2022.txt (all-industry NAICS=--, enterprise employment size); reference year 2022; MSA dataset originally released 2025-05-29, revised 2025-07-22 (extraneous estimates removed; remaining estimates unchanged); measures mid-March payroll employment at employer establishments, classified by enterprise (firm) employment size; primary split firms <500 vs 500+ employees (SBA cutoff). File: https://www2.census.gov/programs-surveys/susb/datasets/2022/msa_3digitnaics_2022.txt Landing page: https://www.census.gov/data/datasets/2022/econ/susb/2022-susb.html",1369510,67791,63834,88305,219562,179138,439492,618630,750880,4.950018619798322,4.661083161130623,6.44792663069273,16.032157486984396,13.080444830632855,32.09118589860607,45.17163072923893,54.82836927076107,False,1369510,0,1369510,0,
19780,"Des Moines-West Des Moines, IA Metro Area",metro,2022,standard_01_09,RETRIEVED,U.S. Census Bureau,Statistics of U.S. Businesses (SUSB),U.S. Census Bureau Statistics of U.S. Businesses (SUSB) 2022,msa_3digitnaics_2022.txt,https://www2.census.gov/programs-surveys/susb/datasets/2022/msa_3digitnaics_2022.txt,https://www.census.gov/data/datasets/2022/econ/susb/2022-susb.html,"reference year 2022; MSA dataset originally released 2025-05-29, revised 2025-07-22 (extraneous estimates removed; remaining estimates unchanged)","mid-March payroll employment at employer establishments, classified by enterprise (firm) employment size; primary split firms <500 vs 500+ employees (SBA cutoff)","U.S. Census Bureau, Statistics of U.S. Businesses (SUSB), 2022 Annual Datasets by Establishment Industry — msa_3digitnaics_2022.txt (all-industry NAICS=--, enterprise employment size); reference year 2022; MSA dataset originally released 2025-05-29, revised 2025-07-22 (extraneous estimates removed; remaining estimates unchanged); measures mid-March payroll employment at employer establishments, classified by enterprise (firm) employment size; primary split firms <500 vs 500+ employees (SBA cutoff). File: https://www2.census.gov/programs-surveys/susb/datasets/2022/msa_3digitnaics_2022.txt Landing page: https://www.census.gov/data/datasets/2022/econ/susb/2022-susb.html",350871,12268,13318,19981,50501,47415,96068,143483,207388,3.49644171219622,3.795696994051945,5.694685511199273,14.393039037139005,13.513513513513514,27.379863254586443,40.893376768099955,59.106623231900045,False,350871,0,350871,0,
19820,"Detroit-Warren-Dearborn, MI Metro Area",metro,2022,standard_01_09,RETRIEVED,U.S. Census Bureau,Statistics of U.S. Businesses (SUSB),U.S. Census Bureau Statistics of U.S. Businesses (SUSB) 2022,msa_3digitnaics_2022.txt,https://www2.census.gov/programs-surveys/susb/datasets/2022/msa_3digitnaics_2022.txt,https://www.census.gov/data/datasets/2022/econ/susb/2022-susb.html,"reference year 2022; MSA dataset originally released 2025-05-29, revised 2025-07-22 (extraneous estimates removed; remaining estimates unchanged)","mid-March payroll employment at employer establishments, classified by enterprise (firm) employment size; primary split firms <500 vs 500+ employees (SBA cutoff)","U.S. Census Bureau, Statistics of U.S. Businesses (SUSB), 2022 Annual Datasets by Establishment Industry — msa_3digitnaics_2022.txt (all-industry NAICS=--, enterprise employment size); reference year 2022; MSA dataset originally released 2025-05-29, revised 2025-07-22 (extraneous estimates removed; remaining estimates unchanged); measures mid-March payroll employment at employer establishments, classified by enterprise (firm) employment size; primary split firms <500 vs 500+ employees (SBA cutoff). File: https://www2.census.gov/programs-surveys/susb/datasets/2022/msa_3digitnaics_2022.txt Landing page: https://www.census.gov/data/datasets/2022/econ/susb/2022-susb.html",1781381,75365,87553,117664,306916,252732,587498,840230,941151,4.230706401381849,4.91489468002634,6.6052124727949835,17.2291048349567,14.187419760287103,32.97991838915987,47.16733814944698,52.83266185055302,False,1781381,0,1781381,0,
20020,"Dothan, AL Metro Area",metro,2022,standard_01_09,RETRIEVED,U.S. Census Bureau,Statistics of U.S. Businesses (SUSB),U.S. Census Bureau Statistics of U.S. Businesses (SUSB) 2022,msa_3digitnaics_2022.txt,https://www2.census.gov/programs-surveys/susb/datasets/2022/msa_3digitnaics_2022.txt,https://www.census.gov/data/datasets/2022/econ/susb/2022-susb.html,"reference year 2022; MSA dataset originally released 2025-05-29, revised 2025-07-22 (extraneous estimates removed; remaining estimates unchanged)","mid-March payroll employment at employer establishments, classified by enterprise (firm) employment size; primary split firms <500 vs 500+ employees (SBA cutoff)","U.S. Census Bureau, Statistics of U.S. Businesses (SUSB), 2022 Annual Datasets by Establishment Industry — msa_3digitnaics_2022.txt (all-industry NAICS=--, enterprise employment size); reference year 2022; MSA dataset originally released 2025-05-29, revised 2025-07-22 (extraneous estimates removed; remaining estimates unchanged); measures mid-March payroll employment at employer establishments, classified by enterprise (firm) employment size; primary split firms <500 vs 500+ employees (SBA cutoff). File: https://www2.census.gov/programs-surveys/susb/datasets/2022/msa_3digitnaics_2022.txt Landing page: https://www.census.gov/data/datasets/2022/econ/susb/2022-susb.html",53415,2477,3116,4151,11369,6737,21113,27850,25565,4.637274173921183,5.833567349995319,7.77122531124216,21.284283440981,12.612562014415426,39.52635027613966,52.13891229055509,47.86108770944491,False,53415,0,53415,0,
20100,"Dover, DE Metro Area",metro,2022,standard_01_09,RETRIEVED,U.S. Census Bureau,Statistics of U.S. Businesses (SUSB),U.S. Census Bureau Statistics of U.S. Businesses (SUSB) 2022,msa_3digitnaics_2022.txt,https://www2.census.gov/programs-surveys/susb/datasets/2022/msa_3digitnaics_2022.txt,https://www.census.gov/data/datasets/2022/econ/susb/2022-susb.html,"reference year 2022; MSA dataset originally released 2025-05-29, revised 2025-07-22 (extraneous estimates removed; remaining estimates unchanged)","mid-March payroll employment at employer establishments, classified by enterprise (firm) employment size; primary split firms <500 vs 500+ employees (SBA cutoff)","U.S. Census Bureau, Statistics of U.S. Businesses (SUSB), 2022 Annual Datasets by Establishment Industry — msa_3digitnaics_2022.txt (all-industry NAICS=--, enterprise employment size); reference year 2022; MSA dataset originally released 2025-05-29, revised 2025-07-22 (extraneous estimates removed; remaining estimates unchanged); measures mid-March payroll employment at employer establishments, classified by enterprise (firm) employment size; primary split firms <500 vs 500+ employees (SBA cutoff). File: https://www2.census.gov/programs-surveys/susb/datasets/2022/msa_3digitnaics_2022.txt Landing page: https://www.census.gov/data/datasets/2022/econ/susb/2022-susb.html",58874,3466,3493,5407,12339,8203,24705,32908,25966,5.887148826307029,5.933009477867989,9.184020110744981,20.958317763359037,13.933145361280022,41.96249617827904,55.89564153955906,44.10435846044094,False,58874,0,58874,0,
20220,"Dubuque, IA Metro Area",metro,2022,standard_01_09,RETRIEVED,U.S. Census Bureau,Statistics of U.S. Businesses (SUSB),U.S. Census Bureau Statistics of U.S. Businesses (SUSB) 2022,msa_3digitnaics_2022.txt,https://www2.census.gov/programs-surveys/susb/datasets/2022/msa_3digitnaics_2022.txt,https://www.census.gov/data/datasets/2022/econ/susb/2022-susb.html,"reference year 2022; MSA dataset originally released 2025-05-29, revised 2025-07-22 (extraneous estimates removed; remaining estimates unchanged)","mid-March payroll employment at employer establishments, classified by enterprise (firm) employment size; primary split firms <500 vs 500+ employees (SBA cutoff)","U.S. Census Bureau, Statistics of U.S. Businesses (SUSB), 2022 Annual Datasets by Establishment Industry — msa_3digitnaics_2022.txt (all-industry NAICS=--, enterprise employment size); reference year 2022; MSA dataset originally released 2025-05-29, revised 2025-07-22 (extraneous estimates removed; remaining estimates unchanged); measures mid-March payroll employment at employer establishments, classified by enterprise (firm) employment size; primary split firms <500 vs 500+ employees (SBA cutoff). File: https://www2.census.gov/programs-surveys/susb/datasets/2022/msa_3digitnaics_2022.txt Landing page: https://www.census.gov/data/datasets/2022/econ/susb/2022-susb.html",54547,1845,2368,3369,9044,11285,16626,27911,26636,3.382404165215319,4.341210332373916,6.176325004124883,16.580196894421324,20.688580490219444,30.480136396135443,51.168716886354886,48.831283113645114,False,54547,0,54547,0,
20260,"Duluth, MN-WI Metro Area",metro,2022,standard_01_09,RETRIEVED,U.S. Census Bureau,Statistics of U.S. Businesses (SUSB),U.S. Census Bureau Statistics of U.S. Businesses (SUSB) 2022,msa_3digitnaics_2022.txt,https://www2.census.gov/programs-surveys/susb/datasets/2022/msa_3digitnaics_2022.txt,https://www.census.gov/data/datasets/2022/econ/susb/2022-susb.html,"reference year 2022; MSA dataset originally released 2025-05-29, revised 2025-07-22 (extraneous estimates removed; remaining estimates unchanged)","mid-March payroll employment at employer establishments, classified by enterprise (firm) employment size; primary split firms <500 vs 500+ employees (SBA cutoff)","U.S. Census Bureau, Statistics of U.S. Businesses (SUSB), 2022 Annual Datasets by Establishment Industry — msa_3digitnaics_2022.txt (all-industry NAICS=--, enterprise employment size); reference year 2022; MSA dataset originally released 2025-05-29, revised 2025-07-22 (extraneous estimates removed; remaining estimates unchanged); measures mid-March payroll employment at employer establishments, classified by enterprise (firm) employment size; primary split firms <500 vs 500+ employees (SBA cutoff). File: https://www2.census.gov/programs-surveys/susb/datasets/2022/msa_3digitnaics_2022.txt Landing page: https://www.census.gov/data/datasets/2022/econ/susb/2022-susb.html",104858,4683,6203,8641,20524,16369,40051,56420,48438,4.466039787140705,5.915619218371512,8.240668332411452,19.573137004329666,15.610635335405977,38.19546434225333,53.80609967765931,46.19390032234069,False,104858,0,104858,0,
20500,"Durham-Chapel Hill, NC Metro Area",metro,2022,standard_01_09,RETRIEVED,U.S. Census Bureau,Statistics of U.S. Businesses (SUSB),U.S. Census Bureau Statistics of U.S. Businesses (SUSB) 2022,msa_3digitnaics_2022.txt,https://www2.census.gov/programs-surveys/susb/datasets/2022/msa_3digitnaics_2022.txt,https://www.census.gov/data/datasets/2022/econ/susb/2022-susb.html,"reference year 2022; MSA dataset originally released 2025-05-29, revised 2025-07-22 (extraneous estimates removed; remaining estimates unchanged)","mid-March payroll employment at employer establishments, classified by enterprise (firm) employment size; primary split firms <500 vs 500+ employees (SBA cutoff)","U.S. Census Bureau, Statistics of U.S. Businesses (SUSB), 2022 Annual Datasets by Establishment Industry — msa_3digitnaics_2022.txt (all-industry NAICS=--, enterprise employment size); reference year 2022; MSA dataset originally released 2025-05-29, revised 2025-07-22 (extraneous estimates removed; remaining estimates unchanged); measures mid-March payroll employment at employer establishments, classified by enterprise (firm) employment size; primary split firms <500 vs 500+ employees (SBA cutoff). File: https://www2.census.gov/programs-surveys/susb/datasets/2022/msa_3digitnaics_2022.txt Landing page: https://www.census.gov/data/datasets/2022/econ/susb/2022-susb.html",294892,10424,10832,15543,37944,31098,74743,105841,189051,3.534853437868779,3.6732091748843643,5.270743187336381,12.86708354244944,10.545555661055573,25.345889342538964,35.891445003594534,64.10855499640546,False,294892,0,294892,0,
20580,"Eagle Pass, TX Metro Area",metro,2022,standard_01_09,RETRIEVED,U.S. Census Bureau,Statistics of U.S. Businesses (SUSB),U.S. Census Bureau Statistics of U.S. Businesses (SUSB) 2022,msa_3digitnaics_2022.txt,https://www2.census.gov/programs-surveys/susb/datasets/2022/msa_3digitnaics_2022.txt,https://www.census.gov/data/datasets/2022/econ/susb/2022-susb.html,"reference year 2022; MSA dataset originally released 2025-05-29, revised 2025-07-22 (extraneous estimates removed; remaining estimates unchanged)","mid-March payroll employment at employer establishments, classified by enterprise (firm) employment size; primary split firms <500 vs 500+ employees (SBA cutoff)","U.S. Census Bureau, Statistics of U.S. Businesses (SUSB), 2022 Annual Datasets by Establishment Industry — msa_3digitnaics_2022.txt (all-industry NAICS=--, enterprise employment size); reference year 2022; MSA dataset originally released 2025-05-29, revised 2025-07-22 (extraneous estimates removed; remaining estimates unchanged); measures mid-March payroll employment at employer establishments, classified by enterprise (firm) employment size; primary split firms <500 vs 500+ employees (SBA cutoff). File: https://www2.census.gov/programs-surveys/susb/datasets/2022/msa_3digitnaics_2022.txt Landing page: https://www.census.gov/data/datasets/2022/econ/susb/2022-susb.html",12294,674,692,1039,1719,1843,4124,5967,6327,5.482349113388645,5.628761997722466,8.451277045713356,13.98243045387994,14.991052545957377,33.54481861070441,48.535871156661784,51.464128843338216,False,12294,0,12294,0,
20740,"Eau Claire, WI Metro Area",metro,2022,standard_01_09,RETRIEVED,U.S. Census Bureau,Statistics of U.S. Businesses (SUSB),U.S. Census Bureau Statistics of U.S. Businesses (SUSB) 2022,msa_3digitnaics_2022.txt,https://www2.census.gov/programs-surveys/susb/datasets/2022/msa_3digitnaics_2022.txt,https://www.census.gov/data/datasets/2022/econ/susb/2022-susb.html,"reference year 2022; MSA dataset originally released 2025-05-29, revised 2025-07-22 (extraneous estimates removed; remaining estimates unchanged)","mid-March payroll employment at employer establishments, classified by enterprise (firm) employment size; primary split firms <500 vs 500+ employees (SBA cutoff)","U.S. Census Bureau, Statistics of U.S. Businesses (SUSB), 2022 Annual Datasets by Establishment Industry — msa_3digitnaics_2022.txt (all-industry NAICS=--, enterprise employment size); reference year 2022; MSA dataset originally released 2025-05-29, revised 2025-07-22 (extraneous estimates removed; remaining estimates unchanged); measures mid-March payroll employment at employer establishments, classified by enterprise (firm) employment size; primary split firms <500 vs 500+ employees (SBA cutoff). File: https://www2.census.gov/programs-surveys/susb/datasets/2022/msa_3digitnaics_2022.txt Landing page: https://www.census.gov/data/datasets/2022/econ/susb/2022-susb.html",74114,2827,3932,5645,13962,12595,26366,38961,35153,3.8143940416115716,5.305340421512804,7.616644628545214,18.83854602369323,16.994090185390075,35.57492511536282,52.569015300752895,47.430984699247105,False,74114,0,74114,0,
20940,"El Centro, CA Metro Area",metro,2022,standard_01_09,RETRIEVED,U.S. Census Bureau,Statistics of U.S. Businesses (SUSB),U.S. Census Bureau Statistics of U.S. Businesses (SUSB) 2022,msa_3digitnaics_2022.txt,https://www2.census.gov/programs-surveys/susb/datasets/2022/msa_3digitnaics_2022.txt,https://www.census.gov/data/datasets/2022/econ/susb/2022-susb.html,"reference year 2022; MSA dataset originally released 2025-05-29, revised 2025-07-22 (extraneous estimates removed; remaining estimates unchanged)","mid-March payroll employment at employer establishments, classified by enterprise (firm) employment size; primary split firms <500 vs 500+ employees (SBA cutoff)","U.S. Census Bureau, Statistics of U.S. Businesses (SUSB), 2022 Annual Datasets by Establishment Industry — msa_3digitnaics_2022.txt (all-industry NAICS=--, enterprise employment size); reference year 2022; MSA dataset originally released 2025-05-29, revised 2025-07-22 (extraneous estimates removed; remaining estimates unchanged); measures mid-March payroll employment at employer establishments, classified by enterprise (firm) employment size; primary split firms <500 vs 500+ employees (SBA cutoff). File: https://www2.census.gov/programs-surveys/susb/datasets/2022/msa_3digitnaics_2022.txt Landing page: https://www.census.gov/data/datasets/2022/econ/susb/2022-susb.html",33992,1844,2308,3565,7211,3556,14928,18484,15508,5.424805836667451,6.789832901859261,10.487761826312074,21.213815015297715,10.461285008237232,43.9162155801365,54.377500588373735,45.622499411626265,False,33992,0,33992,0,
21340,"El Paso, TX Metro Area",metro,2022,standard_01_09,RETRIEVED,U.S. Census Bureau,Statistics of U.S. Businesses (SUSB),U.S. Census Bureau Statistics of U.S. Businesses (SUSB) 2022,msa_3digitnaics_2022.txt,https://www2.census.gov/programs-surveys/susb/datasets/2022/msa_3digitnaics_2022.txt,https://www.census.gov/data/datasets/2022/econ/susb/2022-susb.html,"reference year 2022; MSA dataset originally released 2025-05-29, revised 2025-07-22 (extraneous estimates removed; remaining estimates unchanged)","mid-March payroll employment at employer establishments, classified by enterprise (firm) employment size; primary split firms <500 vs 500+ employees (SBA cutoff)","U.S. Census Bureau, Statistics of U.S. Businesses (SUSB), 2022 Annual Datasets by Establishment Industry — msa_3digitnaics_2022.txt (all-industry NAICS=--, enterprise employment size); reference year 2022; MSA dataset originally released 2025-05-29, revised 2025-07-22 (extraneous estimates removed; remaining estimates unchanged); measures mid-March payroll employment at employer establishments, classified by enterprise (firm) employment size; primary split firms <500 vs 500+ employees (SBA cutoff). File: https://www2.census.gov/programs-surveys/susb/datasets/2022/msa_3digitnaics_2022.txt Landing page: https://www.census.gov/data/datasets/2022/econ/susb/2022-susb.html",248813,10998,13290,17476,42662,39776,84426,124202,124611,4.4201870481044,5.341360780988132,7.023748759108246,17.146210206058367,15.986302966484871,33.93150679425914,49.917809760744014,50.082190239255986,False,248813,0,248813,0,
21060,"Elizabethtown, KY Metro Area",metro,2022,standard_01_09,RETRIEVED,U.S. Census Bureau,Statistics of U.S. Businesses (SUSB),U.S. Census Bureau Statistics of U.S. Businesses (SUSB) 2022,msa_3digitnaics_2022.txt,https://www2.census.gov/programs-surveys/susb/datasets/2022/msa_3digitnaics_2022.txt,https://www.census.gov/data/datasets/2022/econ/susb/2022-susb.html,"reference year 2022; MSA dataset originally released 2025-05-29, revised 2025-07-22 (extraneous estimates removed; remaining estimates unchanged)","mid-March payroll employment at employer establishments, classified by enterprise (firm) employment size; primary split firms <500 vs 500+ employees (SBA cutoff)","U.S. Census Bureau, Statistics of U.S. Businesses (SUSB), 2022 Annual Datasets by Establishment Industry — msa_3digitnaics_2022.txt (all-industry NAICS=--, enterprise employment size); reference year 2022; MSA dataset originally released 2025-05-29, revised 2025-07-22 (extraneous estimates removed; remaining estimates unchanged); measures mid-March payroll employment at employer establishments, classified by enterprise (firm) employment size; primary split firms <500 vs 500+ employees (SBA cutoff). File: https://www2.census.gov/programs-surveys/susb/datasets/2022/msa_3digitnaics_2022.txt Landing page: https://www.census.gov/data/datasets/2022/econ/susb/2022-susb.html",38079,1598,2069,2726,6127,4811,12520,17331,20748,4.196538774652696,5.433441004228052,7.1588014391134225,16.090233462013185,12.63426035347567,32.87901468000735,45.51327503348302,54.48672496651698,False,38079,0,38079,0,
21140,"Elkhart-Goshen, IN Metro Area",metro,2022,standard_01_09,RETRIEVED,U.S. Census Bureau,Statistics of U.S. Businesses (SUSB),U.S. Census Bureau Statistics of U.S. Businesses (SUSB) 2022,msa_3digitnaics_2022.txt,https://www2.census.gov/programs-surveys/susb/datasets/2022/msa_3digitnaics_2022.txt,https://www.census.gov/data/datasets/2022/econ/susb/2022-susb.html,"reference year 2022; MSA dataset originally released 2025-05-29, revised 2025-07-22 (extraneous estimates removed; remaining estimates unchanged)","mid-March payroll employment at employer establishments, classified by enterprise (firm) employment size; primary split firms <500 vs 500+ employees (SBA cutoff)","U.S. Census Bureau, Statistics of U.S. Businesses (SUSB), 2022 Annual Datasets by Establishment Industry — msa_3digitnaics_2022.txt (all-industry NAICS=--, enterprise employment size); reference year 2022; MSA dataset originally released 2025-05-29, revised 2025-07-22 (extraneous estimates removed; remaining estimates unchanged); measures mid-March payroll employment at employer establishments, classified by enterprise (firm) employment size; primary split firms <500 vs 500+ employees (SBA cutoff). File: https://www2.census.gov/programs-surveys/susb/datasets/2022/msa_3digitnaics_2022.txt Landing page: https://www.census.gov/data/datasets/2022/econ/susb/2022-susb.html",143423,3314,4727,6410,21598,19018,36049,55067,88356,2.3106475251528695,3.295845157331809,4.469297114130927,15.05895149313569,13.260076835653974,25.134741289751297,38.39481812540527,61.60518187459473,False,143423,0,143423,0,
21300,"Elmira, NY Metro Area",metro,2022,standard_01_09,RETRIEVED,U.S. Census Bureau,Statistics of U.S. Businesses (SUSB),U.S. Census Bureau Statistics of U.S. Businesses (SUSB) 2022,msa_3digitnaics_2022.txt,https://www2.census.gov/programs-surveys/susb/datasets/2022/msa_3digitnaics_2022.txt,https://www.census.gov/data/datasets/2022/econ/susb/2022-susb.html,"reference year 2022; MSA dataset originally released 2025-05-29, revised 2025-07-22 (extraneous estimates removed; remaining estimates unchanged)","mid-March payroll employment at employer establishments, classified by enterprise (firm) employment size; primary split firms <500 vs 500+ employees (SBA cutoff)","U.S. Census Bureau, Statistics of U.S. Businesses (SUSB), 2022 Annual Datasets by Establishment Industry — msa_3digitnaics_2022.txt (all-industry NAICS=--, enterprise employment size); reference year 2022; MSA dataset originally released 2025-05-29, revised 2025-07-22 (extraneous estimates removed; remaining estimates unchanged); measures mid-March payroll employment at employer establishments, classified by enterprise (firm) employment size; primary split firms <500 vs 500+ employees (SBA cutoff). File: https://www2.census.gov/programs-surveys/susb/datasets/2022/msa_3digitnaics_2022.txt Landing page: https://www.census.gov/data/datasets/2022/econ/susb/2022-susb.html",28516,1090,1471,1787,5027,5832,9375,15207,13309,3.822415486042923,5.158507504558844,6.2666573151914715,17.628699677374104,20.451676251928742,32.87627998316734,53.32795623509609,46.67204376490391,False,28516,0,28516,0,
21420,"Enid, OK Metro Area",metro,2022,standard_01_09,RETRIEVED,U.S. Census Bureau,Statistics of U.S. Businesses (SUSB),U.S. Census Bureau Statistics of U.S. Businesses (SUSB) 2022,msa_3digitnaics_2022.txt,https://www2.census.gov/programs-surveys/susb/datasets/2022/msa_3digitnaics_2022.txt,https://www.census.gov/data/datasets/2022/econ/susb/2022-susb.html,"reference year 2022; MSA dataset originally released 2025-05-29, revised 2025-07-22 (extraneous estimates removed; remaining estimates unchanged)","mid-March payroll employment at employer establishments, classified by enterprise (firm) employment size; primary split firms <500 vs 500+ employees (SBA cutoff)","U.S. Census Bureau, Statistics of U.S. Businesses (SUSB), 2022 Annual Datasets by Establishment Industry — msa_3digitnaics_2022.txt (all-industry NAICS=--, enterprise employment size); reference year 2022; MSA dataset originally released 2025-05-29, revised 2025-07-22 (extraneous estimates removed; remaining estimates unchanged); measures mid-March payroll employment at employer establishments, classified by enterprise (firm) employment size; primary split firms <500 vs 500+ employees (SBA cutoff). File: https://www2.census.gov/programs-surveys/susb/datasets/2022/msa_3digitnaics_2022.txt Landing page: https://www.census.gov/data/datasets/2022/econ/susb/2022-susb.html",20387,1138,1282,1726,4340,3334,8486,11820,8567,5.581988522097415,6.288320988865453,8.466179428066905,21.288075734536715,16.353558640310002,41.62456467356649,57.97812331387649,42.02187668612351,False,20387,0,20387,0,
21500,"Erie, PA Metro Area",metro,2022,standard_01_09,RETRIEVED,U.S. Census Bureau,Statistics of U.S. Businesses (SUSB),U.S. Census Bureau Statistics of U.S. Businesses (SUSB) 2022,msa_3digitnaics_2022.txt,https://www2.census.gov/programs-surveys/susb/datasets/2022/msa_3digitnaics_2022.txt,https://www.census.gov/data/datasets/2022/econ/susb/2022-susb.html,"reference year 2022; MSA dataset originally released 2025-05-29, revised 2025-07-22 (extraneous estimates removed; remaining estimates unchanged)","mid-March payroll employment at employer establishments, classified by enterprise (firm) employment size; primary split firms <500 vs 500+ employees (SBA cutoff)","U.S. Census Bureau, Statistics of U.S. Businesses (SUSB), 2022 Annual Datasets by Establishment Industry — msa_3digitnaics_2022.txt (all-industry NAICS=--, enterprise employment size); reference year 2022; MSA dataset originally released 2025-05-29, revised 2025-07-22 (extraneous estimates removed; remaining estimates unchanged); measures mid-March payroll employment at employer establishments, classified by enterprise (firm) employment size; primary split firms <500 vs 500+ employees (SBA cutoff). File: https://www2.census.gov/programs-surveys/susb/datasets/2022/msa_3digitnaics_2022.txt Landing page: https://www.census.gov/data/datasets/2022/econ/susb/2022-susb.html",112074,3965,5880,7996,20124,17849,37965,55814,56260,3.5378410692935027,5.246533540339419,7.134571800774489,17.95599336152899,15.926084551278619,33.8749397719364,49.80102432321502,50.19897567678498,False,112074,0,112074,0,
21660,"Eugene-Springfield, OR Metro Area",metro,2022,standard_01_09,RETRIEVED,U.S. Census Bureau,Statistics of U.S. Businesses (SUSB),U.S. Census Bureau Statistics of U.S. Businesses (SUSB) 2022,msa_3digitnaics_2022.txt,https://www2.census.gov/programs-surveys/susb/datasets/2022/msa_3digitnaics_2022.txt,https://www.census.gov/data/datasets/2022/econ/susb/2022-susb.html,"reference year 2022; MSA dataset originally released 2025-05-29, revised 2025-07-22 (extraneous estimates removed; remaining estimates unchanged)","mid-March payroll employment at employer establishments, classified by enterprise (firm) employment size; primary split firms <500 vs 500+ employees (SBA cutoff)","U.S. Census Bureau, Statistics of U.S. Businesses (SUSB), 2022 Annual Datasets by Establishment Industry — msa_3digitnaics_2022.txt (all-industry NAICS=--, enterprise employment size); reference year 2022; MSA dataset originally released 2025-05-29, revised 2025-07-22 (extraneous estimates removed; remaining estimates unchanged); measures mid-March payroll employment at employer establishments, classified by enterprise (firm) employment size; primary split firms <500 vs 500+ employees (SBA cutoff). File: https://www2.census.gov/programs-surveys/susb/datasets/2022/msa_3digitnaics_2022.txt Landing page: https://www.census.gov/data/datasets/2022/econ/susb/2022-susb.html",127436,7511,9495,13211,28381,22183,58598,80781,46655,5.893938918359019,7.450798832355065,10.366772340625882,22.270786904799273,17.407169088797513,45.98229699613924,63.38946608493675,36.61053391506325,False,127436,0,127436,0,
21780,"Evansville, IN Metro Area",metro,2022,standard_01_09,RETRIEVED,U.S. Census Bureau,Statistics of U.S. Businesses (SUSB),U.S. Census Bureau Statistics of U.S. Businesses (SUSB) 2022,msa_3digitnaics_2022.txt,https://www2.census.gov/programs-surveys/susb/datasets/2022/msa_3digitnaics_2022.txt,https://www.census.gov/data/datasets/2022/econ/susb/2022-susb.html,"reference year 2022; MSA dataset originally released 2025-05-29, revised 2025-07-22 (extraneous estimates removed; remaining estimates unchanged)","mid-March payroll employment at employer establishments, classified by enterprise (firm) employment size; primary split firms <500 vs 500+ employees (SBA cutoff)","U.S. Census Bureau, Statistics of U.S. Businesses (SUSB), 2022 Annual Datasets by Establishment Industry — msa_3digitnaics_2022.txt (all-industry NAICS=--, enterprise employment size); reference year 2022; MSA dataset originally released 2025-05-29, revised 2025-07-22 (extraneous estimates removed; remaining estimates unchanged); measures mid-March payroll employment at employer establishments, classified by enterprise (firm) employment size; primary split firms <500 vs 500+ employees (SBA cutoff). File: https://www2.census.gov/programs-surveys/susb/datasets/2022/msa_3digitnaics_2022.txt Landing page: https://www.census.gov/data/datasets/2022/econ/susb/2022-susb.html",135727,4183,5981,7732,22965,17350,40861,58211,77516,3.0819217989051553,4.406639799008303,5.696729464292293,16.919993811106117,12.7830129598385,30.10528487331187,42.88829783315037,57.11170216684963,False,135727,0,135727,0,
21820,"Fairbanks-College, AK Metro Area",metro,2022,standard_01_09,RETRIEVED,U.S. Census Bureau,Statistics of U.S. Businesses (SUSB),U.S. Census Bureau Statistics of U.S. Businesses (SUSB) 2022,msa_3digitnaics_2022.txt,https://www2.census.gov/programs-surveys/susb/datasets/2022/msa_3digitnaics_2022.txt,https://www.census.gov/data/datasets/2022/econ/susb/2022-susb.html,"reference year 2022; MSA dataset originally released 2025-05-29, revised 2025-07-22 (extraneous estimates removed; remaining estimates unchanged)","mid-March payroll employment at employer establishments, classified by enterprise (firm) employment size; primary split firms <500 vs 500+ employees (SBA cutoff)","U.S. Census Bureau, Statistics of U.S. Businesses (SUSB), 2022 Annual Datasets by Establishment Industry — msa_3digitnaics_2022.txt (all-industry NAICS=--, enterprise employment size); reference year 2022; MSA dataset originally released 2025-05-29, revised 2025-07-22 (extraneous estimates removed; remaining estimates unchanged); measures mid-March payroll employment at employer establishments, classified by enterprise (firm) employment size; primary split firms <500 vs 500+ employees (SBA cutoff). File: https://www2.census.gov/programs-surveys/susb/datasets/2022/msa_3digitnaics_2022.txt Landing page: https://www.census.gov/data/datasets/2022/econ/susb/2022-susb.html",25941,1773,2415,3103,6114,4196,13405,17601,8340,6.834740372383486,9.309587140048572,11.961759377047917,23.568867815427314,16.17516672449019,51.67495470490729,67.85012142939748,32.149878570602525,False,25941,0,25941,0,
22020,"Fargo, ND-MN Metro Area",metro,2022,standard_01_09,RETRIEVED,U.S. Census Bureau,Statistics of U.S. Businesses (SUSB),U.S. Census Bureau Statistics of U.S. Businesses (SUSB) 2022,msa_3digitnaics_2022.txt,https://www2.census.gov/programs-surveys/susb/datasets/2022/msa_3digitnaics_2022.txt,https://www.census.gov/data/datasets/2022/econ/susb/2022-susb.html,"reference year 2022; MSA dataset originally released 2025-05-29, revised 2025-07-22 (extraneous estimates removed; remaining estimates unchanged)","mid-March payroll employment at employer establishments, classified by enterprise (firm) employment size; primary split firms <500 vs 500+ employees (SBA cutoff)","U.S. Census Bureau, Statistics of U.S. Businesses (SUSB), 2022 Annual Datasets by Establishment Industry — msa_3digitnaics_2022.txt (all-industry NAICS=--, enterprise employment size); reference year 2022; MSA dataset originally released 2025-05-29, revised 2025-07-22 (extraneous estimates removed; remaining estimates unchanged); measures mid-March payroll employment at employer establishments, classified by enterprise (firm) employment size; primary split firms <500 vs 500+ employees (SBA cutoff). File: https://www2.census.gov/programs-surveys/susb/datasets/2022/msa_3digitnaics_2022.txt Landing page: https://www.census.gov/data/datasets/2022/econ/susb/2022-susb.html",124634,4647,6269,8912,23863,19452,43691,63143,61491,3.728517098063129,5.029927628095062,7.150536771667443,19.146460837331706,15.607298169038947,35.05544233515734,50.662740504196286,49.337259495803714,False,124634,0,124634,0,
22140,"Farmington, NM Metro Area",metro,2022,standard_01_09,RETRIEVED,U.S. Census Bureau,Statistics of U.S. Businesses (SUSB),U.S. Census Bureau Statistics of U.S. Businesses (SUSB) 2022,msa_3digitnaics_2022.txt,https://www2.census.gov/programs-surveys/susb/datasets/2022/msa_3digitnaics_2022.txt,https://www.census.gov/data/datasets/2022/econ/susb/2022-susb.html,"reference year 2022; MSA dataset originally released 2025-05-29, revised 2025-07-22 (extraneous estimates removed; remaining estimates unchanged)","mid-March payroll employment at employer establishments, classified by enterprise (firm) employment size; primary split firms <500 vs 500+ employees (SBA cutoff)","U.S. Census Bureau, Statistics of U.S. Businesses (SUSB), 2022 Annual Datasets by Establishment Industry — msa_3digitnaics_2022.txt (all-industry NAICS=--, enterprise employment size); reference year 2022; MSA dataset originally released 2025-05-29, revised 2025-07-22 (extraneous estimates removed; remaining estimates unchanged); measures mid-March payroll employment at employer establishments, classified by enterprise (firm) employment size; primary split firms <500 vs 500+ employees (SBA cutoff). File: https://www2.census.gov/programs-surveys/susb/datasets/2022/msa_3digitnaics_2022.txt Landing page: https://www.census.gov/data/datasets/2022/econ/susb/2022-susb.html",34387,1679,2250,3115,6923,6265,13967,20232,14155,4.882659144444121,6.543170384156803,9.058655887399308,20.13260825311891,18.21909442521883,40.61709366911914,58.83618809433798,41.16381190566202,False,34387,0,34387,0,
22180,"Fayetteville, NC Metro Area",metro,2022,standard_01_09,RETRIEVED,U.S. Census Bureau,Statistics of U.S. Businesses (SUSB),U.S. Census Bureau Statistics of U.S. Businesses (SUSB) 2022,msa_3digitnaics_2022.txt,https://www2.census.gov/programs-surveys/susb/datasets/2022/msa_3digitnaics_2022.txt,https://www.census.gov/data/datasets/2022/econ/susb/2022-susb.html,"reference year 2022; MSA dataset originally released 2025-05-29, revised 2025-07-22 (extraneous estimates removed; remaining estimates unchanged)","mid-March payroll employment at employer establishments, classified by enterprise (firm) employment size; primary split firms <500 vs 500+ employees (SBA cutoff)","U.S. Census Bureau, Statistics of U.S. Businesses (SUSB), 2022 Annual Datasets by Establishment Industry — msa_3digitnaics_2022.txt (all-industry NAICS=--, enterprise employment size); reference year 2022; MSA dataset originally released 2025-05-29, revised 2025-07-22 (extraneous estimates removed; remaining estimates unchanged); measures mid-March payroll employment at employer establishments, classified by enterprise (firm) employment size; primary split firms <500 vs 500+ employees (SBA cutoff). File: https://www2.census.gov/programs-surveys/susb/datasets/2022/msa_3digitnaics_2022.txt Landing page: https://www.census.gov/data/datasets/2022/econ/susb/2022-susb.html",101831,4256,5455,6794,17676,11958,34181,46139,55692,4.179473834097672,5.356914888393515,6.671838634600466,17.358171873005272,11.742985927664463,33.56639923009693,45.30938515776139,54.69061484223861,False,101831,0,101831,0,
22220,"Fayetteville-Springdale-Rogers, AR Metro Area",metro,2022,standard_01_09,RETRIEVED,U.S. Census Bureau,Statistics of U.S. Businesses (SUSB),U.S. Census Bureau Statistics of U.S. Businesses (SUSB) 2022,msa_3digitnaics_2022.txt,https://www2.census.gov/programs-surveys/susb/datasets/2022/msa_3digitnaics_2022.txt,https://www.census.gov/data/datasets/2022/econ/susb/2022-susb.html,"reference year 2022; MSA dataset originally released 2025-05-29, revised 2025-07-22 (extraneous estimates removed; remaining estimates unchanged)","mid-March payroll employment at employer establishments, classified by enterprise (firm) employment size; primary split firms <500 vs 500+ employees (SBA cutoff)","U.S. Census Bureau, Statistics of U.S. Businesses (SUSB), 2022 Annual Datasets by Establishment Industry — msa_3digitnaics_2022.txt (all-industry NAICS=--, enterprise employment size); reference year 2022; MSA dataset originally released 2025-05-29, revised 2025-07-22 (extraneous estimates removed; remaining estimates unchanged); measures mid-March payroll employment at employer establishments, classified by enterprise (firm) employment size; primary split firms <500 vs 500+ employees (SBA cutoff). File: https://www2.census.gov/programs-surveys/susb/datasets/2022/msa_3digitnaics_2022.txt Landing page: https://www.census.gov/data/datasets/2022/econ/susb/2022-susb.html",230601,8945,10417,13616,38243,23538,71221,94759,135842,3.878994453623358,4.517326464325827,5.904571098997836,16.58405644381421,10.207241078746407,30.88494846076123,41.092189539507636,58.907810460492364,False,230601,0,230601,0,
22380,"Flagstaff, AZ Metro Area",metro,2022,standard_01_09,RETRIEVED,U.S. Census Bureau,Statistics of U.S. Businesses (SUSB),U.S. Census Bureau Statistics of U.S. Businesses (SUSB) 2022,msa_3digitnaics_2022.txt,https://www2.census.gov/programs-surveys/susb/datasets/2022/msa_3digitnaics_2022.txt,https://www.census.gov/data/datasets/2022/econ/susb/2022-susb.html,"reference year 2022; MSA dataset originally released 2025-05-29, revised 2025-07-22 (extraneous estimates removed; remaining estimates unchanged)","mid-March payroll employment at employer establishments, classified by enterprise (firm) employment size; primary split firms <500 vs 500+ employees (SBA cutoff)","U.S. Census Bureau, Statistics of U.S. Businesses (SUSB), 2022 Annual Datasets by Establishment Industry — msa_3digitnaics_2022.txt (all-industry NAICS=--, enterprise employment size); reference year 2022; MSA dataset originally released 2025-05-29, revised 2025-07-22 (extraneous estimates removed; remaining estimates unchanged); measures mid-March payroll employment at employer establishments, classified by enterprise (firm) employment size; primary split firms <500 vs 500+ employees (SBA cutoff). File: https://www2.census.gov/programs-surveys/susb/datasets/2022/msa_3digitnaics_2022.txt Landing page: https://www.census.gov/data/datasets/2022/econ/susb/2022-susb.html",50372,2727,3445,4761,12664,5451,23597,29048,21324,5.413721908997062,6.839116969745096,9.45167950448662,25.140951322163108,10.82148812832526,46.845469705391885,57.66695783371714,42.33304216628286,False,50372,0,50372,0,
22420,"Flint, MI Metro Area",metro,2022,standard_01_09,RETRIEVED,U.S. Census Bureau,Statistics of U.S. Businesses (SUSB),U.S. Census Bureau Statistics of U.S. Businesses (SUSB) 2022,msa_3digitnaics_2022.txt,https://www2.census.gov/programs-surveys/susb/datasets/2022/msa_3digitnaics_2022.txt,https://www.census.gov/data/datasets/2022/econ/susb/2022-susb.html,"reference year 2022; MSA dataset originally released 2025-05-29, revised 2025-07-22 (extraneous estimates removed; remaining estimates unchanged)","mid-March payroll employment at employer establishments, classified by enterprise (firm) employment size; primary split firms <500 vs 500+ employees (SBA cutoff)","U.S. Census Bureau, Statistics of U.S. Businesses (SUSB), 2022 Annual Datasets by Establishment Industry — msa_3digitnaics_2022.txt (all-industry NAICS=--, enterprise employment size); reference year 2022; MSA dataset originally released 2025-05-29, revised 2025-07-22 (extraneous estimates removed; remaining estimates unchanged); measures mid-March payroll employment at employer establishments, classified by enterprise (firm) employment size; primary split firms <500 vs 500+ employees (SBA cutoff). File: https://www2.census.gov/programs-surveys/susb/datasets/2022/msa_3digitnaics_2022.txt Landing page: https://www.census.gov/data/datasets/2022/econ/susb/2022-susb.html",120612,5338,7036,8707,23360,18706,44441,63147,57465,4.425761947401585,5.8335820648028385,7.219016349948595,19.367890425496633,15.509236228567639,36.84625078764965,52.35548701621729,47.64451298378271,False,120612,0,120612,0,
22500,"Florence, SC Metro Area",metro,2022,standard_01_09,RETRIEVED,U.S. Census Bureau,Statistics of U.S. Businesses (SUSB),U.S. Census Bureau Statistics of U.S. Businesses (SUSB) 2022,msa_3digitnaics_2022.txt,https://www2.census.gov/programs-surveys/susb/datasets/2022/msa_3digitnaics_2022.txt,https://www.census.gov/data/datasets/2022/econ/susb/2022-susb.html,"reference year 2022; MSA dataset originally released 2025-05-29, revised 2025-07-22 (extraneous estimates removed; remaining estimates unchanged)","mid-March payroll employment at employer establishments, classified by enterprise (firm) employment size; primary split firms <500 vs 500+ employees (SBA cutoff)","U.S. Census Bureau, Statistics of U.S. Businesses (SUSB), 2022 Annual Datasets by Establishment Industry — msa_3digitnaics_2022.txt (all-industry NAICS=--, enterprise employment size); reference year 2022; MSA dataset originally released 2025-05-29, revised 2025-07-22 (extraneous estimates removed; remaining estimates unchanged); measures mid-March payroll employment at employer establishments, classified by enterprise (firm) employment size; primary split firms <500 vs 500+ employees (SBA cutoff). File: https://www2.census.gov/programs-surveys/susb/datasets/2022/msa_3digitnaics_2022.txt Landing page: https://www.census.gov/data/datasets/2022/econ/susb/2022-susb.html",82329,3150,3737,5007,11863,10744,23757,34501,47828,3.8261123055059576,4.539105297039925,6.081696607513756,14.409260406418152,13.050079558843178,28.85617461647779,41.90625417532097,58.09374582467903,False,82329,0,82329,0,
22520,"Florence-Muscle Shoals, AL Metro Area",metro,2022,standard_01_09,RETRIEVED,U.S. Census Bureau,Statistics of U.S. Businesses (SUSB),U.S. Census Bureau Statistics of U.S. Businesses (SUSB) 2022,msa_3digitnaics_2022.txt,https://www2.census.gov/programs-surveys/susb/datasets/2022/msa_3digitnaics_2022.txt,https://www.census.gov/data/datasets/2022/econ/susb/2022-susb.html,"reference year 2022; MSA dataset originally released 2025-05-29, revised 2025-07-22 (extraneous estimates removed; remaining estimates unchanged)","mid-March payroll employment at employer establishments, classified by enterprise (firm) employment size; primary split firms <500 vs 500+ employees (SBA cutoff)","U.S. Census Bureau, Statistics of U.S. Businesses (SUSB), 2022 Annual Datasets by Establishment Industry — msa_3digitnaics_2022.txt (all-industry NAICS=--, enterprise employment size); reference year 2022; MSA dataset originally released 2025-05-29, revised 2025-07-22 (extraneous estimates removed; remaining estimates unchanged); measures mid-March payroll employment at employer establishments, classified by enterprise (firm) employment size; primary split firms <500 vs 500+ employees (SBA cutoff). File: https://www2.census.gov/programs-surveys/susb/datasets/2022/msa_3digitnaics_2022.txt Landing page: https://www.census.gov/data/datasets/2022/econ/susb/2022-susb.html",48863,2353,3052,4064,8609,5531,18078,23609,25254,4.815504574013057,6.246034832081534,8.317131571946053,17.618648056811903,11.319403229437407,36.997319034852545,48.31672226428995,51.68327773571005,False,48863,0,48863,0,
22540,"Fond du Lac, WI Metro Area",metro,2022,standard_01_09,RETRIEVED,U.S. Census Bureau,Statistics of U.S. Businesses (SUSB),U.S. Census Bureau Statistics of U.S. Businesses (SUSB) 2022,msa_3digitnaics_2022.txt,https://www2.census.gov/programs-surveys/susb/datasets/2022/msa_3digitnaics_2022.txt,https://www.census.gov/data/datasets/2022/econ/susb/2022-susb.html,"reference year 2022; MSA dataset originally released 2025-05-29, revised 2025-07-22 (extraneous estimates removed; remaining estimates unchanged)","mid-March payroll employment at employer establishments, classified by enterprise (firm) employment size; primary split firms <500 vs 500+ employees (SBA cutoff)","U.S. Census Bureau, Statistics of U.S. Businesses (SUSB), 2022 Annual Datasets by Establishment Industry — msa_3digitnaics_2022.txt (all-industry NAICS=--, enterprise employment size); reference year 2022; MSA dataset originally released 2025-05-29, revised 2025-07-22 (extraneous estimates removed; remaining estimates unchanged); measures mid-March payroll employment at employer establishments, classified by enterprise (firm) employment size; primary split firms <500 vs 500+ employees (SBA cutoff). File: https://www2.census.gov/programs-surveys/susb/datasets/2022/msa_3digitnaics_2022.txt Landing page: https://www.census.gov/data/datasets/2022/econ/susb/2022-susb.html",41989,1405,2075,2868,8556,7124,14904,22028,19961,3.3461144585486675,4.941770463692872,6.830360332468027,20.3767653433042,16.966348329324347,35.495010598013764,52.46135892733811,47.53864107266189,False,41989,0,41989,0,
22660,"Fort Collins-Loveland, CO Metro Area",metro,2022,standard_01_09,RETRIEVED,U.S. Census Bureau,Statistics of U.S. Businesses (SUSB),U.S. Census Bureau Statistics of U.S. Businesses (SUSB) 2022,msa_3digitnaics_2022.txt,https://www2.census.gov/programs-surveys/susb/datasets/2022/msa_3digitnaics_2022.txt,https://www.census.gov/data/datasets/2022/econ/susb/2022-susb.html,"reference year 2022; MSA dataset originally released 2025-05-29, revised 2025-07-22 (extraneous estimates removed; remaining estimates unchanged)","mid-March payroll employment at employer establishments, classified by enterprise (firm) employment size; primary split firms <500 vs 500+ employees (SBA cutoff)","U.S. Census Bureau, Statistics of U.S. Businesses (SUSB), 2022 Annual Datasets by Establishment Industry — msa_3digitnaics_2022.txt (all-industry NAICS=--, enterprise employment size); reference year 2022; MSA dataset originally released 2025-05-29, revised 2025-07-22 (extraneous estimates removed; remaining estimates unchanged); measures mid-March payroll employment at employer establishments, classified by enterprise (firm) employment size; primary split firms <500 vs 500+ employees (SBA cutoff). File: https://www2.census.gov/programs-surveys/susb/datasets/2022/msa_3digitnaics_2022.txt Landing page: https://www.census.gov/data/datasets/2022/econ/susb/2022-susb.html",135516,9307,9617,13893,29167,16928,61984,78912,56604,6.867823725611736,7.096579001741492,10.251925971840963,21.522919802827712,12.491513917175832,45.7392485020219,58.23076241919773,41.76923758080227,False,135516,0,135516,0,
22900,"Fort Smith, AR-OK Metro Area",metro,2022,standard_01_09,RETRIEVED,U.S. Census Bureau,Statistics of U.S. Businesses (SUSB),U.S. Census Bureau Statistics of U.S. Businesses (SUSB) 2022,msa_3digitnaics_2022.txt,https://www2.census.gov/programs-surveys/susb/datasets/2022/msa_3digitnaics_2022.txt,https://www.census.gov/data/datasets/2022/econ/susb/2022-susb.html,"reference year 2022; MSA dataset originally released 2025-05-29, revised 2025-07-22 (extraneous estimates removed; remaining estimates unchanged)","mid-March payroll employment at employer establishments, classified by enterprise (firm) employment size; primary split firms <500 vs 500+ employees (SBA cutoff)","U.S. Census Bureau, Statistics of U.S. Businesses (SUSB), 2022 Annual Datasets by Establishment Industry — msa_3digitnaics_2022.txt (all-industry NAICS=--, enterprise employment size); reference year 2022; MSA dataset originally released 2025-05-29, revised 2025-07-22 (extraneous estimates removed; remaining estimates unchanged); measures mid-March payroll employment at employer establishments, classified by enterprise (firm) employment size; primary split firms <500 vs 500+ employees (SBA cutoff). File: https://www2.census.gov/programs-surveys/susb/datasets/2022/msa_3digitnaics_2022.txt Landing page: https://www.census.gov/data/datasets/2022/econ/susb/2022-susb.html",80874,3540,4148,5395,14590,10546,27673,38219,42655,4.377179315972995,5.128966045948018,6.670870737196132,18.04040853673616,13.0400375893365,34.217424635853305,47.257462225189805,52.742537774810195,False,80874,0,80874,0,
23060,"Fort Wayne, IN Metro Area",metro,2022,standard_01_09,RETRIEVED,U.S. Census Bureau,Statistics of U.S. Businesses (SUSB),U.S. Census Bureau Statistics of U.S. Businesses (SUSB) 2022,msa_3digitnaics_2022.txt,https://www2.census.gov/programs-surveys/susb/datasets/2022/msa_3digitnaics_2022.txt,https://www.census.gov/data/datasets/2022/econ/susb/2022-susb.html,"reference year 2022; MSA dataset originally released 2025-05-29, revised 2025-07-22 (extraneous estimates removed; remaining estimates unchanged)","mid-March payroll employment at employer establishments, classified by enterprise (firm) employment size; primary split firms <500 vs 500+ employees (SBA cutoff)","U.S. Census Bureau, Statistics of U.S. Businesses (SUSB), 2022 Annual Datasets by Establishment Industry — msa_3digitnaics_2022.txt (all-industry NAICS=--, enterprise employment size); reference year 2022; MSA dataset originally released 2025-05-29, revised 2025-07-22 (extraneous estimates removed; remaining estimates unchanged); measures mid-March payroll employment at employer establishments, classified by enterprise (firm) employment size; primary split firms <500 vs 500+ employees (SBA cutoff). File: https://www2.census.gov/programs-surveys/susb/datasets/2022/msa_3digitnaics_2022.txt Landing page: https://www.census.gov/data/datasets/2022/econ/susb/2022-susb.html",208459,6884,8899,12784,39268,31850,67835,99685,108774,3.3023280357288485,4.268944972392653,6.132620803131551,18.837277354299886,15.278783837589167,32.54117116555294,47.819955003142105,52.180044996857895,False,208459,0,208459,0,
23420,"Fresno, CA Metro Area",metro,2022,standard_01_09,RETRIEVED,U.S. Census Bureau,Statistics of U.S. Businesses (SUSB),U.S. Census Bureau Statistics of U.S. Businesses (SUSB) 2022,msa_3digitnaics_2022.txt,https://www2.census.gov/programs-surveys/susb/datasets/2022/msa_3digitnaics_2022.txt,https://www.census.gov/data/datasets/2022/econ/susb/2022-susb.html,"reference year 2022; MSA dataset originally released 2025-05-29, revised 2025-07-22 (extraneous estimates removed; remaining estimates unchanged)","mid-March payroll employment at employer establishments, classified by enterprise (firm) employment size; primary split firms <500 vs 500+ employees (SBA cutoff)","U.S. Census Bureau, Statistics of U.S. Businesses (SUSB), 2022 Annual Datasets by Establishment Industry — msa_3digitnaics_2022.txt (all-industry NAICS=--, enterprise employment size); reference year 2022; MSA dataset originally released 2025-05-29, revised 2025-07-22 (extraneous estimates removed; remaining estimates unchanged); measures mid-March payroll employment at employer establishments, classified by enterprise (firm) employment size; primary split firms <500 vs 500+ employees (SBA cutoff). File: https://www2.census.gov/programs-surveys/susb/datasets/2022/msa_3digitnaics_2022.txt Landing page: https://www.census.gov/data/datasets/2022/econ/susb/2022-susb.html",324552,16116,19305,25963,61290,50057,122674,172731,151821,4.9656141388745105,5.948199364046439,7.999642584239197,18.88449308585373,15.423414429736992,37.797949173013876,53.22136360275087,46.77863639724913,False,324552,0,324552,0,
23460,"Gadsden, AL Metro Area",metro,2022,standard_01_09,RETRIEVED,U.S. Census Bureau,Statistics of U.S. Businesses (SUSB),U.S. Census Bureau Statistics of U.S. Businesses (SUSB) 2022,msa_3digitnaics_2022.txt,https://www2.census.gov/programs-surveys/susb/datasets/2022/msa_3digitnaics_2022.txt,https://www.census.gov/data/datasets/2022/econ/susb/2022-susb.html,"reference year 2022; MSA dataset originally released 2025-05-29, revised 2025-07-22 (extraneous estimates removed; remaining estimates unchanged)","mid-March payroll employment at employer establishments, classified by enterprise (firm) employment size; primary split firms <500 vs 500+ employees (SBA cutoff)","U.S. Census Bureau, Statistics of U.S. Businesses (SUSB), 2022 Annual Datasets by Establishment Industry — msa_3digitnaics_2022.txt (all-industry NAICS=--, enterprise employment size); reference year 2022; MSA dataset originally released 2025-05-29, revised 2025-07-22 (extraneous estimates removed; remaining estimates unchanged); measures mid-March payroll employment at employer establishments, classified by enterprise (firm) employment size; primary split firms <500 vs 500+ employees (SBA cutoff). File: https://www2.census.gov/programs-surveys/susb/datasets/2022/msa_3digitnaics_2022.txt Landing page: https://www.census.gov/data/datasets/2022/econ/susb/2022-susb.html",27628,1357,1802,2357,5614,4359,11130,15489,12139,4.9116837990444475,6.522368611553496,8.531200231649052,20.31996525264225,15.777472129723469,40.28521789488924,56.062690024612714,43.937309975387286,False,27628,0,27628,0,
23540,"Gainesville, FL Metro Area",metro,2022,standard_01_09,RETRIEVED,U.S. Census Bureau,Statistics of U.S. Businesses (SUSB),U.S. Census Bureau Statistics of U.S. Businesses (SUSB) 2022,msa_3digitnaics_2022.txt,https://www2.census.gov/programs-surveys/susb/datasets/2022/msa_3digitnaics_2022.txt,https://www.census.gov/data/datasets/2022/econ/susb/2022-susb.html,"reference year 2022; MSA dataset originally released 2025-05-29, revised 2025-07-22 (extraneous estimates removed; remaining estimates unchanged)","mid-March payroll employment at employer establishments, classified by enterprise (firm) employment size; primary split firms <500 vs 500+ employees (SBA cutoff)","U.S. Census Bureau, Statistics of U.S. Businesses (SUSB), 2022 Annual Datasets by Establishment Industry — msa_3digitnaics_2022.txt (all-industry NAICS=--, enterprise employment size); reference year 2022; MSA dataset originally released 2025-05-29, revised 2025-07-22 (extraneous estimates removed; remaining estimates unchanged); measures mid-March payroll employment at employer establishments, classified by enterprise (firm) employment size; primary split firms <500 vs 500+ employees (SBA cutoff). File: https://www2.census.gov/programs-surveys/susb/datasets/2022/msa_3digitnaics_2022.txt Landing page: https://www.census.gov/data/datasets/2022/econ/susb/2022-susb.html",106762,6044,6027,8193,19721,12931,39985,52916,53846,5.661190311159401,5.645267042580693,7.6740787920795785,18.471928214158595,12.111987411251194,37.45246435997827,49.564451771229464,50.435548228770536,False,106762,0,106762,0,
23580,"Gainesville, GA Metro Area",metro,2022,standard_01_09,RETRIEVED,U.S. Census Bureau,Statistics of U.S. Businesses (SUSB),U.S. Census Bureau Statistics of U.S. Businesses (SUSB) 2022,msa_3digitnaics_2022.txt,https://www2.census.gov/programs-surveys/susb/datasets/2022/msa_3digitnaics_2022.txt,https://www.census.gov/data/datasets/2022/econ/susb/2022-susb.html,"reference year 2022; MSA dataset originally released 2025-05-29, revised 2025-07-22 (extraneous estimates removed; remaining estimates unchanged)","mid-March payroll employment at employer establishments, classified by enterprise (firm) employment size; primary split firms <500 vs 500+ employees (SBA cutoff)","U.S. Census Bureau, Statistics of U.S. Businesses (SUSB), 2022 Annual Datasets by Establishment Industry — msa_3digitnaics_2022.txt (all-industry NAICS=--, enterprise employment size); reference year 2022; MSA dataset originally released 2025-05-29, revised 2025-07-22 (extraneous estimates removed; remaining estimates unchanged); measures mid-March payroll employment at employer establishments, classified by enterprise (firm) employment size; primary split firms <500 vs 500+ employees (SBA cutoff). File: https://www2.census.gov/programs-surveys/susb/datasets/2022/msa_3digitnaics_2022.txt Landing page: https://www.census.gov/data/datasets/2022/econ/susb/2022-susb.html",86885,3759,3986,5101,13806,10527,26652,37179,49706,4.326408470967371,4.587673361339702,5.870978880128906,15.88996949991368,12.116015422685159,30.675030212349657,42.79104563503481,57.20895436496519,False,86885,0,86885,0,
23900,"Gettysburg, PA Metro Area",metro,2022,standard_01_09,RETRIEVED,U.S. Census Bureau,Statistics of U.S. Businesses (SUSB),U.S. Census Bureau Statistics of U.S. Businesses (SUSB) 2022,msa_3digitnaics_2022.txt,https://www2.census.gov/programs-surveys/susb/datasets/2022/msa_3digitnaics_2022.txt,https://www.census.gov/data/datasets/2022/econ/susb/2022-susb.html,"reference year 2022; MSA dataset originally released 2025-05-29, revised 2025-07-22 (extraneous estimates removed; remaining estimates unchanged)","mid-March payroll employment at employer establishments, classified by enterprise (firm) employment size; primary split firms <500 vs 500+ employees (SBA cutoff)","U.S. Census Bureau, Statistics of U.S. Businesses (SUSB), 2022 Annual Datasets by Establishment Industry — msa_3digitnaics_2022.txt (all-industry NAICS=--, enterprise employment size); reference year 2022; MSA dataset originally released 2025-05-29, revised 2025-07-22 (extraneous estimates removed; remaining estimates unchanged); measures mid-March payroll employment at employer establishments, classified by enterprise (firm) employment size; primary split firms <500 vs 500+ employees (SBA cutoff). File: https://www2.census.gov/programs-surveys/susb/datasets/2022/msa_3digitnaics_2022.txt Landing page: https://www.census.gov/data/datasets/2022/econ/susb/2022-susb.html",27639,1516,1912,2266,4983,5846,10677,16523,11116,5.485003075364522,6.917761134628605,8.198560005788922,18.028872245739716,21.151271753681392,38.63019646152176,59.781468215203155,40.218531784796845,False,27639,0,27639,0,
24020,"Glens Falls, NY Metro Area",metro,2022,standard_01_09,RETRIEVED,U.S. Census Bureau,Statistics of U.S. Businesses (SUSB),U.S. Census Bureau Statistics of U.S. Businesses (SUSB) 2022,msa_3digitnaics_2022.txt,https://www2.census.gov/programs-surveys/susb/datasets/2022/msa_3digitnaics_2022.txt,https://www.census.gov/data/datasets/2022/econ/susb/2022-susb.html,"reference year 2022; MSA dataset originally released 2025-05-29, revised 2025-07-22 (extraneous estimates removed; remaining estimates unchanged)","mid-March payroll employment at employer establishments, classified by enterprise (firm) employment size; primary split firms <500 vs 500+ employees (SBA cutoff)","U.S. Census Bureau, Statistics of U.S. Businesses (SUSB), 2022 Annual Datasets by Establishment Industry — msa_3digitnaics_2022.txt (all-industry NAICS=--, enterprise employment size); reference year 2022; MSA dataset originally released 2025-05-29, revised 2025-07-22 (extraneous estimates removed; remaining estimates unchanged); measures mid-March payroll employment at employer establishments, classified by enterprise (firm) employment size; primary split firms <500 vs 500+ employees (SBA cutoff). File: https://www2.census.gov/programs-surveys/susb/datasets/2022/msa_3digitnaics_2022.txt Landing page: https://www.census.gov/data/datasets/2022/econ/susb/2022-susb.html",39627,2357,2593,3656,8620,5669,17226,22895,16732,5.947964771494183,6.543518308224191,9.22603275544452,21.75284528225705,14.305902541196659,43.47036111741994,57.7762636586166,42.2237363413834,False,39627,0,39627,0,
24140,"Goldsboro, NC Metro Area",metro,2022,standard_01_09,RETRIEVED,U.S. Census Bureau,Statistics of U.S. Businesses (SUSB),U.S. Census Bureau Statistics of U.S. Businesses (SUSB) 2022,msa_3digitnaics_2022.txt,https://www2.census.gov/programs-surveys/susb/datasets/2022/msa_3digitnaics_2022.txt,https://www.census.gov/data/datasets/2022/econ/susb/2022-susb.html,"reference year 2022; MSA dataset originally released 2025-05-29, revised 2025-07-22 (extraneous estimates removed; remaining estimates unchanged)","mid-March payroll employment at employer establishments, classified by enterprise (firm) employment size; primary split firms <500 vs 500+ employees (SBA cutoff)","U.S. Census Bureau, Statistics of U.S. Businesses (SUSB), 2022 Annual Datasets by Establishment Industry — msa_3digitnaics_2022.txt (all-industry NAICS=--, enterprise employment size); reference year 2022; MSA dataset originally released 2025-05-29, revised 2025-07-22 (extraneous estimates removed; remaining estimates unchanged); measures mid-March payroll employment at employer establishments, classified by enterprise (firm) employment size; primary split firms <500 vs 500+ employees (SBA cutoff). File: https://www2.census.gov/programs-surveys/susb/datasets/2022/msa_3digitnaics_2022.txt Landing page: https://www.census.gov/data/datasets/2022/econ/susb/2022-susb.html",32595,1640,1889,2308,6576,4027,12413,16440,16155,5.031446540880503,5.795367387636141,7.080840619726952,20.174873446847677,12.354655622027918,38.08252799509127,50.43718361711919,49.56281638288081,False,32595,0,32595,0,
24220,"Grand Forks, ND-MN Metro Area",metro,2022,standard_01_09,RETRIEVED,U.S. Census Bureau,Statistics of U.S. Businesses (SUSB),U.S. Census Bureau Statistics of U.S. Businesses (SUSB) 2022,msa_3digitnaics_2022.txt,https://www2.census.gov/programs-surveys/susb/datasets/2022/msa_3digitnaics_2022.txt,https://www.census.gov/data/datasets/2022/econ/susb/2022-susb.html,"reference year 2022; MSA dataset originally released 2025-05-29, revised 2025-07-22 (extraneous estimates removed; remaining estimates unchanged)","mid-March payroll employment at employer establishments, classified by enterprise (firm) employment size; primary split firms <500 vs 500+ employees (SBA cutoff)","U.S. Census Bureau, Statistics of U.S. Businesses (SUSB), 2022 Annual Datasets by Establishment Industry — msa_3digitnaics_2022.txt (all-industry NAICS=--, enterprise employment size); reference year 2022; MSA dataset originally released 2025-05-29, revised 2025-07-22 (extraneous estimates removed; remaining estimates unchanged); measures mid-March payroll employment at employer establishments, classified by enterprise (firm) employment size; primary split firms <500 vs 500+ employees (SBA cutoff). File: https://www2.census.gov/programs-surveys/susb/datasets/2022/msa_3digitnaics_2022.txt Landing page: https://www.census.gov/data/datasets/2022/econ/susb/2022-susb.html",40360,1622,2187,3214,8792,6826,15815,22641,17719,4.018830525272547,5.418731417244797,7.9633300297324086,21.78394449950446,16.912784935579783,39.18483647175421,56.097621407333996,43.902378592666004,False,40360,0,40360,0,
24260,"Grand Island, NE Metro Area",metro,2022,standard_01_09,RETRIEVED,U.S. Census Bureau,Statistics of U.S. Businesses (SUSB),U.S. Census Bureau Statistics of U.S. Businesses (SUSB) 2022,msa_3digitnaics_2022.txt,https://www2.census.gov/programs-surveys/susb/datasets/2022/msa_3digitnaics_2022.txt,https://www.census.gov/data/datasets/2022/econ/susb/2022-susb.html,"reference year 2022; MSA dataset originally released 2025-05-29, revised 2025-07-22 (extraneous estimates removed; remaining estimates unchanged)","mid-March payroll employment at employer establishments, classified by enterprise (firm) employment size; primary split firms <500 vs 500+ employees (SBA cutoff)","U.S. Census Bureau, Statistics of U.S. Businesses (SUSB), 2022 Annual Datasets by Establishment Industry — msa_3digitnaics_2022.txt (all-industry NAICS=--, enterprise employment size); reference year 2022; MSA dataset originally released 2025-05-29, revised 2025-07-22 (extraneous estimates removed; remaining estimates unchanged); measures mid-March payroll employment at employer establishments, classified by enterprise (firm) employment size; primary split firms <500 vs 500+ employees (SBA cutoff). File: https://www2.census.gov/programs-surveys/susb/datasets/2022/msa_3digitnaics_2022.txt Landing page: https://www.census.gov/data/datasets/2022/econ/susb/2022-susb.html",36009,1552,1738,2497,6861,4153,12648,16801,19208,4.310033602710433,4.82657113499403,6.934377516731928,19.05356994084812,11.53322780416007,35.124552195284515,46.657779999444585,53.342220000555415,False,36009,0,36009,0,
24300,"Grand Junction, CO Metro Area",metro,2022,standard_01_09,RETRIEVED,U.S. Census Bureau,Statistics of U.S. Businesses (SUSB),U.S. Census Bureau Statistics of U.S. Businesses (SUSB) 2022,msa_3digitnaics_2022.txt,https://www2.census.gov/programs-surveys/susb/datasets/2022/msa_3digitnaics_2022.txt,https://www.census.gov/data/datasets/2022/econ/susb/2022-susb.html,"reference year 2022; MSA dataset originally released 2025-05-29, revised 2025-07-22 (extraneous estimates removed; remaining estimates unchanged)","mid-March payroll employment at employer establishments, classified by enterprise (firm) employment size; primary split firms <500 vs 500+ employees (SBA cutoff)","U.S. Census Bureau, Statistics of U.S. Businesses (SUSB), 2022 Annual Datasets by Establishment Industry — msa_3digitnaics_2022.txt (all-industry NAICS=--, enterprise employment size); reference year 2022; MSA dataset originally released 2025-05-29, revised 2025-07-22 (extraneous estimates removed; remaining estimates unchanged); measures mid-March payroll employment at employer establishments, classified by enterprise (firm) employment size; primary split firms <500 vs 500+ employees (SBA cutoff). File: https://www2.census.gov/programs-surveys/susb/datasets/2022/msa_3digitnaics_2022.txt Landing page: https://www.census.gov/data/datasets/2022/econ/susb/2022-susb.html",55960,3591,3928,5248,11483,8221,24250,32471,23489,6.417083631165118,7.019299499642602,9.378127233738384,20.520014295925662,14.690850607576841,43.334524660471764,58.025375268048606,41.974624731951394,False,55960,0,55960,0,
24340,"Grand Rapids-Wyoming-Kentwood, MI Metro Area",metro,2022,standard_01_09,RETRIEVED,U.S. Census Bureau,Statistics of U.S. Businesses (SUSB),U.S. Census Bureau Statistics of U.S. Businesses (SUSB) 2022,msa_3digitnaics_2022.txt,https://www2.census.gov/programs-surveys/susb/datasets/2022/msa_3digitnaics_2022.txt,https://www.census.gov/data/datasets/2022/econ/susb/2022-susb.html,"reference year 2022; MSA dataset originally released 2025-05-29, revised 2025-07-22 (extraneous estimates removed; remaining estimates unchanged)","mid-March payroll employment at employer establishments, classified by enterprise (firm) employment size; primary split firms <500 vs 500+ employees (SBA cutoff)","U.S. Census Bureau, Statistics of U.S. Businesses (SUSB), 2022 Annual Datasets by Establishment Industry — msa_3digitnaics_2022.txt (all-industry NAICS=--, enterprise employment size); reference year 2022; MSA dataset originally released 2025-05-29, revised 2025-07-22 (extraneous estimates removed; remaining estimates unchanged); measures mid-March payroll employment at employer establishments, classified by enterprise (firm) employment size; primary split firms <500 vs 500+ employees (SBA cutoff). File: https://www2.census.gov/programs-surveys/susb/datasets/2022/msa_3digitnaics_2022.txt Landing page: https://www.census.gov/data/datasets/2022/econ/susb/2022-susb.html",528648,18114,23776,34300,102313,88752,178503,267255,261393,3.4264765969038,4.49751063089239,6.488249269835505,19.35370984095277,16.78848685703909,33.76594633858446,50.55443319562355,49.44556680437645,False,528648,0,528648,0,
24420,"Grants Pass, OR Metro Area",metro,2022,standard_01_09,RETRIEVED,U.S. Census Bureau,Statistics of U.S. Businesses (SUSB),U.S. Census Bureau Statistics of U.S. Businesses (SUSB) 2022,msa_3digitnaics_2022.txt,https://www2.census.gov/programs-surveys/susb/datasets/2022/msa_3digitnaics_2022.txt,https://www.census.gov/data/datasets/2022/econ/susb/2022-susb.html,"reference year 2022; MSA dataset originally released 2025-05-29, revised 2025-07-22 (extraneous estimates removed; remaining estimates unchanged)","mid-March payroll employment at employer establishments, classified by enterprise (firm) employment size; primary split firms <500 vs 500+ employees (SBA cutoff)","U.S. Census Bureau, Statistics of U.S. Businesses (SUSB), 2022 Annual Datasets by Establishment Industry — msa_3digitnaics_2022.txt (all-industry NAICS=--, enterprise employment size); reference year 2022; MSA dataset originally released 2025-05-29, revised 2025-07-22 (extraneous estimates removed; remaining estimates unchanged); measures mid-March payroll employment at employer establishments, classified by enterprise (firm) employment size; primary split firms <500 vs 500+ employees (SBA cutoff). File: https://www2.census.gov/programs-surveys/susb/datasets/2022/msa_3digitnaics_2022.txt Landing page: https://www.census.gov/data/datasets/2022/econ/susb/2022-susb.html",23906,1709,2035,2592,4833,4252,11169,15421,8485,7.148832928971807,8.51250732033799,10.842466326445244,20.216682004517693,17.786329791684096,46.720488580272736,64.50681837195683,35.49318162804317,False,23906,0,23906,0,
24500,"Great Falls, MT Metro Area",metro,2022,standard_01_09,RETRIEVED,U.S. Census Bureau,Statistics of U.S. Businesses (SUSB),U.S. Census Bureau Statistics of U.S. Businesses (SUSB) 2022,msa_3digitnaics_2022.txt,https://www2.census.gov/programs-surveys/susb/datasets/2022/msa_3digitnaics_2022.txt,https://www.census.gov/data/datasets/2022/econ/susb/2022-susb.html,"reference year 2022; MSA dataset originally released 2025-05-29, revised 2025-07-22 (extraneous estimates removed; remaining estimates unchanged)","mid-March payroll employment at employer establishments, classified by enterprise (firm) employment size; primary split firms <500 vs 500+ employees (SBA cutoff)","U.S. Census Bureau, Statistics of U.S. Businesses (SUSB), 2022 Annual Datasets by Establishment Industry — msa_3digitnaics_2022.txt (all-industry NAICS=--, enterprise employment size); reference year 2022; MSA dataset originally released 2025-05-29, revised 2025-07-22 (extraneous estimates removed; remaining estimates unchanged); measures mid-March payroll employment at employer establishments, classified by enterprise (firm) employment size; primary split firms <500 vs 500+ employees (SBA cutoff). File: https://www2.census.gov/programs-surveys/susb/datasets/2022/msa_3digitnaics_2022.txt Landing page: https://www.census.gov/data/datasets/2022/econ/susb/2022-susb.html",30571,1719,2399,3094,6419,3489,13631,17120,13451,5.62297602302836,7.847306270648654,10.120702626672337,20.99702332275686,11.412776814628243,44.58800824310621,56.000785057734454,43.999214942265546,False,30571,0,30571,0,
24540,"Greeley, CO Metro Area",metro,2022,standard_01_09,RETRIEVED,U.S. Census Bureau,Statistics of U.S. Businesses (SUSB),U.S. Census Bureau Statistics of U.S. Businesses (SUSB) 2022,msa_3digitnaics_2022.txt,https://www2.census.gov/programs-surveys/susb/datasets/2022/msa_3digitnaics_2022.txt,https://www.census.gov/data/datasets/2022/econ/susb/2022-susb.html,"reference year 2022; MSA dataset originally released 2025-05-29, revised 2025-07-22 (extraneous estimates removed; remaining estimates unchanged)","mid-March payroll employment at employer establishments, classified by enterprise (firm) employment size; primary split firms <500 vs 500+ employees (SBA cutoff)","U.S. Census Bureau, Statistics of U.S. Businesses (SUSB), 2022 Annual Datasets by Establishment Industry — msa_3digitnaics_2022.txt (all-industry NAICS=--, enterprise employment size); reference year 2022; MSA dataset originally released 2025-05-29, revised 2025-07-22 (extraneous estimates removed; remaining estimates unchanged); measures mid-March payroll employment at employer establishments, classified by enterprise (firm) employment size; primary split firms <500 vs 500+ employees (SBA cutoff). File: https://www2.census.gov/programs-surveys/susb/datasets/2022/msa_3digitnaics_2022.txt Landing page: https://www.census.gov/data/datasets/2022/econ/susb/2022-susb.html",99469,5495,6355,8192,20007,13564,40049,53613,45856,5.524334214679951,6.388925192773628,8.235731735515587,20.113804300837447,13.63640933356121,40.26279544380661,53.89920477736782,46.10079522263218,False,99469,0,99469,0,
24580,"Green Bay, WI Metro Area",metro,2022,standard_01_09,RETRIEVED,U.S. Census Bureau,Statistics of U.S. Businesses (SUSB),U.S. Census Bureau Statistics of U.S. Businesses (SUSB) 2022,msa_3digitnaics_2022.txt,https://www2.census.gov/programs-surveys/susb/datasets/2022/msa_3digitnaics_2022.txt,https://www.census.gov/data/datasets/2022/econ/susb/2022-susb.html,"reference year 2022; MSA dataset originally released 2025-05-29, revised 2025-07-22 (extraneous estimates removed; remaining estimates unchanged)","mid-March payroll employment at employer establishments, classified by enterprise (firm) employment size; primary split firms <500 vs 500+ employees (SBA cutoff)","U.S. Census Bureau, Statistics of U.S. Businesses (SUSB), 2022 Annual Datasets by Establishment Industry — msa_3digitnaics_2022.txt (all-industry NAICS=--, enterprise employment size); reference year 2022; MSA dataset originally released 2025-05-29, revised 2025-07-22 (extraneous estimates removed; remaining estimates unchanged); measures mid-March payroll employment at employer establishments, classified by enterprise (firm) employment size; primary split firms <500 vs 500+ employees (SBA cutoff). File: https://www2.census.gov/programs-surveys/susb/datasets/2022/msa_3digitnaics_2022.txt Landing page: https://www.census.gov/data/datasets/2022/econ/susb/2022-susb.html",154736,5058,6622,9484,27521,25152,48685,73837,80899,3.2687932995553717,4.279547099576052,6.129149002171441,17.785777065453416,16.254782338951504,31.46326646675628,47.71804880570779,52.28195119429221,False,154736,0,154736,0,
24660,"Greensboro-High Point, NC Metro Area",metro,2022,standard_01_09,RETRIEVED,U.S. Census Bureau,Statistics of U.S. Businesses (SUSB),U.S. Census Bureau Statistics of U.S. Businesses (SUSB) 2022,msa_3digitnaics_2022.txt,https://www2.census.gov/programs-surveys/susb/datasets/2022/msa_3digitnaics_2022.txt,https://www.census.gov/data/datasets/2022/econ/susb/2022-susb.html,"reference year 2022; MSA dataset originally released 2025-05-29, revised 2025-07-22 (extraneous estimates removed; remaining estimates unchanged)","mid-March payroll employment at employer establishments, classified by enterprise (firm) employment size; primary split firms <500 vs 500+ employees (SBA cutoff)","U.S. Census Bureau, Statistics of U.S. Businesses (SUSB), 2022 Annual Datasets by Establishment Industry — msa_3digitnaics_2022.txt (all-industry NAICS=--, enterprise employment size); reference year 2022; MSA dataset originally released 2025-05-29, revised 2025-07-22 (extraneous estimates removed; remaining estimates unchanged); measures mid-March payroll employment at employer establishments, classified by enterprise (firm) employment size; primary split firms <500 vs 500+ employees (SBA cutoff). File: https://www2.census.gov/programs-surveys/susb/datasets/2022/msa_3digitnaics_2022.txt Landing page: https://www.census.gov/data/datasets/2022/econ/susb/2022-susb.html",329264,13597,14986,19823,51592,47689,99998,147687,181577,4.129513095874435,4.551363039992225,6.020397006657272,15.668885757325429,14.483514748044122,30.37015889984936,44.85367364789349,55.14632635210651,False,329264,0,329264,0,
24780,"Greenville, NC Metro Area",metro,2022,standard_01_09,RETRIEVED,U.S. Census Bureau,Statistics of U.S. Businesses (SUSB),U.S. Census Bureau Statistics of U.S. Businesses (SUSB) 2022,msa_3digitnaics_2022.txt,https://www2.census.gov/programs-surveys/susb/datasets/2022/msa_3digitnaics_2022.txt,https://www.census.gov/data/datasets/2022/econ/susb/2022-susb.html,"reference year 2022; MSA dataset originally released 2025-05-29, revised 2025-07-22 (extraneous estimates removed; remaining estimates unchanged)","mid-March payroll employment at employer establishments, classified by enterprise (firm) employment size; primary split firms <500 vs 500+ employees (SBA cutoff)","U.S. Census Bureau, Statistics of U.S. Businesses (SUSB), 2022 Annual Datasets by Establishment Industry — msa_3digitnaics_2022.txt (all-industry NAICS=--, enterprise employment size); reference year 2022; MSA dataset originally released 2025-05-29, revised 2025-07-22 (extraneous estimates removed; remaining estimates unchanged); measures mid-March payroll employment at employer establishments, classified by enterprise (firm) employment size; primary split firms <500 vs 500+ employees (SBA cutoff). File: https://www2.census.gov/programs-surveys/susb/datasets/2022/msa_3digitnaics_2022.txt Landing page: https://www.census.gov/data/datasets/2022/econ/susb/2022-susb.html",64149,2566,2879,4693,12126,6755,22264,29019,35130,4.000062354830161,4.487988900840231,7.315780448643003,18.902866763316652,10.530171943444168,34.70669846763005,45.236870411074214,54.763129588925786,False,64149,0,64149,0,
24860,"Greenville-Anderson-Greer, SC Metro Area",metro,2022,standard_01_09,RETRIEVED,U.S. Census Bureau,Statistics of U.S. Businesses (SUSB),U.S. Census Bureau Statistics of U.S. Businesses (SUSB) 2022,msa_3digitnaics_2022.txt,https://www2.census.gov/programs-surveys/susb/datasets/2022/msa_3digitnaics_2022.txt,https://www.census.gov/data/datasets/2022/econ/susb/2022-susb.html,"reference year 2022; MSA dataset originally released 2025-05-29, revised 2025-07-22 (extraneous estimates removed; remaining estimates unchanged)","mid-March payroll employment at employer establishments, classified by enterprise (firm) employment size; primary split firms <500 vs 500+ employees (SBA cutoff)","U.S. Census Bureau, Statistics of U.S. Businesses (SUSB), 2022 Annual Datasets by Establishment Industry — msa_3digitnaics_2022.txt (all-industry NAICS=--, enterprise employment size); reference year 2022; MSA dataset originally released 2025-05-29, revised 2025-07-22 (extraneous estimates removed; remaining estimates unchanged); measures mid-March payroll employment at employer establishments, classified by enterprise (firm) employment size; primary split firms <500 vs 500+ employees (SBA cutoff). File: https://www2.census.gov/programs-surveys/susb/datasets/2022/msa_3digitnaics_2022.txt Landing page: https://www.census.gov/data/datasets/2022/econ/susb/2022-susb.html",373076,16659,18533,24144,60112,45151,119448,164599,208477,4.465310017261898,4.967620538442569,6.471603641081174,16.11253471142609,12.102359840890328,32.01706890821173,44.11942874910206,55.88057125089794,False,373076,0,373076,0,
25060,"Gulfport-Biloxi, MS Metro Area",metro,2022,standard_01_09,RETRIEVED,U.S. Census Bureau,Statistics of U.S. Businesses (SUSB),U.S. Census Bureau Statistics of U.S. Businesses (SUSB) 2022,msa_3digitnaics_2022.txt,https://www2.census.gov/programs-surveys/susb/datasets/2022/msa_3digitnaics_2022.txt,https://www.census.gov/data/datasets/2022/econ/susb/2022-susb.html,"reference year 2022; MSA dataset originally released 2025-05-29, revised 2025-07-22 (extraneous estimates removed; remaining estimates unchanged)","mid-March payroll employment at employer establishments, classified by enterprise (firm) employment size; primary split firms <500 vs 500+ employees (SBA cutoff)","U.S. Census Bureau, Statistics of U.S. Businesses (SUSB), 2022 Annual Datasets by Establishment Industry — msa_3digitnaics_2022.txt (all-industry NAICS=--, enterprise employment size); reference year 2022; MSA dataset originally released 2025-05-29, revised 2025-07-22 (extraneous estimates removed; remaining estimates unchanged); measures mid-March payroll employment at employer establishments, classified by enterprise (firm) employment size; primary split firms <500 vs 500+ employees (SBA cutoff). File: https://www2.census.gov/programs-surveys/susb/datasets/2022/msa_3digitnaics_2022.txt Landing page: https://www.census.gov/data/datasets/2022/econ/susb/2022-susb.html",130044,5101,6860,9163,22143,12730,43267,55997,74047,3.9225185321891054,5.27513764571991,7.0460767124973085,17.027313832241393,9.788994494171204,33.27104672264772,43.060041216818924,56.939958783181076,False,130044,0,130044,0,
25180,"Hagerstown-Martinsburg, MD-WV Metro Area",metro,2022,standard_01_09,RETRIEVED,U.S. Census Bureau,Statistics of U.S. Businesses (SUSB),U.S. Census Bureau Statistics of U.S. Businesses (SUSB) 2022,msa_3digitnaics_2022.txt,https://www2.census.gov/programs-surveys/susb/datasets/2022/msa_3digitnaics_2022.txt,https://www.census.gov/data/datasets/2022/econ/susb/2022-susb.html,"reference year 2022; MSA dataset originally released 2025-05-29, revised 2025-07-22 (extraneous estimates removed; remaining estimates unchanged)","mid-March payroll employment at employer establishments, classified by enterprise (firm) employment size; primary split firms <500 vs 500+ employees (SBA cutoff)","U.S. Census Bureau, Statistics of U.S. Businesses (SUSB), 2022 Annual Datasets by Establishment Industry — msa_3digitnaics_2022.txt (all-industry NAICS=--, enterprise employment size); reference year 2022; MSA dataset originally released 2025-05-29, revised 2025-07-22 (extraneous estimates removed; remaining estimates unchanged); measures mid-March payroll employment at employer establishments, classified by enterprise (firm) employment size; primary split firms <500 vs 500+ employees (SBA cutoff). File: https://www2.census.gov/programs-surveys/susb/datasets/2022/msa_3digitnaics_2022.txt Landing page: https://www.census.gov/data/datasets/2022/econ/susb/2022-susb.html",95750,3564,5115,6788,13452,9802,28919,38721,57029,3.7221932114882508,5.342036553524804,7.089295039164491,14.049086161879895,10.237075718015666,30.202610966057442,40.43968668407311,59.56031331592689,False,95750,0,95750,0,
25220,"Hammond, LA Metro Area",metro,2022,standard_01_09,RETRIEVED,U.S. Census Bureau,Statistics of U.S. Businesses (SUSB),U.S. Census Bureau Statistics of U.S. Businesses (SUSB) 2022,msa_3digitnaics_2022.txt,https://www2.census.gov/programs-surveys/susb/datasets/2022/msa_3digitnaics_2022.txt,https://www.census.gov/data/datasets/2022/econ/susb/2022-susb.html,"reference year 2022; MSA dataset originally released 2025-05-29, revised 2025-07-22 (extraneous estimates removed; remaining estimates unchanged)","mid-March payroll employment at employer establishments, classified by enterprise (firm) employment size; primary split firms <500 vs 500+ employees (SBA cutoff)","U.S. Census Bureau, Statistics of U.S. Businesses (SUSB), 2022 Annual Datasets by Establishment Industry — msa_3digitnaics_2022.txt (all-industry NAICS=--, enterprise employment size); reference year 2022; MSA dataset originally released 2025-05-29, revised 2025-07-22 (extraneous estimates removed; remaining estimates unchanged); measures mid-March payroll employment at employer establishments, classified by enterprise (firm) employment size; primary split firms <500 vs 500+ employees (SBA cutoff). File: https://www2.census.gov/programs-surveys/susb/datasets/2022/msa_3digitnaics_2022.txt Landing page: https://www.census.gov/data/datasets/2022/econ/susb/2022-susb.html",39114,1900,2367,3078,8060,7186,15405,22591,16523,4.857595745768778,6.051541647491947,7.869305108145421,20.606432479419134,18.371938436365497,39.38487498082528,57.75681341719078,42.24318658280922,False,39114,0,39114,0,
25260,"Hanford-Corcoran, CA Metro Area",metro,2022,standard_01_09,RETRIEVED,U.S. Census Bureau,Statistics of U.S. Businesses (SUSB),U.S. Census Bureau Statistics of U.S. Businesses (SUSB) 2022,msa_3digitnaics_2022.txt,https://www2.census.gov/programs-surveys/susb/datasets/2022/msa_3digitnaics_2022.txt,https://www.census.gov/data/datasets/2022/econ/susb/2022-susb.html,"reference year 2022; MSA dataset originally released 2025-05-29, revised 2025-07-22 (extraneous estimates removed; remaining estimates unchanged)","mid-March payroll employment at employer establishments, classified by enterprise (firm) employment size; primary split firms <500 vs 500+ employees (SBA cutoff)","U.S. Census Bureau, Statistics of U.S. Businesses (SUSB), 2022 Annual Datasets by Establishment Industry — msa_3digitnaics_2022.txt (all-industry NAICS=--, enterprise employment size); reference year 2022; MSA dataset originally released 2025-05-29, revised 2025-07-22 (extraneous estimates removed; remaining estimates unchanged); measures mid-March payroll employment at employer establishments, classified by enterprise (firm) employment size; primary split firms <500 vs 500+ employees (SBA cutoff). File: https://www2.census.gov/programs-surveys/susb/datasets/2022/msa_3digitnaics_2022.txt Landing page: https://www.census.gov/data/datasets/2022/econ/susb/2022-susb.html",26796,1199,1735,2348,4014,2723,9296,12019,14777,4.474548440065681,6.474846992088372,8.762501865950142,14.979847738468429,10.1619644723093,34.69174503657262,44.85370950888192,55.14629049111808,False,26796,0,26796,0,
25420,"Harrisburg-Carlisle, PA Metro Area",metro,2022,standard_01_09,RETRIEVED,U.S. Census Bureau,Statistics of U.S. Businesses (SUSB),U.S. Census Bureau Statistics of U.S. Businesses (SUSB) 2022,msa_3digitnaics_2022.txt,https://www2.census.gov/programs-surveys/susb/datasets/2022/msa_3digitnaics_2022.txt,https://www.census.gov/data/datasets/2022/econ/susb/2022-susb.html,"reference year 2022; MSA dataset originally released 2025-05-29, revised 2025-07-22 (extraneous estimates removed; remaining estimates unchanged)","mid-March payroll employment at employer establishments, classified by enterprise (firm) employment size; primary split firms <500 vs 500+ employees (SBA cutoff)","U.S. Census Bureau, Statistics of U.S. Businesses (SUSB), 2022 Annual Datasets by Establishment Industry — msa_3digitnaics_2022.txt (all-industry NAICS=--, enterprise employment size); reference year 2022; MSA dataset originally released 2025-05-29, revised 2025-07-22 (extraneous estimates removed; remaining estimates unchanged); measures mid-March payroll employment at employer establishments, classified by enterprise (firm) employment size; primary split firms <500 vs 500+ employees (SBA cutoff). File: https://www2.census.gov/programs-surveys/susb/datasets/2022/msa_3digitnaics_2022.txt Landing page: https://www.census.gov/data/datasets/2022/econ/susb/2022-susb.html",292594,9234,12541,15456,41416,34278,78647,112925,179669,3.1559088703117633,4.286143940067124,5.282404970710267,14.154767356815245,11.715209471144316,26.8792251379044,38.59443460904872,61.40556539095128,False,292594,0,292594,0,
25500,"Harrisonburg, VA Metro Area",metro,2022,standard_01_09,RETRIEVED,U.S. Census Bureau,Statistics of U.S. Businesses (SUSB),U.S. Census Bureau Statistics of U.S. Businesses (SUSB) 2022,msa_3digitnaics_2022.txt,https://www2.census.gov/programs-surveys/susb/datasets/2022/msa_3digitnaics_2022.txt,https://www.census.gov/data/datasets/2022/econ/susb/2022-susb.html,"reference year 2022; MSA dataset originally released 2025-05-29, revised 2025-07-22 (extraneous estimates removed; remaining estimates unchanged)","mid-March payroll employment at employer establishments, classified by enterprise (firm) employment size; primary split firms <500 vs 500+ employees (SBA cutoff)","U.S. Census Bureau, Statistics of U.S. Businesses (SUSB), 2022 Annual Datasets by Establishment Industry — msa_3digitnaics_2022.txt (all-industry NAICS=--, enterprise employment size); reference year 2022; MSA dataset originally released 2025-05-29, revised 2025-07-22 (extraneous estimates removed; remaining estimates unchanged); measures mid-March payroll employment at employer establishments, classified by enterprise (firm) employment size; primary split firms <500 vs 500+ employees (SBA cutoff). File: https://www2.census.gov/programs-surveys/susb/datasets/2022/msa_3digitnaics_2022.txt Landing page: https://www.census.gov/data/datasets/2022/econ/susb/2022-susb.html",54233,2548,3107,4294,9315,5025,19264,24289,29944,4.6982464551103575,5.72898419781314,7.917688492246418,17.175889218741357,9.26557630962698,35.52080836391127,44.78638467353825,55.21361532646175,False,54233,0,54233,0,
25540,"Hartford-West Hartford-East Hartford, CT Metro Area",metro,2022,standard_01_09,RETRIEVED,U.S. Census Bureau,Statistics of U.S. Businesses (SUSB),U.S. Census Bureau Statistics of U.S. Businesses (SUSB) 2022,msa_3digitnaics_2022.txt,https://www2.census.gov/programs-surveys/susb/datasets/2022/msa_3digitnaics_2022.txt,https://www.census.gov/data/datasets/2022/econ/susb/2022-susb.html,"reference year 2022; MSA dataset originally released 2025-05-29, revised 2025-07-22 (extraneous estimates removed; remaining estimates unchanged)","mid-March payroll employment at employer establishments, classified by enterprise (firm) employment size; primary split firms <500 vs 500+ employees (SBA cutoff)","U.S. Census Bureau, Statistics of U.S. Businesses (SUSB), 2022 Annual Datasets by Establishment Industry — msa_3digitnaics_2022.txt (all-industry NAICS=--, enterprise employment size); reference year 2022; MSA dataset originally released 2025-05-29, revised 2025-07-22 (extraneous estimates removed; remaining estimates unchanged); measures mid-March payroll employment at employer establishments, classified by enterprise (firm) employment size; primary split firms <500 vs 500+ employees (SBA cutoff). File: https://www2.census.gov/programs-surveys/susb/datasets/2022/msa_3digitnaics_2022.txt Landing page: https://www.census.gov/data/datasets/2022/econ/susb/2022-susb.html",520790,20124,25447,32141,86770,74910,164482,239392,281398,3.8641294955740317,4.88623053438046,6.171585475911596,16.661226214021006,14.383916741872923,31.583171719887094,45.96708846176002,54.03291153823998,False,520790,0,520790,0,
25620,"Hattiesburg, MS Metro Area",metro,2022,standard_01_09,RETRIEVED,U.S. Census Bureau,Statistics of U.S. Businesses (SUSB),U.S. Census Bureau Statistics of U.S. Businesses (SUSB) 2022,msa_3digitnaics_2022.txt,https://www2.census.gov/programs-surveys/susb/datasets/2022/msa_3digitnaics_2022.txt,https://www.census.gov/data/datasets/2022/econ/susb/2022-susb.html,"reference year 2022; MSA dataset originally released 2025-05-29, revised 2025-07-22 (extraneous estimates removed; remaining estimates unchanged)","mid-March payroll employment at employer establishments, classified by enterprise (firm) employment size; primary split firms <500 vs 500+ employees (SBA cutoff)","U.S. Census Bureau, Statistics of U.S. Businesses (SUSB), 2022 Annual Datasets by Establishment Industry — msa_3digitnaics_2022.txt (all-industry NAICS=--, enterprise employment size); reference year 2022; MSA dataset originally released 2025-05-29, revised 2025-07-22 (extraneous estimates removed; remaining estimates unchanged); measures mid-March payroll employment at employer establishments, classified by enterprise (firm) employment size; primary split firms <500 vs 500+ employees (SBA cutoff). File: https://www2.census.gov/programs-surveys/susb/datasets/2022/msa_3digitnaics_2022.txt Landing page: https://www.census.gov/data/datasets/2022/econ/susb/2022-susb.html",53883,2194,2952,4125,9943,6686,19214,25900,27983,4.071785164151959,5.478536829797895,7.655475753020434,18.452944342371435,12.408366275077483,35.65874208934172,48.067108364419205,51.932891635580795,False,53883,0,53883,0,
25740,"Helena, MT Metro Area",metro,2022,standard_01_09,RETRIEVED,U.S. Census Bureau,Statistics of U.S. Businesses (SUSB),U.S. Census Bureau Statistics of U.S. Businesses (SUSB) 2022,msa_3digitnaics_2022.txt,https://www2.census.gov/programs-surveys/susb/datasets/2022/msa_3digitnaics_2022.txt,https://www.census.gov/data/datasets/2022/econ/susb/2022-susb.html,"reference year 2022; MSA dataset originally released 2025-05-29, revised 2025-07-22 (extraneous estimates removed; remaining estimates unchanged)","mid-March payroll employment at employer establishments, classified by enterprise (firm) employment size; primary split firms <500 vs 500+ employees (SBA cutoff)","U.S. Census Bureau, Statistics of U.S. Businesses (SUSB), 2022 Annual Datasets by Establishment Industry — msa_3digitnaics_2022.txt (all-industry NAICS=--, enterprise employment size); reference year 2022; MSA dataset originally released 2025-05-29, revised 2025-07-22 (extraneous estimates removed; remaining estimates unchanged); measures mid-March payroll employment at employer establishments, classified by enterprise (firm) employment size; primary split firms <500 vs 500+ employees (SBA cutoff). File: https://www2.census.gov/programs-surveys/susb/datasets/2022/msa_3digitnaics_2022.txt Landing page: https://www.census.gov/data/datasets/2022/econ/susb/2022-susb.html",29514,2610,2566,3579,6398,3629,15153,18782,10732,8.84326082537101,8.694179033678932,12.12644846513519,21.677847801043573,12.295859592058006,51.34173612522871,63.637595717286715,36.362404282713285,False,29514,0,29514,0,
25860,"Hickory-Lenoir-Morganton, NC Metro Area",metro,2022,standard_01_09,RETRIEVED,U.S. Census Bureau,Statistics of U.S. Businesses (SUSB),U.S. Census Bureau Statistics of U.S. Businesses (SUSB) 2022,msa_3digitnaics_2022.txt,https://www2.census.gov/programs-surveys/susb/datasets/2022/msa_3digitnaics_2022.txt,https://www.census.gov/data/datasets/2022/econ/susb/2022-susb.html,"reference year 2022; MSA dataset originally released 2025-05-29, revised 2025-07-22 (extraneous estimates removed; remaining estimates unchanged)","mid-March payroll employment at employer establishments, classified by enterprise (firm) employment size; primary split firms <500 vs 500+ employees (SBA cutoff)","U.S. Census Bureau, Statistics of U.S. Businesses (SUSB), 2022 Annual Datasets by Establishment Industry — msa_3digitnaics_2022.txt (all-industry NAICS=--, enterprise employment size); reference year 2022; MSA dataset originally released 2025-05-29, revised 2025-07-22 (extraneous estimates removed; remaining estimates unchanged); measures mid-March payroll employment at employer establishments, classified by enterprise (firm) employment size; primary split firms <500 vs 500+ employees (SBA cutoff). File: https://www2.census.gov/programs-surveys/susb/datasets/2022/msa_3digitnaics_2022.txt Landing page: https://www.census.gov/data/datasets/2022/econ/susb/2022-susb.html",141070,5947,6622,9274,24249,18123,46092,64215,76855,4.215637626710144,4.694123484794782,6.574041256113986,17.189338626213935,12.846813638619125,32.673140993832845,45.51995463245198,54.48004536754802,False,141070,0,141070,0,
25940,"Hilton Head Island-Bluffton-Port Royal, SC Metro Area",metro,2022,standard_01_09,RETRIEVED,U.S. Census Bureau,Statistics of U.S. Businesses (SUSB),U.S. Census Bureau Statistics of U.S. Businesses (SUSB) 2022,msa_3digitnaics_2022.txt,https://www2.census.gov/programs-surveys/susb/datasets/2022/msa_3digitnaics_2022.txt,https://www.census.gov/data/datasets/2022/econ/susb/2022-susb.html,"reference year 2022; MSA dataset originally released 2025-05-29, revised 2025-07-22 (extraneous estimates removed; remaining estimates unchanged)","mid-March payroll employment at employer establishments, classified by enterprise (firm) employment size; primary split firms <500 vs 500+ employees (SBA cutoff)","U.S. Census Bureau, Statistics of U.S. Businesses (SUSB), 2022 Annual Datasets by Establishment Industry — msa_3digitnaics_2022.txt (all-industry NAICS=--, enterprise employment size); reference year 2022; MSA dataset originally released 2025-05-29, revised 2025-07-22 (extraneous estimates removed; remaining estimates unchanged); measures mid-March payroll employment at employer establishments, classified by enterprise (firm) employment size; primary split firms <500 vs 500+ employees (SBA cutoff). File: https://www2.census.gov/programs-surveys/susb/datasets/2022/msa_3digitnaics_2022.txt Landing page: https://www.census.gov/data/datasets/2022/econ/susb/2022-susb.html",67170,5520,5930,7633,15553,10180,34636,44816,22354,8.21795444394819,8.828345987792169,11.363704034539229,23.154682149769243,15.155575405687063,51.56468661604883,66.72026202173589,33.27973797826411,False,67170,0,67170,0,
25980,"Hinesville, GA Metro Area",metro,2022,standard_01_09,RETRIEVED,U.S. Census Bureau,Statistics of U.S. Businesses (SUSB),U.S. Census Bureau Statistics of U.S. Businesses (SUSB) 2022,msa_3digitnaics_2022.txt,https://www2.census.gov/programs-surveys/susb/datasets/2022/msa_3digitnaics_2022.txt,https://www.census.gov/data/datasets/2022/econ/susb/2022-susb.html,"reference year 2022; MSA dataset originally released 2025-05-29, revised 2025-07-22 (extraneous estimates removed; remaining estimates unchanged)","mid-March payroll employment at employer establishments, classified by enterprise (firm) employment size; primary split firms <500 vs 500+ employees (SBA cutoff)","U.S. Census Bureau, Statistics of U.S. Businesses (SUSB), 2022 Annual Datasets by Establishment Industry — msa_3digitnaics_2022.txt (all-industry NAICS=--, enterprise employment size); reference year 2022; MSA dataset originally released 2025-05-29, revised 2025-07-22 (extraneous estimates removed; remaining estimates unchanged); measures mid-March payroll employment at employer establishments, classified by enterprise (firm) employment size; primary split firms <500 vs 500+ employees (SBA cutoff). File: https://www2.census.gov/programs-surveys/susb/datasets/2022/msa_3digitnaics_2022.txt Landing page: https://www.census.gov/data/datasets/2022/econ/susb/2022-susb.html",14855,735,762,1153,1525,1414,4175,5589,9266,4.947829013800067,5.129585997980478,7.7616963985190175,10.265903736115787,9.518680578929652,28.105015146415347,37.623695725345,62.376304274655,False,14855,0,14855,0,
26140,"Homosassa Springs, FL Metro Area",metro,2022,standard_01_09,RETRIEVED,U.S. Census Bureau,Statistics of U.S. Businesses (SUSB),U.S. Census Bureau Statistics of U.S. Businesses (SUSB) 2022,msa_3digitnaics_2022.txt,https://www2.census.gov/programs-surveys/susb/datasets/2022/msa_3digitnaics_2022.txt,https://www.census.gov/data/datasets/2022/econ/susb/2022-susb.html,"reference year 2022; MSA dataset originally released 2025-05-29, revised 2025-07-22 (extraneous estimates removed; remaining estimates unchanged)","mid-March payroll employment at employer establishments, classified by enterprise (firm) employment size; primary split firms <500 vs 500+ employees (SBA cutoff)","U.S. Census Bureau, Statistics of U.S. Businesses (SUSB), 2022 Annual Datasets by Establishment Industry — msa_3digitnaics_2022.txt (all-industry NAICS=--, enterprise employment size); reference year 2022; MSA dataset originally released 2025-05-29, revised 2025-07-22 (extraneous estimates removed; remaining estimates unchanged); measures mid-March payroll employment at employer establishments, classified by enterprise (firm) employment size; primary split firms <500 vs 500+ employees (SBA cutoff). File: https://www2.census.gov/programs-surveys/susb/datasets/2022/msa_3digitnaics_2022.txt Landing page: https://www.census.gov/data/datasets/2022/econ/susb/2022-susb.html",31186,2656,2516,2873,5284,4059,13329,17388,13798,8.516642082985955,8.067722696081574,9.212467132687744,16.943500288591036,13.015455653177709,42.74033220034631,55.75578785352402,44.24421214647598,False,31186,0,31186,0,
26300,"Hot Springs, AR Metro Area",metro,2022,standard_01_09,RETRIEVED,U.S. Census Bureau,Statistics of U.S. Businesses (SUSB),U.S. Census Bureau Statistics of U.S. Businesses (SUSB) 2022,msa_3digitnaics_2022.txt,https://www2.census.gov/programs-surveys/susb/datasets/2022/msa_3digitnaics_2022.txt,https://www.census.gov/data/datasets/2022/econ/susb/2022-susb.html,"reference year 2022; MSA dataset originally released 2025-05-29, revised 2025-07-22 (extraneous estimates removed; remaining estimates unchanged)","mid-March payroll employment at employer establishments, classified by enterprise (firm) employment size; primary split firms <500 vs 500+ employees (SBA cutoff)","U.S. Census Bureau, Statistics of U.S. Businesses (SUSB), 2022 Annual Datasets by Establishment Industry — msa_3digitnaics_2022.txt (all-industry NAICS=--, enterprise employment size); reference year 2022; MSA dataset originally released 2025-05-29, revised 2025-07-22 (extraneous estimates removed; remaining estimates unchanged); measures mid-March payroll employment at employer establishments, classified by enterprise (firm) employment size; primary split firms <500 vs 500+ employees (SBA cutoff). File: https://www2.census.gov/programs-surveys/susb/datasets/2022/msa_3digitnaics_2022.txt Landing page: https://www.census.gov/data/datasets/2022/econ/susb/2022-susb.html",35281,2287,2494,3132,7889,4047,15802,19849,15432,6.482242566820668,7.06896063036762,8.877299396275616,22.360477310733824,11.470763300359968,44.788979904197724,56.259743204557694,43.740256795442306,False,35281,0,35281,0,
26380,"Houma-Bayou Cane-Thibodaux, LA Metro Area",metro,2022,standard_01_09,RETRIEVED,U.S. Census Bureau,Statistics of U.S. Businesses (SUSB),U.S. Census Bureau Statistics of U.S. Businesses (SUSB) 2022,msa_3digitnaics_2022.txt,https://www2.census.gov/programs-surveys/susb/datasets/2022/msa_3digitnaics_2022.txt,https://www.census.gov/data/datasets/2022/econ/susb/2022-susb.html,"reference year 2022; MSA dataset originally released 2025-05-29, revised 2025-07-22 (extraneous estimates removed; remaining estimates unchanged)","mid-March payroll employment at employer establishments, classified by enterprise (firm) employment size; primary split firms <500 vs 500+ employees (SBA cutoff)","U.S. Census Bureau, Statistics of U.S. Businesses (SUSB), 2022 Annual Datasets by Establishment Industry — msa_3digitnaics_2022.txt (all-industry NAICS=--, enterprise employment size); reference year 2022; MSA dataset originally released 2025-05-29, revised 2025-07-22 (extraneous estimates removed; remaining estimates unchanged); measures mid-March payroll employment at employer establishments, classified by enterprise (firm) employment size; primary split firms <500 vs 500+ employees (SBA cutoff). File: https://www2.census.gov/programs-surveys/susb/datasets/2022/msa_3digitnaics_2022.txt Landing page: https://www.census.gov/data/datasets/2022/econ/susb/2022-susb.html",66214,2881,4062,4962,13171,15518,25076,40594,25620,4.351043585948591,6.134654302715438,7.4938834687528315,19.891563717642793,23.436131331742533,37.87114507505966,61.30727640680219,38.69272359319781,False,66214,0,66214,0,
26420,"Houston-Pasadena-The Woodlands, TX Metro Area",metro,2022,standard_01_09,RETRIEVED,U.S. Census Bureau,Statistics of U.S. Businesses (SUSB),U.S. Census Bureau Statistics of U.S. Businesses (SUSB) 2022,msa_3digitnaics_2022.txt,https://www2.census.gov/programs-surveys/susb/datasets/2022/msa_3digitnaics_2022.txt,https://www.census.gov/data/datasets/2022/econ/susb/2022-susb.html,"reference year 2022; MSA dataset originally released 2025-05-29, revised 2025-07-22 (extraneous estimates removed; remaining estimates unchanged)","mid-March payroll employment at employer establishments, classified by enterprise (firm) employment size; primary split firms <500 vs 500+ employees (SBA cutoff)","U.S. Census Bureau, Statistics of U.S. Businesses (SUSB), 2022 Annual Datasets by Establishment Industry — msa_3digitnaics_2022.txt (all-industry NAICS=--, enterprise employment size); reference year 2022; MSA dataset originally released 2025-05-29, revised 2025-07-22 (extraneous estimates removed; remaining estimates unchanged); measures mid-March payroll employment at employer establishments, classified by enterprise (firm) employment size; primary split firms <500 vs 500+ employees (SBA cutoff). File: https://www2.census.gov/programs-surveys/susb/datasets/2022/msa_3digitnaics_2022.txt Landing page: https://www.census.gov/data/datasets/2022/econ/susb/2022-susb.html",2730105,119130,127337,165005,444134,409656,855606,1265262,1464843,4.3635684341811025,4.6641795828365575,6.043906736187802,16.268018995606397,15.00513716505409,31.339673748811858,46.34481091386595,53.65518908613405,False,2730105,0,2730105,0,
26580,"Huntington-Ashland, WV-KY-OH Metro Area",metro,2022,standard_01_09,RETRIEVED,U.S. Census Bureau,Statistics of U.S. Businesses (SUSB),U.S. Census Bureau Statistics of U.S. Businesses (SUSB) 2022,msa_3digitnaics_2022.txt,https://www2.census.gov/programs-surveys/susb/datasets/2022/msa_3digitnaics_2022.txt,https://www.census.gov/data/datasets/2022/econ/susb/2022-susb.html,"reference year 2022; MSA dataset originally released 2025-05-29, revised 2025-07-22 (extraneous estimates removed; remaining estimates unchanged)","mid-March payroll employment at employer establishments, classified by enterprise (firm) employment size; primary split firms <500 vs 500+ employees (SBA cutoff)","U.S. Census Bureau, Statistics of U.S. Businesses (SUSB), 2022 Annual Datasets by Establishment Industry — msa_3digitnaics_2022.txt (all-industry NAICS=--, enterprise employment size); reference year 2022; MSA dataset originally released 2025-05-29, revised 2025-07-22 (extraneous estimates removed; remaining estimates unchanged); measures mid-March payroll employment at employer establishments, classified by enterprise (firm) employment size; primary split firms <500 vs 500+ employees (SBA cutoff). File: https://www2.census.gov/programs-surveys/susb/datasets/2022/msa_3digitnaics_2022.txt Landing page: https://www.census.gov/data/datasets/2022/econ/susb/2022-susb.html",113441,4309,6050,8099,21170,16379,39628,56007,57434,3.798450295748451,5.333168783773063,7.139394046244303,18.66168316569847,14.438342398251073,34.93269629146428,49.371038689715355,50.628961310284645,False,113441,0,113441,0,
26620,"Huntsville, AL Metro Area",metro,2022,standard_01_09,RETRIEVED,U.S. Census Bureau,Statistics of U.S. Businesses (SUSB),U.S. Census Bureau Statistics of U.S. Businesses (SUSB) 2022,msa_3digitnaics_2022.txt,https://www2.census.gov/programs-surveys/susb/datasets/2022/msa_3digitnaics_2022.txt,https://www.census.gov/data/datasets/2022/econ/susb/2022-susb.html,"reference year 2022; MSA dataset originally released 2025-05-29, revised 2025-07-22 (extraneous estimates removed; remaining estimates unchanged)","mid-March payroll employment at employer establishments, classified by enterprise (firm) employment size; primary split firms <500 vs 500+ employees (SBA cutoff)","U.S. Census Bureau, Statistics of U.S. Businesses (SUSB), 2022 Annual Datasets by Establishment Industry — msa_3digitnaics_2022.txt (all-industry NAICS=--, enterprise employment size); reference year 2022; MSA dataset originally released 2025-05-29, revised 2025-07-22 (extraneous estimates removed; remaining estimates unchanged); measures mid-March payroll employment at employer establishments, classified by enterprise (firm) employment size; primary split firms <500 vs 500+ employees (SBA cutoff). File: https://www2.census.gov/programs-surveys/susb/datasets/2022/msa_3digitnaics_2022.txt Landing page: https://www.census.gov/data/datasets/2022/econ/susb/2022-susb.html",209045,7247,8487,12120,32887,29527,60741,90268,118777,3.4667176923628884,4.059891410940228,5.797794733191418,15.732019421655624,14.124709990671866,29.056423258150158,43.18113324882202,56.81886675117798,False,209045,0,209045,0,
26820,"Idaho Falls, ID Metro Area",metro,2022,standard_01_09,RETRIEVED,U.S. Census Bureau,Statistics of U.S. Businesses (SUSB),U.S. Census Bureau Statistics of U.S. Businesses (SUSB) 2022,msa_3digitnaics_2022.txt,https://www2.census.gov/programs-surveys/susb/datasets/2022/msa_3digitnaics_2022.txt,https://www.census.gov/data/datasets/2022/econ/susb/2022-susb.html,"reference year 2022; MSA dataset originally released 2025-05-29, revised 2025-07-22 (extraneous estimates removed; remaining estimates unchanged)","mid-March payroll employment at employer establishments, classified by enterprise (firm) employment size; primary split firms <500 vs 500+ employees (SBA cutoff)","U.S. Census Bureau, Statistics of U.S. Businesses (SUSB), 2022 Annual Datasets by Establishment Industry — msa_3digitnaics_2022.txt (all-industry NAICS=--, enterprise employment size); reference year 2022; MSA dataset originally released 2025-05-29, revised 2025-07-22 (extraneous estimates removed; remaining estimates unchanged); measures mid-March payroll employment at employer establishments, classified by enterprise (firm) employment size; primary split firms <500 vs 500+ employees (SBA cutoff). File: https://www2.census.gov/programs-surveys/susb/datasets/2022/msa_3digitnaics_2022.txt Landing page: https://www.census.gov/data/datasets/2022/econ/susb/2022-susb.html",67129,3518,3730,5733,13203,10316,26184,36500,30629,5.24065605029123,5.556465908921629,8.540273205321098,19.668101714609186,15.367426894486735,39.005496879143145,54.37292377362988,45.62707622637012,False,67129,0,67129,0,
26900,"Indianapolis-Carmel-Greenwood, IN Metro Area",metro,2022,standard_01_09,RETRIEVED,U.S. Census Bureau,Statistics of U.S. Businesses (SUSB),U.S. Census Bureau Statistics of U.S. Businesses (SUSB) 2022,msa_3digitnaics_2022.txt,https://www2.census.gov/programs-surveys/susb/datasets/2022/msa_3digitnaics_2022.txt,https://www.census.gov/data/datasets/2022/econ/susb/2022-susb.html,"reference year 2022; MSA dataset originally released 2025-05-29, revised 2025-07-22 (extraneous estimates removed; remaining estimates unchanged)","mid-March payroll employment at employer establishments, classified by enterprise (firm) employment size; primary split firms <500 vs 500+ employees (SBA cutoff)","U.S. Census Bureau, Statistics of U.S. Businesses (SUSB), 2022 Annual Datasets by Establishment Industry — msa_3digitnaics_2022.txt (all-industry NAICS=--, enterprise employment size); reference year 2022; MSA dataset originally released 2025-05-29, revised 2025-07-22 (extraneous estimates removed; remaining estimates unchanged); measures mid-March payroll employment at employer establishments, classified by enterprise (firm) employment size; primary split firms <500 vs 500+ employees (SBA cutoff). File: https://www2.census.gov/programs-surveys/susb/datasets/2022/msa_3digitnaics_2022.txt Landing page: https://www.census.gov/data/datasets/2022/econ/susb/2022-susb.html",951953,33240,36574,51275,150661,134909,271750,406659,545294,3.491769026412018,3.8419964010828265,5.386295331807347,15.826516645254545,14.17181310421838,28.54657740455674,42.718390508775116,57.281609491224884,False,951953,0,951953,0,
26980,"Iowa City, IA Metro Area",metro,2022,standard_01_09,RETRIEVED,U.S. Census Bureau,Statistics of U.S. Businesses (SUSB),U.S. Census Bureau Statistics of U.S. Businesses (SUSB) 2022,msa_3digitnaics_2022.txt,https://www2.census.gov/programs-surveys/susb/datasets/2022/msa_3digitnaics_2022.txt,https://www.census.gov/data/datasets/2022/econ/susb/2022-susb.html,"reference year 2022; MSA dataset originally released 2025-05-29, revised 2025-07-22 (extraneous estimates removed; remaining estimates unchanged)","mid-March payroll employment at employer establishments, classified by enterprise (firm) employment size; primary split firms <500 vs 500+ employees (SBA cutoff)","U.S. Census Bureau, Statistics of U.S. Businesses (SUSB), 2022 Annual Datasets by Establishment Industry — msa_3digitnaics_2022.txt (all-industry NAICS=--, enterprise employment size); reference year 2022; MSA dataset originally released 2025-05-29, revised 2025-07-22 (extraneous estimates removed; remaining estimates unchanged); measures mid-March payroll employment at employer establishments, classified by enterprise (firm) employment size; primary split firms <500 vs 500+ employees (SBA cutoff). File: https://www2.census.gov/programs-surveys/susb/datasets/2022/msa_3digitnaics_2022.txt Landing page: https://www.census.gov/data/datasets/2022/econ/susb/2022-susb.html",75684,3028,3720,4844,13017,6403,24609,31012,44672,4.000845621267375,4.915173616616458,6.400295967443581,17.199143808466783,8.460176523439564,32.5154590137942,40.975635537233764,59.024364462766236,False,75684,0,75684,0,
27060,"Ithaca, NY Metro Area",metro,2022,standard_01_09,RETRIEVED,U.S. Census Bureau,Statistics of U.S. Businesses (SUSB),U.S. Census Bureau Statistics of U.S. Businesses (SUSB) 2022,msa_3digitnaics_2022.txt,https://www2.census.gov/programs-surveys/susb/datasets/2022/msa_3digitnaics_2022.txt,https://www.census.gov/data/datasets/2022/econ/susb/2022-susb.html,"reference year 2022; MSA dataset originally released 2025-05-29, revised 2025-07-22 (extraneous estimates removed; remaining estimates unchanged)","mid-March payroll employment at employer establishments, classified by enterprise (firm) employment size; primary split firms <500 vs 500+ employees (SBA cutoff)","U.S. Census Bureau, Statistics of U.S. Businesses (SUSB), 2022 Annual Datasets by Establishment Industry — msa_3digitnaics_2022.txt (all-industry NAICS=--, enterprise employment size); reference year 2022; MSA dataset originally released 2025-05-29, revised 2025-07-22 (extraneous estimates removed; remaining estimates unchanged); measures mid-March payroll employment at employer establishments, classified by enterprise (firm) employment size; primary split firms <500 vs 500+ employees (SBA cutoff). File: https://www2.census.gov/programs-surveys/susb/datasets/2022/msa_3digitnaics_2022.txt Landing page: https://www.census.gov/data/datasets/2022/econ/susb/2022-susb.html",48098,1660,2587,2675,6706,4440,13628,18068,30030,3.4512869557985777,5.378602020874049,5.561561811301925,13.942367666015219,9.231153062497402,28.33381845398977,37.56497151648717,62.43502848351283,False,48098,0,48098,0,
27100,"Jackson, MI Metro Area",metro,2022,standard_01_09,RETRIEVED,U.S. Census Bureau,Statistics of U.S. Businesses (SUSB),U.S. Census Bureau Statistics of U.S. Businesses (SUSB) 2022,msa_3digitnaics_2022.txt,https://www2.census.gov/programs-surveys/susb/datasets/2022/msa_3digitnaics_2022.txt,https://www.census.gov/data/datasets/2022/econ/susb/2022-susb.html,"reference year 2022; MSA dataset originally released 2025-05-29, revised 2025-07-22 (extraneous estimates removed; remaining estimates unchanged)","mid-March payroll employment at employer establishments, classified by enterprise (firm) employment size; primary split firms <500 vs 500+ employees (SBA cutoff)","U.S. Census Bureau, Statistics of U.S. Businesses (SUSB), 2022 Annual Datasets by Establishment Industry — msa_3digitnaics_2022.txt (all-industry NAICS=--, enterprise employment size); reference year 2022; MSA dataset originally released 2025-05-29, revised 2025-07-22 (extraneous estimates removed; remaining estimates unchanged); measures mid-March payroll employment at employer establishments, classified by enterprise (firm) employment size; primary split firms <500 vs 500+ employees (SBA cutoff). File: https://www2.census.gov/programs-surveys/susb/datasets/2022/msa_3digitnaics_2022.txt Landing page: https://www.census.gov/data/datasets/2022/econ/susb/2022-susb.html",50395,1951,2719,3794,9256,8648,17720,26368,24027,3.871415815061018,5.395376525448953,7.528524655223732,18.36690147832126,17.16043258259748,35.16221847405497,52.32265105665245,47.67734894334755,False,50395,0,50395,0,
27140,"Jackson, MS Metro Area",metro,2022,standard_01_09,RETRIEVED,U.S. Census Bureau,Statistics of U.S. Businesses (SUSB),U.S. Census Bureau Statistics of U.S. Businesses (SUSB) 2022,msa_3digitnaics_2022.txt,https://www2.census.gov/programs-surveys/susb/datasets/2022/msa_3digitnaics_2022.txt,https://www.census.gov/data/datasets/2022/econ/susb/2022-susb.html,"reference year 2022; MSA dataset originally released 2025-05-29, revised 2025-07-22 (extraneous estimates removed; remaining estimates unchanged)","mid-March payroll employment at employer establishments, classified by enterprise (firm) employment size; primary split firms <500 vs 500+ employees (SBA cutoff)","U.S. Census Bureau, Statistics of U.S. Businesses (SUSB), 2022 Annual Datasets by Establishment Industry — msa_3digitnaics_2022.txt (all-industry NAICS=--, enterprise employment size); reference year 2022; MSA dataset originally released 2025-05-29, revised 2025-07-22 (extraneous estimates removed; remaining estimates unchanged); measures mid-March payroll employment at employer establishments, classified by enterprise (firm) employment size; primary split firms <500 vs 500+ employees (SBA cutoff). File: https://www2.census.gov/programs-surveys/susb/datasets/2022/msa_3digitnaics_2022.txt Landing page: https://www.census.gov/data/datasets/2022/econ/susb/2022-susb.html",227258,10183,11711,14679,38963,28349,75536,103885,123373,4.4808103565111015,5.153173925670384,6.459178554770349,17.144830985047832,12.474368339068372,33.237993821999666,45.712362161068036,54.287637838931964,False,227258,0,227258,0,
27180,"Jackson, TN Metro Area",metro,2022,standard_01_09,RETRIEVED,U.S. Census Bureau,Statistics of U.S. Businesses (SUSB),U.S. Census Bureau Statistics of U.S. Businesses (SUSB) 2022,msa_3digitnaics_2022.txt,https://www2.census.gov/programs-surveys/susb/datasets/2022/msa_3digitnaics_2022.txt,https://www.census.gov/data/datasets/2022/econ/susb/2022-susb.html,"reference year 2022; MSA dataset originally released 2025-05-29, revised 2025-07-22 (extraneous estimates removed; remaining estimates unchanged)","mid-March payroll employment at employer establishments, classified by enterprise (firm) employment size; primary split firms <500 vs 500+ employees (SBA cutoff)","U.S. Census Bureau, Statistics of U.S. Businesses (SUSB), 2022 Annual Datasets by Establishment Industry — msa_3digitnaics_2022.txt (all-industry NAICS=--, enterprise employment size); reference year 2022; MSA dataset originally released 2025-05-29, revised 2025-07-22 (extraneous estimates removed; remaining estimates unchanged); measures mid-March payroll employment at employer establishments, classified by enterprise (firm) employment size; primary split firms <500 vs 500+ employees (SBA cutoff). File: https://www2.census.gov/programs-surveys/susb/datasets/2022/msa_3digitnaics_2022.txt Landing page: https://www.census.gov/data/datasets/2022/econ/susb/2022-susb.html",72883,2636,3705,4543,10991,10335,21875,32210,40673,3.6167556220243404,5.083489977086564,6.233277993496426,15.08033423432076,14.18026151503094,30.01385782692809,44.19411934195903,55.80588065804097,False,72883,0,72883,0,
27260,"Jacksonville, FL Metro Area",metro,2022,standard_01_09,RETRIEVED,U.S. Census Bureau,Statistics of U.S. Businesses (SUSB),U.S. Census Bureau Statistics of U.S. Businesses (SUSB) 2022,msa_3digitnaics_2022.txt,https://www2.census.gov/programs-surveys/susb/datasets/2022/msa_3digitnaics_2022.txt,https://www.census.gov/data/datasets/2022/econ/susb/2022-susb.html,"reference year 2022; MSA dataset originally released 2025-05-29, revised 2025-07-22 (extraneous estimates removed; remaining estimates unchanged)","mid-March payroll employment at employer establishments, classified by enterprise (firm) employment size; primary split firms <500 vs 500+ employees (SBA cutoff)","U.S. Census Bureau, Statistics of U.S. Businesses (SUSB), 2022 Annual Datasets by Establishment Industry — msa_3digitnaics_2022.txt (all-industry NAICS=--, enterprise employment size); reference year 2022; MSA dataset originally released 2025-05-29, revised 2025-07-22 (extraneous estimates removed; remaining estimates unchanged); measures mid-March payroll employment at employer establishments, classified by enterprise (firm) employment size; primary split firms <500 vs 500+ employees (SBA cutoff). File: https://www2.census.gov/programs-surveys/susb/datasets/2022/msa_3digitnaics_2022.txt Landing page: https://www.census.gov/data/datasets/2022/econ/susb/2022-susb.html",646582,32944,29455,38936,94170,78425,195505,273930,372652,5.095100080113582,4.555493348098153,6.021819351605829,14.564278003408694,12.129165364949843,30.23669078322626,42.3658561481761,57.6341438518239,False,646582,0,646582,0,
27340,"Jacksonville, NC Metro Area",metro,2022,standard_01_09,RETRIEVED,U.S. Census Bureau,Statistics of U.S. Businesses (SUSB),U.S. Census Bureau Statistics of U.S. Businesses (SUSB) 2022,msa_3digitnaics_2022.txt,https://www2.census.gov/programs-surveys/susb/datasets/2022/msa_3digitnaics_2022.txt,https://www.census.gov/data/datasets/2022/econ/susb/2022-susb.html,"reference year 2022; MSA dataset originally released 2025-05-29, revised 2025-07-22 (extraneous estimates removed; remaining estimates unchanged)","mid-March payroll employment at employer establishments, classified by enterprise (firm) employment size; primary split firms <500 vs 500+ employees (SBA cutoff)","U.S. Census Bureau, Statistics of U.S. Businesses (SUSB), 2022 Annual Datasets by Establishment Industry — msa_3digitnaics_2022.txt (all-industry NAICS=--, enterprise employment size); reference year 2022; MSA dataset originally released 2025-05-29, revised 2025-07-22 (extraneous estimates removed; remaining estimates unchanged); measures mid-March payroll employment at employer establishments, classified by enterprise (firm) employment size; primary split firms <500 vs 500+ employees (SBA cutoff). File: https://www2.census.gov/programs-surveys/susb/datasets/2022/msa_3digitnaics_2022.txt Landing page: https://www.census.gov/data/datasets/2022/econ/susb/2022-susb.html",37904,2140,2437,3546,8306,4304,16429,20733,17171,5.645842127479949,6.429400590966653,9.355213170113972,21.913254537779654,11.355002110595187,43.34371042634023,54.69871253693542,45.30128746306458,False,37904,0,37904,0,
27500,"Janesville-Beloit, WI Metro Area",metro,2022,standard_01_09,RETRIEVED,U.S. Census Bureau,Statistics of U.S. Businesses (SUSB),U.S. Census Bureau Statistics of U.S. Businesses (SUSB) 2022,msa_3digitnaics_2022.txt,https://www2.census.gov/programs-surveys/susb/datasets/2022/msa_3digitnaics_2022.txt,https://www.census.gov/data/datasets/2022/econ/susb/2022-susb.html,"reference year 2022; MSA dataset originally released 2025-05-29, revised 2025-07-22 (extraneous estimates removed; remaining estimates unchanged)","mid-March payroll employment at employer establishments, classified by enterprise (firm) employment size; primary split firms <500 vs 500+ employees (SBA cutoff)","U.S. Census Bureau, Statistics of U.S. Businesses (SUSB), 2022 Annual Datasets by Establishment Industry — msa_3digitnaics_2022.txt (all-industry NAICS=--, enterprise employment size); reference year 2022; MSA dataset originally released 2025-05-29, revised 2025-07-22 (extraneous estimates removed; remaining estimates unchanged); measures mid-March payroll employment at employer establishments, classified by enterprise (firm) employment size; primary split firms <500 vs 500+ employees (SBA cutoff). File: https://www2.census.gov/programs-surveys/susb/datasets/2022/msa_3digitnaics_2022.txt Landing page: https://www.census.gov/data/datasets/2022/econ/susb/2022-susb.html",61182,2488,2955,3843,10135,8821,19421,28242,32940,4.066555522866203,4.829851917230558,6.281259193880553,16.565329672125788,14.417639174920728,31.7429963061031,46.16063548102383,53.83936451897617,False,61182,0,61182,0,
27620,"Jefferson City, MO Metro Area",metro,2022,standard_01_09,RETRIEVED,U.S. Census Bureau,Statistics of U.S. Businesses (SUSB),U.S. Census Bureau Statistics of U.S. Businesses (SUSB) 2022,msa_3digitnaics_2022.txt,https://www2.census.gov/programs-surveys/susb/datasets/2022/msa_3digitnaics_2022.txt,https://www.census.gov/data/datasets/2022/econ/susb/2022-susb.html,"reference year 2022; MSA dataset originally released 2025-05-29, revised 2025-07-22 (extraneous estimates removed; remaining estimates unchanged)","mid-March payroll employment at employer establishments, classified by enterprise (firm) employment size; primary split firms <500 vs 500+ employees (SBA cutoff)","U.S. Census Bureau, Statistics of U.S. Businesses (SUSB), 2022 Annual Datasets by Establishment Industry — msa_3digitnaics_2022.txt (all-industry NAICS=--, enterprise employment size); reference year 2022; MSA dataset originally released 2025-05-29, revised 2025-07-22 (extraneous estimates removed; remaining estimates unchanged); measures mid-March payroll employment at employer establishments, classified by enterprise (firm) employment size; primary split firms <500 vs 500+ employees (SBA cutoff). File: https://www2.census.gov/programs-surveys/susb/datasets/2022/msa_3digitnaics_2022.txt Landing page: https://www.census.gov/data/datasets/2022/econ/susb/2022-susb.html",54963,2552,3118,4433,10723,7962,20826,28788,26175,4.64312355584666,5.672907228499172,8.065425831923294,19.509488201153502,14.486108836853884,37.89094481742263,52.377053654276516,47.622946345723484,False,54963,0,54963,0,
27740,"Johnson City, TN Metro Area",metro,2022,standard_01_09,RETRIEVED,U.S. Census Bureau,Statistics of U.S. Businesses (SUSB),U.S. Census Bureau Statistics of U.S. Businesses (SUSB) 2022,msa_3digitnaics_2022.txt,https://www2.census.gov/programs-surveys/susb/datasets/2022/msa_3digitnaics_2022.txt,https://www.census.gov/data/datasets/2022/econ/susb/2022-susb.html,"reference year 2022; MSA dataset originally released 2025-05-29, revised 2025-07-22 (extraneous estimates removed; remaining estimates unchanged)","mid-March payroll employment at employer establishments, classified by enterprise (firm) employment size; primary split firms <500 vs 500+ employees (SBA cutoff)","U.S. Census Bureau, Statistics of U.S. Businesses (SUSB), 2022 Annual Datasets by Establishment Industry — msa_3digitnaics_2022.txt (all-industry NAICS=--, enterprise employment size); reference year 2022; MSA dataset originally released 2025-05-29, revised 2025-07-22 (extraneous estimates removed; remaining estimates unchanged); measures mid-March payroll employment at employer establishments, classified by enterprise (firm) employment size; primary split firms <500 vs 500+ employees (SBA cutoff). File: https://www2.census.gov/programs-surveys/susb/datasets/2022/msa_3digitnaics_2022.txt Landing page: https://www.census.gov/data/datasets/2022/econ/susb/2022-susb.html",68034,2725,3668,4636,12573,6782,23602,30384,37650,4.005350266043449,5.3914219360907785,6.814239938854103,18.480465649528178,9.968545139195108,34.69147779051651,44.660022929711616,55.339977070288384,False,68034,0,68034,0,
27780,"Johnstown, PA Metro Area",metro,2022,standard_01_09,RETRIEVED,U.S. Census Bureau,Statistics of U.S. Businesses (SUSB),U.S. Census Bureau Statistics of U.S. Businesses (SUSB) 2022,msa_3digitnaics_2022.txt,https://www2.census.gov/programs-surveys/susb/datasets/2022/msa_3digitnaics_2022.txt,https://www.census.gov/data/datasets/2022/econ/susb/2022-susb.html,"reference year 2022; MSA dataset originally released 2025-05-29, revised 2025-07-22 (extraneous estimates removed; remaining estimates unchanged)","mid-March payroll employment at employer establishments, classified by enterprise (firm) employment size; primary split firms <500 vs 500+ employees (SBA cutoff)","U.S. Census Bureau, Statistics of U.S. Businesses (SUSB), 2022 Annual Datasets by Establishment Industry — msa_3digitnaics_2022.txt (all-industry NAICS=--, enterprise employment size); reference year 2022; MSA dataset originally released 2025-05-29, revised 2025-07-22 (extraneous estimates removed; remaining estimates unchanged); measures mid-March payroll employment at employer establishments, classified by enterprise (firm) employment size; primary split firms <500 vs 500+ employees (SBA cutoff). File: https://www2.census.gov/programs-surveys/susb/datasets/2022/msa_3digitnaics_2022.txt Landing page: https://www.census.gov/data/datasets/2022/econ/susb/2022-susb.html",43953,2049,2740,3533,8927,7658,17249,24907,19046,4.661797829499693,6.233931699770209,8.038131640616113,20.310331490455713,17.423156553591337,39.24419266034173,56.667349213933065,43.332650786066935,False,43953,0,43953,0,
27860,"Jonesboro, AR Metro Area",metro,2022,standard_01_09,RETRIEVED,U.S. Census Bureau,Statistics of U.S. Businesses (SUSB),U.S. Census Bureau Statistics of U.S. Businesses (SUSB) 2022,msa_3digitnaics_2022.txt,https://www2.census.gov/programs-surveys/susb/datasets/2022/msa_3digitnaics_2022.txt,https://www.census.gov/data/datasets/2022/econ/susb/2022-susb.html,"reference year 2022; MSA dataset originally released 2025-05-29, revised 2025-07-22 (extraneous estimates removed; remaining estimates unchanged)","mid-March payroll employment at employer establishments, classified by enterprise (firm) employment size; primary split firms <500 vs 500+ employees (SBA cutoff)","U.S. Census Bureau, Statistics of U.S. Businesses (SUSB), 2022 Annual Datasets by Establishment Industry — msa_3digitnaics_2022.txt (all-industry NAICS=--, enterprise employment size); reference year 2022; MSA dataset originally released 2025-05-29, revised 2025-07-22 (extraneous estimates removed; remaining estimates unchanged); measures mid-March payroll employment at employer establishments, classified by enterprise (firm) employment size; primary split firms <500 vs 500+ employees (SBA cutoff). File: https://www2.census.gov/programs-surveys/susb/datasets/2022/msa_3digitnaics_2022.txt Landing page: https://www.census.gov/data/datasets/2022/econ/susb/2022-susb.html",50226,2065,2553,3610,9701,6464,17929,24393,25833,4.111416397881575,5.083024728228407,7.187512443754231,19.31469756699717,12.869828375741648,35.696651136861384,48.56647951260303,51.43352048739697,False,50226,0,50226,0,
27900,"Joplin, MO-KS Metro Area",metro,2022,standard_01_09,RETRIEVED,U.S. Census Bureau,Statistics of U.S. Businesses (SUSB),U.S. Census Bureau Statistics of U.S. Businesses (SUSB) 2022,msa_3digitnaics_2022.txt,https://www2.census.gov/programs-surveys/susb/datasets/2022/msa_3digitnaics_2022.txt,https://www.census.gov/data/datasets/2022/econ/susb/2022-susb.html,"reference year 2022; MSA dataset originally released 2025-05-29, revised 2025-07-22 (extraneous estimates removed; remaining estimates unchanged)","mid-March payroll employment at employer establishments, classified by enterprise (firm) employment size; primary split firms <500 vs 500+ employees (SBA cutoff)","U.S. Census Bureau, Statistics of U.S. Businesses (SUSB), 2022 Annual Datasets by Establishment Industry — msa_3digitnaics_2022.txt (all-industry NAICS=--, enterprise employment size); reference year 2022; MSA dataset originally released 2025-05-29, revised 2025-07-22 (extraneous estimates removed; remaining estimates unchanged); measures mid-March payroll employment at employer establishments, classified by enterprise (firm) employment size; primary split firms <500 vs 500+ employees (SBA cutoff). File: https://www2.census.gov/programs-surveys/susb/datasets/2022/msa_3digitnaics_2022.txt Landing page: https://www.census.gov/data/datasets/2022/econ/susb/2022-susb.html",74638,3169,3740,4578,11903,8234,23390,31624,43014,4.245826522682815,5.010852380824781,6.13360486615397,15.947640612020686,11.031914038425468,31.337924381682253,42.36983842010772,57.63016157989228,False,74638,0,74638,0,
27980,"Kahului-Wailuku, HI Metro Area",metro,2022,standard_01_09,RETRIEVED,U.S. Census Bureau,Statistics of U.S. Businesses (SUSB),U.S. Census Bureau Statistics of U.S. Businesses (SUSB) 2022,msa_3digitnaics_2022.txt,https://www2.census.gov/programs-surveys/susb/datasets/2022/msa_3digitnaics_2022.txt,https://www.census.gov/data/datasets/2022/econ/susb/2022-susb.html,"reference year 2022; MSA dataset originally released 2025-05-29, revised 2025-07-22 (extraneous estimates removed; remaining estimates unchanged)","mid-March payroll employment at employer establishments, classified by enterprise (firm) employment size; primary split firms <500 vs 500+ employees (SBA cutoff)","U.S. Census Bureau, Statistics of U.S. Businesses (SUSB), 2022 Annual Datasets by Establishment Industry — msa_3digitnaics_2022.txt (all-industry NAICS=--, enterprise employment size); reference year 2022; MSA dataset originally released 2025-05-29, revised 2025-07-22 (extraneous estimates removed; remaining estimates unchanged); measures mid-March payroll employment at employer establishments, classified by enterprise (firm) employment size; primary split firms <500 vs 500+ employees (SBA cutoff). File: https://www2.census.gov/programs-surveys/susb/datasets/2022/msa_3digitnaics_2022.txt Landing page: https://www.census.gov/data/datasets/2022/econ/susb/2022-susb.html",59759,3677,4074,4835,12030,9833,24616,34449,25310,6.153048076440369,6.817383155675296,8.090831506551314,20.130858950116302,16.454425274853996,41.19212168878328,57.64654696363728,42.35345303636272,False,59759,0,59759,0,
28020,"Kalamazoo-Portage, MI Metro Area",metro,2022,standard_01_09,RETRIEVED,U.S. Census Bureau,Statistics of U.S. Businesses (SUSB),U.S. Census Bureau Statistics of U.S. Businesses (SUSB) 2022,msa_3digitnaics_2022.txt,https://www2.census.gov/programs-surveys/susb/datasets/2022/msa_3digitnaics_2022.txt,https://www.census.gov/data/datasets/2022/econ/susb/2022-susb.html,"reference year 2022; MSA dataset originally released 2025-05-29, revised 2025-07-22 (extraneous estimates removed; remaining estimates unchanged)","mid-March payroll employment at employer establishments, classified by enterprise (firm) employment size; primary split firms <500 vs 500+ employees (SBA cutoff)","U.S. Census Bureau, Statistics of U.S. Businesses (SUSB), 2022 Annual Datasets by Establishment Industry — msa_3digitnaics_2022.txt (all-industry NAICS=--, enterprise employment size); reference year 2022; MSA dataset originally released 2025-05-29, revised 2025-07-22 (extraneous estimates removed; remaining estimates unchanged); measures mid-March payroll employment at employer establishments, classified by enterprise (firm) employment size; primary split firms <500 vs 500+ employees (SBA cutoff). File: https://www2.census.gov/programs-surveys/susb/datasets/2022/msa_3digitnaics_2022.txt Landing page: https://www.census.gov/data/datasets/2022/econ/susb/2022-susb.html",113731,3537,5172,7084,19678,18434,35471,53905,59826,3.1099700169698674,4.54757278138766,6.228732711397948,17.30223070227115,16.208421626469477,31.188506212026624,47.3969278384961,52.6030721615039,False,113731,0,113731,0,
28100,"Kankakee, IL Metro Area",metro,2022,standard_01_09,RETRIEVED,U.S. Census Bureau,Statistics of U.S. Businesses (SUSB),U.S. Census Bureau Statistics of U.S. Businesses (SUSB) 2022,msa_3digitnaics_2022.txt,https://www2.census.gov/programs-surveys/susb/datasets/2022/msa_3digitnaics_2022.txt,https://www.census.gov/data/datasets/2022/econ/susb/2022-susb.html,"reference year 2022; MSA dataset originally released 2025-05-29, revised 2025-07-22 (extraneous estimates removed; remaining estimates unchanged)","mid-March payroll employment at employer establishments, classified by enterprise (firm) employment size; primary split firms <500 vs 500+ employees (SBA cutoff)","U.S. Census Bureau, Statistics of U.S. Businesses (SUSB), 2022 Annual Datasets by Establishment Industry — msa_3digitnaics_2022.txt (all-industry NAICS=--, enterprise employment size); reference year 2022; MSA dataset originally released 2025-05-29, revised 2025-07-22 (extraneous estimates removed; remaining estimates unchanged); measures mid-March payroll employment at employer establishments, classified by enterprise (firm) employment size; primary split firms <500 vs 500+ employees (SBA cutoff). File: https://www2.census.gov/programs-surveys/susb/datasets/2022/msa_3digitnaics_2022.txt Landing page: https://www.census.gov/data/datasets/2022/econ/susb/2022-susb.html",35013,1589,1835,2347,6313,2980,12084,15064,19949,4.538314340387856,5.240910518950105,6.703224516608117,18.030445834404365,8.511124439493901,34.51289521035044,43.02401964984434,56.97598035015566,False,35013,0,35013,0,
28140,"Kansas City, MO-KS Metro Area",metro,2022,standard_01_09,RETRIEVED,U.S. Census Bureau,Statistics of U.S. Businesses (SUSB),U.S. Census Bureau Statistics of U.S. Businesses (SUSB) 2022,msa_3digitnaics_2022.txt,https://www2.census.gov/programs-surveys/susb/datasets/2022/msa_3digitnaics_2022.txt,https://www.census.gov/data/datasets/2022/econ/susb/2022-susb.html,"reference year 2022; MSA dataset originally released 2025-05-29, revised 2025-07-22 (extraneous estimates removed; remaining estimates unchanged)","mid-March payroll employment at employer establishments, classified by enterprise (firm) employment size; primary split firms <500 vs 500+ employees (SBA cutoff)","U.S. Census Bureau, Statistics of U.S. Businesses (SUSB), 2022 Annual Datasets by Establishment Industry — msa_3digitnaics_2022.txt (all-industry NAICS=--, enterprise employment size); reference year 2022; MSA dataset originally released 2025-05-29, revised 2025-07-22 (extraneous estimates removed; remaining estimates unchanged); measures mid-March payroll employment at employer establishments, classified by enterprise (firm) employment size; primary split firms <500 vs 500+ employees (SBA cutoff). File: https://www2.census.gov/programs-surveys/susb/datasets/2022/msa_3digitnaics_2022.txt Landing page: https://www.census.gov/data/datasets/2022/econ/susb/2022-susb.html",990521,38598,42434,55439,161734,139028,298205,437233,553288,3.896737171650071,4.2840081129022,5.596953522439201,16.32817476863186,14.035845782169181,30.105873575623335,44.14171935779252,55.85828064220748,False,990521,0,990521,0,
28420,"Kennewick-Richland, WA Metro Area",metro,2022,standard_01_09,RETRIEVED,U.S. Census Bureau,Statistics of U.S. Businesses (SUSB),U.S. Census Bureau Statistics of U.S. Businesses (SUSB) 2022,msa_3digitnaics_2022.txt,https://www2.census.gov/programs-surveys/susb/datasets/2022/msa_3digitnaics_2022.txt,https://www.census.gov/data/datasets/2022/econ/susb/2022-susb.html,"reference year 2022; MSA dataset originally released 2025-05-29, revised 2025-07-22 (extraneous estimates removed; remaining estimates unchanged)","mid-March payroll employment at employer establishments, classified by enterprise (firm) employment size; primary split firms <500 vs 500+ employees (SBA cutoff)","U.S. Census Bureau, Statistics of U.S. Businesses (SUSB), 2022 Annual Datasets by Establishment Industry — msa_3digitnaics_2022.txt (all-industry NAICS=--, enterprise employment size); reference year 2022; MSA dataset originally released 2025-05-29, revised 2025-07-22 (extraneous estimates removed; remaining estimates unchanged); measures mid-March payroll employment at employer establishments, classified by enterprise (firm) employment size; primary split firms <500 vs 500+ employees (SBA cutoff). File: https://www2.census.gov/programs-surveys/susb/datasets/2022/msa_3digitnaics_2022.txt Landing page: https://www.census.gov/data/datasets/2022/econ/susb/2022-susb.html",101547,4957,6074,8425,17305,12613,36761,49374,52173,4.881483451012832,5.981466709996356,8.2966508119393,17.04137000600707,12.420849458871261,36.20097097895556,48.62182043782682,51.37817956217318,False,101547,0,101547,0,
28450,"Kenosha, WI Metro Area",metro,2022,standard_01_09,RETRIEVED,U.S. Census Bureau,Statistics of U.S. Businesses (SUSB),U.S. Census Bureau Statistics of U.S. Businesses (SUSB) 2022,msa_3digitnaics_2022.txt,https://www2.census.gov/programs-surveys/susb/datasets/2022/msa_3digitnaics_2022.txt,https://www.census.gov/data/datasets/2022/econ/susb/2022-susb.html,"reference year 2022; MSA dataset originally released 2025-05-29, revised 2025-07-22 (extraneous estimates removed; remaining estimates unchanged)","mid-March payroll employment at employer establishments, classified by enterprise (firm) employment size; primary split firms <500 vs 500+ employees (SBA cutoff)","U.S. Census Bureau, Statistics of U.S. Businesses (SUSB), 2022 Annual Datasets by Establishment Industry — msa_3digitnaics_2022.txt (all-industry NAICS=--, enterprise employment size); reference year 2022; MSA dataset originally released 2025-05-29, revised 2025-07-22 (extraneous estimates removed; remaining estimates unchanged); measures mid-March payroll employment at employer establishments, classified by enterprise (firm) employment size; primary split firms <500 vs 500+ employees (SBA cutoff). File: https://www2.census.gov/programs-surveys/susb/datasets/2022/msa_3digitnaics_2022.txt Landing page: https://www.census.gov/data/datasets/2022/econ/susb/2022-susb.html",64321,2379,2897,3640,10135,8203,19051,27254,37067,3.6986365261734115,4.503972264112809,5.659115996330903,15.756906764509258,12.753222120302857,29.61863155112638,42.371853671429236,57.628146328570764,False,64321,0,64321,0,
28660,"Killeen-Temple, TX Metro Area",metro,2022,standard_01_09,RETRIEVED,U.S. Census Bureau,Statistics of U.S. Businesses (SUSB),U.S. Census Bureau Statistics of U.S. Businesses (SUSB) 2022,msa_3digitnaics_2022.txt,https://www2.census.gov/programs-surveys/susb/datasets/2022/msa_3digitnaics_2022.txt,https://www.census.gov/data/datasets/2022/econ/susb/2022-susb.html,"reference year 2022; MSA dataset originally released 2025-05-29, revised 2025-07-22 (extraneous estimates removed; remaining estimates unchanged)","mid-March payroll employment at employer establishments, classified by enterprise (firm) employment size; primary split firms <500 vs 500+ employees (SBA cutoff)","U.S. Census Bureau, Statistics of U.S. Businesses (SUSB), 2022 Annual Datasets by Establishment Industry — msa_3digitnaics_2022.txt (all-industry NAICS=--, enterprise employment size); reference year 2022; MSA dataset originally released 2025-05-29, revised 2025-07-22 (extraneous estimates removed; remaining estimates unchanged); measures mid-March payroll employment at employer establishments, classified by enterprise (firm) employment size; primary split firms <500 vs 500+ employees (SBA cutoff). File: https://www2.census.gov/programs-surveys/susb/datasets/2022/msa_3digitnaics_2022.txt Landing page: https://www.census.gov/data/datasets/2022/econ/susb/2022-susb.html",111440,4994,6274,7432,18322,11910,37022,48932,62508,4.481335247666906,5.629935391241924,6.669059583632448,16.44113424264178,10.687365398420674,33.22146446518306,43.908829863603735,56.091170136396265,False,111440,0,111440,0,
28700,"Kingsport-Bristol, TN-VA Metro Area",metro,2022,standard_01_09,RETRIEVED,U.S. Census Bureau,Statistics of U.S. Businesses (SUSB),U.S. Census Bureau Statistics of U.S. Businesses (SUSB) 2022,msa_3digitnaics_2022.txt,https://www2.census.gov/programs-surveys/susb/datasets/2022/msa_3digitnaics_2022.txt,https://www.census.gov/data/datasets/2022/econ/susb/2022-susb.html,"reference year 2022; MSA dataset originally released 2025-05-29, revised 2025-07-22 (extraneous estimates removed; remaining estimates unchanged)","mid-March payroll employment at employer establishments, classified by enterprise (firm) employment size; primary split firms <500 vs 500+ employees (SBA cutoff)","U.S. Census Bureau, Statistics of U.S. Businesses (SUSB), 2022 Annual Datasets by Establishment Industry — msa_3digitnaics_2022.txt (all-industry NAICS=--, enterprise employment size); reference year 2022; MSA dataset originally released 2025-05-29, revised 2025-07-22 (extraneous estimates removed; remaining estimates unchanged); measures mid-March payroll employment at employer establishments, classified by enterprise (firm) employment size; primary split firms <500 vs 500+ employees (SBA cutoff). File: https://www2.census.gov/programs-surveys/susb/datasets/2022/msa_3digitnaics_2022.txt Landing page: https://www.census.gov/data/datasets/2022/econ/susb/2022-susb.html",97395,4011,4877,5681,16066,12058,30635,42693,54702,4.118281225935623,5.007443913958622,5.832948303300991,16.495713332306586,12.380512346629704,31.454386775501824,43.834899122131525,56.165100877868475,False,97395,0,97395,0,
28740,"Kingston, NY Metro Area",metro,2022,standard_01_09,RETRIEVED,U.S. Census Bureau,Statistics of U.S. Businesses (SUSB),U.S. Census Bureau Statistics of U.S. Businesses (SUSB) 2022,msa_3digitnaics_2022.txt,https://www2.census.gov/programs-surveys/susb/datasets/2022/msa_3digitnaics_2022.txt,https://www.census.gov/data/datasets/2022/econ/susb/2022-susb.html,"reference year 2022; MSA dataset originally released 2025-05-29, revised 2025-07-22 (extraneous estimates removed; remaining estimates unchanged)","mid-March payroll employment at employer establishments, classified by enterprise (firm) employment size; primary split firms <500 vs 500+ employees (SBA cutoff)","U.S. Census Bureau, Statistics of U.S. Businesses (SUSB), 2022 Annual Datasets by Establishment Industry — msa_3digitnaics_2022.txt (all-industry NAICS=--, enterprise employment size); reference year 2022; MSA dataset originally released 2025-05-29, revised 2025-07-22 (extraneous estimates removed; remaining estimates unchanged); measures mid-March payroll employment at employer establishments, classified by enterprise (firm) employment size; primary split firms <500 vs 500+ employees (SBA cutoff). File: https://www2.census.gov/programs-surveys/susb/datasets/2022/msa_3digitnaics_2022.txt Landing page: https://www.census.gov/data/datasets/2022/econ/susb/2022-susb.html",43813,4632,4401,5380,9653,6323,24066,30389,13424,10.572204596809167,10.044963823522698,12.279460434117727,22.032273526122385,14.431789651473308,54.92890238057198,69.36069203204528,30.639307967954718,False,43813,0,43813,0,
28880,"Kiryas Joel-Poughkeepsie-Newburgh, NY Metro Area",metro,2022,standard_01_09,RETRIEVED,U.S. Census Bureau,Statistics of U.S. Businesses (SUSB),U.S. Census Bureau Statistics of U.S. Businesses (SUSB) 2022,msa_3digitnaics_2022.txt,https://www2.census.gov/programs-surveys/susb/datasets/2022/msa_3digitnaics_2022.txt,https://www.census.gov/data/datasets/2022/econ/susb/2022-susb.html,"reference year 2022; MSA dataset originally released 2025-05-29, revised 2025-07-22 (extraneous estimates removed; remaining estimates unchanged)","mid-March payroll employment at employer establishments, classified by enterprise (firm) employment size; primary split firms <500 vs 500+ employees (SBA cutoff)","U.S. Census Bureau, Statistics of U.S. Businesses (SUSB), 2022 Annual Datasets by Establishment Industry — msa_3digitnaics_2022.txt (all-industry NAICS=--, enterprise employment size); reference year 2022; MSA dataset originally released 2025-05-29, revised 2025-07-22 (extraneous estimates removed; remaining estimates unchanged); measures mid-March payroll employment at employer establishments, classified by enterprise (firm) employment size; primary split firms <500 vs 500+ employees (SBA cutoff). File: https://www2.census.gov/programs-surveys/susb/datasets/2022/msa_3digitnaics_2022.txt Landing page: https://www.census.gov/data/datasets/2022/econ/susb/2022-susb.html",217581,15821,15695,17712,37416,30244,86644,116888,100693,7.271315050486945,7.213405582288894,8.140416672411654,17.196354461097247,13.900110763347902,39.82149176628474,53.72160252963264,46.27839747036736,False,217581,0,217581,0,
28940,"Knoxville, TN Metro Area",metro,2022,standard_01_09,RETRIEVED,U.S. Census Bureau,Statistics of U.S. Businesses (SUSB),U.S. Census Bureau Statistics of U.S. Businesses (SUSB) 2022,msa_3digitnaics_2022.txt,https://www2.census.gov/programs-surveys/susb/datasets/2022/msa_3digitnaics_2022.txt,https://www.census.gov/data/datasets/2022/econ/susb/2022-susb.html,"reference year 2022; MSA dataset originally released 2025-05-29, revised 2025-07-22 (extraneous estimates removed; remaining estimates unchanged)","mid-March payroll employment at employer establishments, classified by enterprise (firm) employment size; primary split firms <500 vs 500+ employees (SBA cutoff)","U.S. Census Bureau, Statistics of U.S. Businesses (SUSB), 2022 Annual Datasets by Establishment Industry — msa_3digitnaics_2022.txt (all-industry NAICS=--, enterprise employment size); reference year 2022; MSA dataset originally released 2025-05-29, revised 2025-07-22 (extraneous estimates removed; remaining estimates unchanged); measures mid-March payroll employment at employer establishments, classified by enterprise (firm) employment size; primary split firms <500 vs 500+ employees (SBA cutoff). File: https://www2.census.gov/programs-surveys/susb/datasets/2022/msa_3digitnaics_2022.txt Landing page: https://www.census.gov/data/datasets/2022/econ/susb/2022-susb.html",358015,12351,16777,21271,59698,46374,110097,156471,201544,3.4498554529838135,4.686116503498456,5.941371171598956,16.674720332946944,12.953088557741994,30.75206346102817,43.705152018770164,56.294847981229836,False,358015,0,358015,0,
29020,"Kokomo, IN Metro Area",metro,2022,standard_01_09,RETRIEVED,U.S. Census Bureau,Statistics of U.S. Businesses (SUSB),U.S. Census Bureau Statistics of U.S. Businesses (SUSB) 2022,msa_3digitnaics_2022.txt,https://www2.census.gov/programs-surveys/susb/datasets/2022/msa_3digitnaics_2022.txt,https://www.census.gov/data/datasets/2022/econ/susb/2022-susb.html,"reference year 2022; MSA dataset originally released 2025-05-29, revised 2025-07-22 (extraneous estimates removed; remaining estimates unchanged)","mid-March payroll employment at employer establishments, classified by enterprise (firm) employment size; primary split firms <500 vs 500+ employees (SBA cutoff)","U.S. Census Bureau, Statistics of U.S. Businesses (SUSB), 2022 Annual Datasets by Establishment Industry — msa_3digitnaics_2022.txt (all-industry NAICS=--, enterprise employment size); reference year 2022; MSA dataset originally released 2025-05-29, revised 2025-07-22 (extraneous estimates removed; remaining estimates unchanged); measures mid-March payroll employment at employer establishments, classified by enterprise (firm) employment size; primary split firms <500 vs 500+ employees (SBA cutoff). File: https://www2.census.gov/programs-surveys/susb/datasets/2022/msa_3digitnaics_2022.txt Landing page: https://www.census.gov/data/datasets/2022/econ/susb/2022-susb.html",29731,1146,1527,1831,4649,2360,9153,11513,18218,3.8545625777807677,5.1360532777235886,6.15855504355723,15.636877333423026,7.937842655813797,30.78604823248461,38.723890888298406,61.276109111701594,False,29731,0,29731,0,
29100,"La Crosse-Onalaska, WI-MN Metro Area",metro,2022,standard_01_09,RETRIEVED,U.S. Census Bureau,Statistics of U.S. Businesses (SUSB),U.S. Census Bureau Statistics of U.S. Businesses (SUSB) 2022,msa_3digitnaics_2022.txt,https://www2.census.gov/programs-surveys/susb/datasets/2022/msa_3digitnaics_2022.txt,https://www.census.gov/data/datasets/2022/econ/susb/2022-susb.html,"reference year 2022; MSA dataset originally released 2025-05-29, revised 2025-07-22 (extraneous estimates removed; remaining estimates unchanged)","mid-March payroll employment at employer establishments, classified by enterprise (firm) employment size; primary split firms <500 vs 500+ employees (SBA cutoff)","U.S. Census Bureau, Statistics of U.S. Businesses (SUSB), 2022 Annual Datasets by Establishment Industry — msa_3digitnaics_2022.txt (all-industry NAICS=--, enterprise employment size); reference year 2022; MSA dataset originally released 2025-05-29, revised 2025-07-22 (extraneous estimates removed; remaining estimates unchanged); measures mid-March payroll employment at employer establishments, classified by enterprise (firm) employment size; primary split firms <500 vs 500+ employees (SBA cutoff). File: https://www2.census.gov/programs-surveys/susb/datasets/2022/msa_3digitnaics_2022.txt Landing page: https://www.census.gov/data/datasets/2022/econ/susb/2022-susb.html",75342,2823,3599,4888,13791,11362,25101,36463,38879,3.746914071832444,4.776884075283374,6.487749196995036,18.304531337102812,15.080565952589525,33.31607868121367,48.39664463380319,51.60335536619681,False,75342,0,75342,0,
29180,"Lafayette, LA Metro Area",metro,2022,standard_01_09,RETRIEVED,U.S. Census Bureau,Statistics of U.S. Businesses (SUSB),U.S. Census Bureau Statistics of U.S. Businesses (SUSB) 2022,msa_3digitnaics_2022.txt,https://www2.census.gov/programs-surveys/susb/datasets/2022/msa_3digitnaics_2022.txt,https://www.census.gov/data/datasets/2022/econ/susb/2022-susb.html,"reference year 2022; MSA dataset originally released 2025-05-29, revised 2025-07-22 (extraneous estimates removed; remaining estimates unchanged)","mid-March payroll employment at employer establishments, classified by enterprise (firm) employment size; primary split firms <500 vs 500+ employees (SBA cutoff)","U.S. Census Bureau, Statistics of U.S. Businesses (SUSB), 2022 Annual Datasets by Establishment Industry — msa_3digitnaics_2022.txt (all-industry NAICS=--, enterprise employment size); reference year 2022; MSA dataset originally released 2025-05-29, revised 2025-07-22 (extraneous estimates removed; remaining estimates unchanged); measures mid-March payroll employment at employer establishments, classified by enterprise (firm) employment size; primary split firms <500 vs 500+ employees (SBA cutoff). File: https://www2.census.gov/programs-surveys/susb/datasets/2022/msa_3digitnaics_2022.txt Landing page: https://www.census.gov/data/datasets/2022/econ/susb/2022-susb.html",159834,8498,10465,14374,37508,29934,70845,100779,59055,5.3167661448753085,6.547417946119099,8.993080320832863,23.466846853610623,18.72818048725553,44.32411126543789,63.05229175269342,36.94770824730658,False,159834,0,159834,0,
29200,"Lafayette-West Lafayette, IN Metro Area",metro,2022,standard_01_09,RETRIEVED,U.S. Census Bureau,Statistics of U.S. Businesses (SUSB),U.S. Census Bureau Statistics of U.S. Businesses (SUSB) 2022,msa_3digitnaics_2022.txt,https://www2.census.gov/programs-surveys/susb/datasets/2022/msa_3digitnaics_2022.txt,https://www.census.gov/data/datasets/2022/econ/susb/2022-susb.html,"reference year 2022; MSA dataset originally released 2025-05-29, revised 2025-07-22 (extraneous estimates removed; remaining estimates unchanged)","mid-March payroll employment at employer establishments, classified by enterprise (firm) employment size; primary split firms <500 vs 500+ employees (SBA cutoff)","U.S. Census Bureau, Statistics of U.S. Businesses (SUSB), 2022 Annual Datasets by Establishment Industry — msa_3digitnaics_2022.txt (all-industry NAICS=--, enterprise employment size); reference year 2022; MSA dataset originally released 2025-05-29, revised 2025-07-22 (extraneous estimates removed; remaining estimates unchanged); measures mid-March payroll employment at employer establishments, classified by enterprise (firm) employment size; primary split firms <500 vs 500+ employees (SBA cutoff). File: https://www2.census.gov/programs-surveys/susb/datasets/2022/msa_3digitnaics_2022.txt Landing page: https://www.census.gov/data/datasets/2022/econ/susb/2022-susb.html",78998,2932,3623,5381,12221,10936,24157,35093,43905,3.7114863667434617,4.586192055495076,6.811564849743031,15.470011899035418,13.843388440213676,30.57925517101699,44.42264361123066,55.57735638876934,False,78998,0,78998,0,
29340,"Lake Charles, LA Metro Area",metro,2022,standard_01_09,RETRIEVED,U.S. Census Bureau,Statistics of U.S. Businesses (SUSB),U.S. Census Bureau Statistics of U.S. Businesses (SUSB) 2022,msa_3digitnaics_2022.txt,https://www2.census.gov/programs-surveys/susb/datasets/2022/msa_3digitnaics_2022.txt,https://www.census.gov/data/datasets/2022/econ/susb/2022-susb.html,"reference year 2022; MSA dataset originally released 2025-05-29, revised 2025-07-22 (extraneous estimates removed; remaining estimates unchanged)","mid-March payroll employment at employer establishments, classified by enterprise (firm) employment size; primary split firms <500 vs 500+ employees (SBA cutoff)","U.S. Census Bureau, Statistics of U.S. Businesses (SUSB), 2022 Annual Datasets by Establishment Industry — msa_3digitnaics_2022.txt (all-industry NAICS=--, enterprise employment size); reference year 2022; MSA dataset originally released 2025-05-29, revised 2025-07-22 (extraneous estimates removed; remaining estimates unchanged); measures mid-March payroll employment at employer establishments, classified by enterprise (firm) employment size; primary split firms <500 vs 500+ employees (SBA cutoff). File: https://www2.census.gov/programs-surveys/susb/datasets/2022/msa_3digitnaics_2022.txt Landing page: https://www.census.gov/data/datasets/2022/econ/susb/2022-susb.html",79203,3613,5085,6849,14971,12261,30518,42779,36424,4.561695895357499,6.420211355630468,8.647399719707586,18.90206179058874,15.480474224461195,38.5313687612843,54.01184298574549,45.98815701425451,False,79203,0,79203,0,
29420,"Lake Havasu City-Kingman, AZ Metro Area",metro,2022,standard_01_09,RETRIEVED,U.S. Census Bureau,Statistics of U.S. Businesses (SUSB),U.S. Census Bureau Statistics of U.S. Businesses (SUSB) 2022,msa_3digitnaics_2022.txt,https://www2.census.gov/programs-surveys/susb/datasets/2022/msa_3digitnaics_2022.txt,https://www.census.gov/data/datasets/2022/econ/susb/2022-susb.html,"reference year 2022; MSA dataset originally released 2025-05-29, revised 2025-07-22 (extraneous estimates removed; remaining estimates unchanged)","mid-March payroll employment at employer establishments, classified by enterprise (firm) employment size; primary split firms <500 vs 500+ employees (SBA cutoff)","U.S. Census Bureau, Statistics of U.S. Businesses (SUSB), 2022 Annual Datasets by Establishment Industry — msa_3digitnaics_2022.txt (all-industry NAICS=--, enterprise employment size); reference year 2022; MSA dataset originally released 2025-05-29, revised 2025-07-22 (extraneous estimates removed; remaining estimates unchanged); measures mid-March payroll employment at employer establishments, classified by enterprise (firm) employment size; primary split firms <500 vs 500+ employees (SBA cutoff). File: https://www2.census.gov/programs-surveys/susb/datasets/2022/msa_3digitnaics_2022.txt Landing page: https://www.census.gov/data/datasets/2022/econ/susb/2022-susb.html",47559,3277,4368,5326,10736,3656,23707,27363,20196,6.8903887802518975,9.184381505077903,11.19872158792237,22.57406589709624,7.687293677327109,49.84755777034841,57.53485144767552,42.46514855232448,False,47559,0,47559,0,
29460,"Lakeland-Winter Haven, FL Metro Area",metro,2022,standard_01_09,RETRIEVED,U.S. Census Bureau,Statistics of U.S. Businesses (SUSB),U.S. Census Bureau Statistics of U.S. Businesses (SUSB) 2022,msa_3digitnaics_2022.txt,https://www2.census.gov/programs-surveys/susb/datasets/2022/msa_3digitnaics_2022.txt,https://www.census.gov/data/datasets/2022/econ/susb/2022-susb.html,"reference year 2022; MSA dataset originally released 2025-05-29, revised 2025-07-22 (extraneous estimates removed; remaining estimates unchanged)","mid-March payroll employment at employer establishments, classified by enterprise (firm) employment size; primary split firms <500 vs 500+ employees (SBA cutoff)","U.S. Census Bureau, Statistics of U.S. Businesses (SUSB), 2022 Annual Datasets by Establishment Industry — msa_3digitnaics_2022.txt (all-industry NAICS=--, enterprise employment size); reference year 2022; MSA dataset originally released 2025-05-29, revised 2025-07-22 (extraneous estimates removed; remaining estimates unchanged); measures mid-March payroll employment at employer establishments, classified by enterprise (firm) employment size; primary split firms <500 vs 500+ employees (SBA cutoff). File: https://www2.census.gov/programs-surveys/susb/datasets/2022/msa_3digitnaics_2022.txt Landing page: https://www.census.gov/data/datasets/2022/econ/susb/2022-susb.html",223169,10806,9872,12407,29836,26441,62921,89362,133807,4.842070359234482,4.423553450524042,5.559463904036851,13.369240351482508,11.847971716501844,28.194328065277883,40.042299781779725,59.957700218220275,False,223169,0,223169,0,
29540,"Lancaster, PA Metro Area",metro,2022,standard_01_09,RETRIEVED,U.S. Census Bureau,Statistics of U.S. Businesses (SUSB),U.S. Census Bureau Statistics of U.S. Businesses (SUSB) 2022,msa_3digitnaics_2022.txt,https://www2.census.gov/programs-surveys/susb/datasets/2022/msa_3digitnaics_2022.txt,https://www.census.gov/data/datasets/2022/econ/susb/2022-susb.html,"reference year 2022; MSA dataset originally released 2025-05-29, revised 2025-07-22 (extraneous estimates removed; remaining estimates unchanged)","mid-March payroll employment at employer establishments, classified by enterprise (firm) employment size; primary split firms <500 vs 500+ employees (SBA cutoff)","U.S. Census Bureau, Statistics of U.S. Businesses (SUSB), 2022 Annual Datasets by Establishment Industry — msa_3digitnaics_2022.txt (all-industry NAICS=--, enterprise employment size); reference year 2022; MSA dataset originally released 2025-05-29, revised 2025-07-22 (extraneous estimates removed; remaining estimates unchanged); measures mid-March payroll employment at employer establishments, classified by enterprise (firm) employment size; primary split firms <500 vs 500+ employees (SBA cutoff). File: https://www2.census.gov/programs-surveys/susb/datasets/2022/msa_3digitnaics_2022.txt Landing page: https://www.census.gov/data/datasets/2022/econ/susb/2022-susb.html",245184,10190,13648,18996,46333,45498,89167,134665,110519,4.156062385800052,5.566431741059776,7.747650743931088,18.897236361263378,18.55667580266249,36.36738123205429,54.92405703471678,45.07594296528322,False,245184,0,245184,0,
29620,"Lansing-East Lansing, MI Metro Area",metro,2022,standard_01_09,RETRIEVED,U.S. Census Bureau,Statistics of U.S. Businesses (SUSB),U.S. Census Bureau Statistics of U.S. Businesses (SUSB) 2022,msa_3digitnaics_2022.txt,https://www2.census.gov/programs-surveys/susb/datasets/2022/msa_3digitnaics_2022.txt,https://www.census.gov/data/datasets/2022/econ/susb/2022-susb.html,"reference year 2022; MSA dataset originally released 2025-05-29, revised 2025-07-22 (extraneous estimates removed; remaining estimates unchanged)","mid-March payroll employment at employer establishments, classified by enterprise (firm) employment size; primary split firms <500 vs 500+ employees (SBA cutoff)","U.S. Census Bureau, Statistics of U.S. Businesses (SUSB), 2022 Annual Datasets by Establishment Industry — msa_3digitnaics_2022.txt (all-industry NAICS=--, enterprise employment size); reference year 2022; MSA dataset originally released 2025-05-29, revised 2025-07-22 (extraneous estimates removed; remaining estimates unchanged); measures mid-March payroll employment at employer establishments, classified by enterprise (firm) employment size; primary split firms <500 vs 500+ employees (SBA cutoff). File: https://www2.census.gov/programs-surveys/susb/datasets/2022/msa_3digitnaics_2022.txt Landing page: https://www.census.gov/data/datasets/2022/econ/susb/2022-susb.html",169328,6487,8485,12063,30556,24272,57591,81863,87465,3.831026174052726,5.010984597940093,7.124043276953604,18.045450250401586,14.33430974203912,34.01150429934801,48.34581404138713,51.65418595861287,False,169328,0,169328,0,
29700,"Laredo, TX Metro Area",metro,2022,standard_01_09,RETRIEVED,U.S. Census Bureau,Statistics of U.S. Businesses (SUSB),U.S. Census Bureau Statistics of U.S. Businesses (SUSB) 2022,msa_3digitnaics_2022.txt,https://www2.census.gov/programs-surveys/susb/datasets/2022/msa_3digitnaics_2022.txt,https://www.census.gov/data/datasets/2022/econ/susb/2022-susb.html,"reference year 2022; MSA dataset originally released 2025-05-29, revised 2025-07-22 (extraneous estimates removed; remaining estimates unchanged)","mid-March payroll employment at employer establishments, classified by enterprise (firm) employment size; primary split firms <500 vs 500+ employees (SBA cutoff)","U.S. Census Bureau, Statistics of U.S. Businesses (SUSB), 2022 Annual Datasets by Establishment Industry — msa_3digitnaics_2022.txt (all-industry NAICS=--, enterprise employment size); reference year 2022; MSA dataset originally released 2025-05-29, revised 2025-07-22 (extraneous estimates removed; remaining estimates unchanged); measures mid-March payroll employment at employer establishments, classified by enterprise (firm) employment size; primary split firms <500 vs 500+ employees (SBA cutoff). File: https://www2.census.gov/programs-surveys/susb/datasets/2022/msa_3digitnaics_2022.txt Landing page: https://www.census.gov/data/datasets/2022/econ/susb/2022-susb.html",79662,4585,5709,7320,15685,13303,33299,46602,33060,5.75556727172303,7.1665285832642915,9.18882277622957,19.68943787502197,16.69930456177349,41.800356506238856,58.49966106801235,41.50033893198765,False,79662,0,79662,0,
29740,"Las Cruces, NM Metro Area",metro,2022,standard_01_09,RETRIEVED,U.S. Census Bureau,Statistics of U.S. Businesses (SUSB),U.S. Census Bureau Statistics of U.S. Businesses (SUSB) 2022,msa_3digitnaics_2022.txt,https://www2.census.gov/programs-surveys/susb/datasets/2022/msa_3digitnaics_2022.txt,https://www.census.gov/data/datasets/2022/econ/susb/2022-susb.html,"reference year 2022; MSA dataset originally released 2025-05-29, revised 2025-07-22 (extraneous estimates removed; remaining estimates unchanged)","mid-March payroll employment at employer establishments, classified by enterprise (firm) employment size; primary split firms <500 vs 500+ employees (SBA cutoff)","U.S. Census Bureau, Statistics of U.S. Businesses (SUSB), 2022 Annual Datasets by Establishment Industry — msa_3digitnaics_2022.txt (all-industry NAICS=--, enterprise employment size); reference year 2022; MSA dataset originally released 2025-05-29, revised 2025-07-22 (extraneous estimates removed; remaining estimates unchanged); measures mid-March payroll employment at employer establishments, classified by enterprise (firm) employment size; primary split firms <500 vs 500+ employees (SBA cutoff). File: https://www2.census.gov/programs-surveys/susb/datasets/2022/msa_3digitnaics_2022.txt Landing page: https://www.census.gov/data/datasets/2022/econ/susb/2022-susb.html",54657,2677,3178,4416,12394,8520,22665,31185,23472,4.897817296961048,5.814442797811808,8.07947746857676,22.67596099310244,15.58812228991712,41.467698556452056,57.05582084636917,42.94417915363083,False,54657,0,54657,0,
29820,"Las Vegas-Henderson-North Las Vegas, NV Metro Area",metro,2022,standard_01_09,RETRIEVED,U.S. Census Bureau,Statistics of U.S. Businesses (SUSB),U.S. Census Bureau Statistics of U.S. Businesses (SUSB) 2022,msa_3digitnaics_2022.txt,https://www2.census.gov/programs-surveys/susb/datasets/2022/msa_3digitnaics_2022.txt,https://www.census.gov/data/datasets/2022/econ/susb/2022-susb.html,"reference year 2022; MSA dataset originally released 2025-05-29, revised 2025-07-22 (extraneous estimates removed; remaining estimates unchanged)","mid-March payroll employment at employer establishments, classified by enterprise (firm) employment size; primary split firms <500 vs 500+ employees (SBA cutoff)","U.S. Census Bureau, Statistics of U.S. Businesses (SUSB), 2022 Annual Datasets by Establishment Industry — msa_3digitnaics_2022.txt (all-industry NAICS=--, enterprise employment size); reference year 2022; MSA dataset originally released 2025-05-29, revised 2025-07-22 (extraneous estimates removed; remaining estimates unchanged); measures mid-March payroll employment at employer establishments, classified by enterprise (firm) employment size; primary split firms <500 vs 500+ employees (SBA cutoff). File: https://www2.census.gov/programs-surveys/susb/datasets/2022/msa_3digitnaics_2022.txt Landing page: https://www.census.gov/data/datasets/2022/econ/susb/2022-susb.html",917211,36734,39264,56518,152118,124231,284634,408865,508346,4.004967232185397,4.280803435632587,6.161940927441996,16.58484252805516,13.544429798595962,31.032554123315137,44.5769839219111,55.4230160780889,False,917211,0,917211,0,
29940,"Lawrence, KS Metro Area",metro,2022,standard_01_09,RETRIEVED,U.S. Census Bureau,Statistics of U.S. Businesses (SUSB),U.S. Census Bureau Statistics of U.S. Businesses (SUSB) 2022,msa_3digitnaics_2022.txt,https://www2.census.gov/programs-surveys/susb/datasets/2022/msa_3digitnaics_2022.txt,https://www.census.gov/data/datasets/2022/econ/susb/2022-susb.html,"reference year 2022; MSA dataset originally released 2025-05-29, revised 2025-07-22 (extraneous estimates removed; remaining estimates unchanged)","mid-March payroll employment at employer establishments, classified by enterprise (firm) employment size; primary split firms <500 vs 500+ employees (SBA cutoff)","U.S. Census Bureau, Statistics of U.S. Businesses (SUSB), 2022 Annual Datasets by Establishment Industry — msa_3digitnaics_2022.txt (all-industry NAICS=--, enterprise employment size); reference year 2022; MSA dataset originally released 2025-05-29, revised 2025-07-22 (extraneous estimates removed; remaining estimates unchanged); measures mid-March payroll employment at employer establishments, classified by enterprise (firm) employment size; primary split firms <500 vs 500+ employees (SBA cutoff). File: https://www2.census.gov/programs-surveys/susb/datasets/2022/msa_3digitnaics_2022.txt Landing page: https://www.census.gov/data/datasets/2022/econ/susb/2022-susb.html",37284,2148,2536,3769,8256,6404,16709,23113,14171,5.761184422272288,6.801845295569145,10.108893895504774,22.1435468297393,17.176268640703785,44.81547044308551,61.99173908378929,38.00826091621071,False,37284,0,37284,0,
30020,"Lawton, OK Metro Area",metro,2022,standard_01_09,RETRIEVED,U.S. Census Bureau,Statistics of U.S. Businesses (SUSB),U.S. Census Bureau Statistics of U.S. Businesses (SUSB) 2022,msa_3digitnaics_2022.txt,https://www2.census.gov/programs-surveys/susb/datasets/2022/msa_3digitnaics_2022.txt,https://www.census.gov/data/datasets/2022/econ/susb/2022-susb.html,"reference year 2022; MSA dataset originally released 2025-05-29, revised 2025-07-22 (extraneous estimates removed; remaining estimates unchanged)","mid-March payroll employment at employer establishments, classified by enterprise (firm) employment size; primary split firms <500 vs 500+ employees (SBA cutoff)","U.S. Census Bureau, Statistics of U.S. Businesses (SUSB), 2022 Annual Datasets by Establishment Industry — msa_3digitnaics_2022.txt (all-industry NAICS=--, enterprise employment size); reference year 2022; MSA dataset originally released 2025-05-29, revised 2025-07-22 (extraneous estimates removed; remaining estimates unchanged); measures mid-March payroll employment at employer establishments, classified by enterprise (firm) employment size; primary split firms <500 vs 500+ employees (SBA cutoff). File: https://www2.census.gov/programs-surveys/susb/datasets/2022/msa_3digitnaics_2022.txt Landing page: https://www.census.gov/data/datasets/2022/econ/susb/2022-susb.html",33819,1528,1913,2318,5850,5204,11609,16813,17006,4.518170259321683,5.6565835772790445,6.854135249416009,17.29796859753393,15.387799757532747,34.326857683550664,49.71465744108342,50.28534255891658,False,33819,0,33819,0,
30140,"Lebanon, PA Metro Area",metro,2022,standard_01_09,RETRIEVED,U.S. Census Bureau,Statistics of U.S. Businesses (SUSB),U.S. Census Bureau Statistics of U.S. Businesses (SUSB) 2022,msa_3digitnaics_2022.txt,https://www2.census.gov/programs-surveys/susb/datasets/2022/msa_3digitnaics_2022.txt,https://www.census.gov/data/datasets/2022/econ/susb/2022-susb.html,"reference year 2022; MSA dataset originally released 2025-05-29, revised 2025-07-22 (extraneous estimates removed; remaining estimates unchanged)","mid-March payroll employment at employer establishments, classified by enterprise (firm) employment size; primary split firms <500 vs 500+ employees (SBA cutoff)","U.S. Census Bureau, Statistics of U.S. Businesses (SUSB), 2022 Annual Datasets by Establishment Industry — msa_3digitnaics_2022.txt (all-industry NAICS=--, enterprise employment size); reference year 2022; MSA dataset originally released 2025-05-29, revised 2025-07-22 (extraneous estimates removed; remaining estimates unchanged); measures mid-March payroll employment at employer establishments, classified by enterprise (firm) employment size; primary split firms <500 vs 500+ employees (SBA cutoff). File: https://www2.census.gov/programs-surveys/susb/datasets/2022/msa_3digitnaics_2022.txt Landing page: https://www.census.gov/data/datasets/2022/econ/susb/2022-susb.html",48443,1976,2859,3422,8271,8310,16528,24838,23605,4.079020704745783,5.901781475135727,7.063972090910967,17.073674215056872,17.154181202650538,34.11844848584935,51.27262968849988,48.72737031150012,False,48443,0,48443,0,
30300,"Lewiston, ID-WA Metro Area",metro,2022,standard_01_09,RETRIEVED,U.S. Census Bureau,Statistics of U.S. Businesses (SUSB),U.S. Census Bureau Statistics of U.S. Businesses (SUSB) 2022,msa_3digitnaics_2022.txt,https://www2.census.gov/programs-surveys/susb/datasets/2022/msa_3digitnaics_2022.txt,https://www.census.gov/data/datasets/2022/econ/susb/2022-susb.html,"reference year 2022; MSA dataset originally released 2025-05-29, revised 2025-07-22 (extraneous estimates removed; remaining estimates unchanged)","mid-March payroll employment at employer establishments, classified by enterprise (firm) employment size; primary split firms <500 vs 500+ employees (SBA cutoff)","U.S. Census Bureau, Statistics of U.S. Businesses (SUSB), 2022 Annual Datasets by Establishment Industry — msa_3digitnaics_2022.txt (all-industry NAICS=--, enterprise employment size); reference year 2022; MSA dataset originally released 2025-05-29, revised 2025-07-22 (extraneous estimates removed; remaining estimates unchanged); measures mid-March payroll employment at employer establishments, classified by enterprise (firm) employment size; primary split firms <500 vs 500+ employees (SBA cutoff). File: https://www2.census.gov/programs-surveys/susb/datasets/2022/msa_3digitnaics_2022.txt Landing page: https://www.census.gov/data/datasets/2022/econ/susb/2022-susb.html",22926,1206,1522,2186,4116,3115,9030,12145,10781,5.260403035854488,6.638750763325482,9.535025734973393,17.953415336299397,13.587193579342232,39.38759487045276,52.97478844979499,47.02521155020501,False,22926,0,22926,0,
30340,"Lewiston-Auburn, ME Metro Area",metro,2022,standard_01_09,RETRIEVED,U.S. Census Bureau,Statistics of U.S. Businesses (SUSB),U.S. Census Bureau Statistics of U.S. Businesses (SUSB) 2022,msa_3digitnaics_2022.txt,https://www2.census.gov/programs-surveys/susb/datasets/2022/msa_3digitnaics_2022.txt,https://www.census.gov/data/datasets/2022/econ/susb/2022-susb.html,"reference year 2022; MSA dataset originally released 2025-05-29, revised 2025-07-22 (extraneous estimates removed; remaining estimates unchanged)","mid-March payroll employment at employer establishments, classified by enterprise (firm) employment size; primary split firms <500 vs 500+ employees (SBA cutoff)","U.S. Census Bureau, Statistics of U.S. Businesses (SUSB), 2022 Annual Datasets by Establishment Industry — msa_3digitnaics_2022.txt (all-industry NAICS=--, enterprise employment size); reference year 2022; MSA dataset originally released 2025-05-29, revised 2025-07-22 (extraneous estimates removed; remaining estimates unchanged); measures mid-March payroll employment at employer establishments, classified by enterprise (firm) employment size; primary split firms <500 vs 500+ employees (SBA cutoff). File: https://www2.census.gov/programs-surveys/susb/datasets/2022/msa_3digitnaics_2022.txt Landing page: https://www.census.gov/data/datasets/2022/econ/susb/2022-susb.html",42989,2103,2533,3168,8181,7052,15985,23037,19952,4.891949103258973,5.892204982669985,7.369327037149038,19.03044964991044,16.4041964223406,37.18393077298844,53.58812719532904,46.41187280467096,False,42989,0,42989,0,
30500,"Lexington Park, MD Metro Area",metro,2022,standard_01_09,RETRIEVED,U.S. Census Bureau,Statistics of U.S. Businesses (SUSB),U.S. Census Bureau Statistics of U.S. Businesses (SUSB) 2022,msa_3digitnaics_2022.txt,https://www2.census.gov/programs-surveys/susb/datasets/2022/msa_3digitnaics_2022.txt,https://www.census.gov/data/datasets/2022/econ/susb/2022-susb.html,"reference year 2022; MSA dataset originally released 2025-05-29, revised 2025-07-22 (extraneous estimates removed; remaining estimates unchanged)","mid-March payroll employment at employer establishments, classified by enterprise (firm) employment size; primary split firms <500 vs 500+ employees (SBA cutoff)","U.S. Census Bureau, Statistics of U.S. Businesses (SUSB), 2022 Annual Datasets by Establishment Industry — msa_3digitnaics_2022.txt (all-industry NAICS=--, enterprise employment size); reference year 2022; MSA dataset originally released 2025-05-29, revised 2025-07-22 (extraneous estimates removed; remaining estimates unchanged); measures mid-March payroll employment at employer establishments, classified by enterprise (firm) employment size; primary split firms <500 vs 500+ employees (SBA cutoff). File: https://www2.census.gov/programs-surveys/susb/datasets/2022/msa_3digitnaics_2022.txt Landing page: https://www.census.gov/data/datasets/2022/econ/susb/2022-susb.html",51360,2727,3787,5168,10361,9562,22043,31605,19755,5.309579439252336,7.373442367601246,10.062305295950155,20.17328660436137,18.61760124610592,42.91861370716511,61.53621495327103,38.46378504672897,False,51360,0,51360,0,
30460,"Lexington-Fayette, KY Metro Area",metro,2022,standard_01_09,RETRIEVED,U.S. Census Bureau,Statistics of U.S. Businesses (SUSB),U.S. Census Bureau Statistics of U.S. Businesses (SUSB) 2022,msa_3digitnaics_2022.txt,https://www2.census.gov/programs-surveys/susb/datasets/2022/msa_3digitnaics_2022.txt,https://www.census.gov/data/datasets/2022/econ/susb/2022-susb.html,"reference year 2022; MSA dataset originally released 2025-05-29, revised 2025-07-22 (extraneous estimates removed; remaining estimates unchanged)","mid-March payroll employment at employer establishments, classified by enterprise (firm) employment size; primary split firms <500 vs 500+ employees (SBA cutoff)","U.S. Census Bureau, Statistics of U.S. Businesses (SUSB), 2022 Annual Datasets by Establishment Industry — msa_3digitnaics_2022.txt (all-industry NAICS=--, enterprise employment size); reference year 2022; MSA dataset originally released 2025-05-29, revised 2025-07-22 (extraneous estimates removed; remaining estimates unchanged); measures mid-March payroll employment at employer establishments, classified by enterprise (firm) employment size; primary split firms <500 vs 500+ employees (SBA cutoff). File: https://www2.census.gov/programs-surveys/susb/datasets/2022/msa_3digitnaics_2022.txt Landing page: https://www.census.gov/data/datasets/2022/econ/susb/2022-susb.html",233341,9213,10400,15434,37726,29475,72773,102248,131093,3.94829884160949,4.456996412975002,6.614354099793864,16.16775448806682,12.631727814657518,31.18740384244518,43.819131657102695,56.180868342897305,False,233341,0,233341,0,
30620,"Lima, OH Metro Area",metro,2022,standard_01_09,RETRIEVED,U.S. Census Bureau,Statistics of U.S. Businesses (SUSB),U.S. Census Bureau Statistics of U.S. Businesses (SUSB) 2022,msa_3digitnaics_2022.txt,https://www2.census.gov/programs-surveys/susb/datasets/2022/msa_3digitnaics_2022.txt,https://www.census.gov/data/datasets/2022/econ/susb/2022-susb.html,"reference year 2022; MSA dataset originally released 2025-05-29, revised 2025-07-22 (extraneous estimates removed; remaining estimates unchanged)","mid-March payroll employment at employer establishments, classified by enterprise (firm) employment size; primary split firms <500 vs 500+ employees (SBA cutoff)","U.S. Census Bureau, Statistics of U.S. Businesses (SUSB), 2022 Annual Datasets by Establishment Industry — msa_3digitnaics_2022.txt (all-industry NAICS=--, enterprise employment size); reference year 2022; MSA dataset originally released 2025-05-29, revised 2025-07-22 (extraneous estimates removed; remaining estimates unchanged); measures mid-March payroll employment at employer establishments, classified by enterprise (firm) employment size; primary split firms <500 vs 500+ employees (SBA cutoff). File: https://www2.census.gov/programs-surveys/susb/datasets/2022/msa_3digitnaics_2022.txt Landing page: https://www.census.gov/data/datasets/2022/econ/susb/2022-susb.html",42814,1455,2080,2892,7742,5930,14169,20099,22715,3.3984210772177326,4.858223945438408,6.754799831830709,18.08287008922315,13.850609613677769,33.09431494371,46.94492455738777,53.05507544261223,False,42814,0,42814,0,
30700,"Lincoln, NE Metro Area",metro,2022,standard_01_09,RETRIEVED,U.S. Census Bureau,Statistics of U.S. Businesses (SUSB),U.S. Census Bureau Statistics of U.S. Businesses (SUSB) 2022,msa_3digitnaics_2022.txt,https://www2.census.gov/programs-surveys/susb/datasets/2022/msa_3digitnaics_2022.txt,https://www.census.gov/data/datasets/2022/econ/susb/2022-susb.html,"reference year 2022; MSA dataset originally released 2025-05-29, revised 2025-07-22 (extraneous estimates removed; remaining estimates unchanged)","mid-March payroll employment at employer establishments, classified by enterprise (firm) employment size; primary split firms <500 vs 500+ employees (SBA cutoff)","U.S. Census Bureau, Statistics of U.S. Businesses (SUSB), 2022 Annual Datasets by Establishment Industry — msa_3digitnaics_2022.txt (all-industry NAICS=--, enterprise employment size); reference year 2022; MSA dataset originally released 2025-05-29, revised 2025-07-22 (extraneous estimates removed; remaining estimates unchanged); measures mid-March payroll employment at employer establishments, classified by enterprise (firm) employment size; primary split firms <500 vs 500+ employees (SBA cutoff). File: https://www2.census.gov/programs-surveys/susb/datasets/2022/msa_3digitnaics_2022.txt Landing page: https://www.census.gov/data/datasets/2022/econ/susb/2022-susb.html",152800,6931,7244,11046,29654,25351,54875,80226,72574,4.5359947643979055,4.7408376963350785,7.229057591623037,19.407068062827225,16.590968586387433,35.912958115183244,52.503926701570684,47.496073298429316,False,152800,0,152800,0,
30780,"Little Rock-North Little Rock-Conway, AR Metro Area",metro,2022,standard_01_09,RETRIEVED,U.S. Census Bureau,Statistics of U.S. Businesses (SUSB),U.S. Census Bureau Statistics of U.S. Businesses (SUSB) 2022,msa_3digitnaics_2022.txt,https://www2.census.gov/programs-surveys/susb/datasets/2022/msa_3digitnaics_2022.txt,https://www.census.gov/data/datasets/2022/econ/susb/2022-susb.html,"reference year 2022; MSA dataset originally released 2025-05-29, revised 2025-07-22 (extraneous estimates removed; remaining estimates unchanged)","mid-March payroll employment at employer establishments, classified by enterprise (firm) employment size; primary split firms <500 vs 500+ employees (SBA cutoff)","U.S. Census Bureau, Statistics of U.S. Businesses (SUSB), 2022 Annual Datasets by Establishment Industry — msa_3digitnaics_2022.txt (all-industry NAICS=--, enterprise employment size); reference year 2022; MSA dataset originally released 2025-05-29, revised 2025-07-22 (extraneous estimates removed; remaining estimates unchanged); measures mid-March payroll employment at employer establishments, classified by enterprise (firm) employment size; primary split firms <500 vs 500+ employees (SBA cutoff). File: https://www2.census.gov/programs-surveys/susb/datasets/2022/msa_3digitnaics_2022.txt Landing page: https://www.census.gov/data/datasets/2022/econ/susb/2022-susb.html",302544,13415,14786,19390,51890,44958,99481,144439,158105,4.434065788777831,4.887223015495267,6.408985139351631,17.151224284732137,14.859987307631286,32.88149822835687,47.741485535988154,52.258514464011846,False,302544,0,302544,0,
30860,"Logan, UT-ID Metro Area",metro,2022,standard_01_09,RETRIEVED,U.S. Census Bureau,Statistics of U.S. Businesses (SUSB),U.S. Census Bureau Statistics of U.S. Businesses (SUSB) 2022,msa_3digitnaics_2022.txt,https://www2.census.gov/programs-surveys/susb/datasets/2022/msa_3digitnaics_2022.txt,https://www.census.gov/data/datasets/2022/econ/susb/2022-susb.html,"reference year 2022; MSA dataset originally released 2025-05-29, revised 2025-07-22 (extraneous estimates removed; remaining estimates unchanged)","mid-March payroll employment at employer establishments, classified by enterprise (firm) employment size; primary split firms <500 vs 500+ employees (SBA cutoff)","U.S. Census Bureau, Statistics of U.S. Businesses (SUSB), 2022 Annual Datasets by Establishment Industry — msa_3digitnaics_2022.txt (all-industry NAICS=--, enterprise employment size); reference year 2022; MSA dataset originally released 2025-05-29, revised 2025-07-22 (extraneous estimates removed; remaining estimates unchanged); measures mid-March payroll employment at employer establishments, classified by enterprise (firm) employment size; primary split firms <500 vs 500+ employees (SBA cutoff). File: https://www2.census.gov/programs-surveys/susb/datasets/2022/msa_3digitnaics_2022.txt Landing page: https://www.census.gov/data/datasets/2022/econ/susb/2022-susb.html",58562,3328,3303,4775,10809,8524,22215,30739,27823,5.682866022335303,5.640176223489635,8.153751579522558,18.457361428912947,14.555513814418907,37.93415525426044,52.48966906867935,47.51033093132065,False,58562,0,58562,0,
30980,"Longview, TX Metro Area",metro,2022,standard_01_09,RETRIEVED,U.S. Census Bureau,Statistics of U.S. Businesses (SUSB),U.S. Census Bureau Statistics of U.S. Businesses (SUSB) 2022,msa_3digitnaics_2022.txt,https://www2.census.gov/programs-surveys/susb/datasets/2022/msa_3digitnaics_2022.txt,https://www.census.gov/data/datasets/2022/econ/susb/2022-susb.html,"reference year 2022; MSA dataset originally released 2025-05-29, revised 2025-07-22 (extraneous estimates removed; remaining estimates unchanged)","mid-March payroll employment at employer establishments, classified by enterprise (firm) employment size; primary split firms <500 vs 500+ employees (SBA cutoff)","U.S. Census Bureau, Statistics of U.S. Businesses (SUSB), 2022 Annual Datasets by Establishment Industry — msa_3digitnaics_2022.txt (all-industry NAICS=--, enterprise employment size); reference year 2022; MSA dataset originally released 2025-05-29, revised 2025-07-22 (extraneous estimates removed; remaining estimates unchanged); measures mid-March payroll employment at employer establishments, classified by enterprise (firm) employment size; primary split firms <500 vs 500+ employees (SBA cutoff). File: https://www2.census.gov/programs-surveys/susb/datasets/2022/msa_3digitnaics_2022.txt Landing page: https://www.census.gov/data/datasets/2022/econ/susb/2022-susb.html",100592,4937,5736,7383,21462,12867,39518,52385,48207,4.907944965802449,5.70224272307937,7.339549864800381,21.335692699220616,12.791275648162875,39.28543025290281,52.076705901065694,47.923294098934306,False,100592,0,100592,0,
31020,"Longview-Kelso, WA Metro Area",metro,2022,standard_01_09,RETRIEVED,U.S. Census Bureau,Statistics of U.S. Businesses (SUSB),U.S. Census Bureau Statistics of U.S. Businesses (SUSB) 2022,msa_3digitnaics_2022.txt,https://www2.census.gov/programs-surveys/susb/datasets/2022/msa_3digitnaics_2022.txt,https://www.census.gov/data/datasets/2022/econ/susb/2022-susb.html,"reference year 2022; MSA dataset originally released 2025-05-29, revised 2025-07-22 (extraneous estimates removed; remaining estimates unchanged)","mid-March payroll employment at employer establishments, classified by enterprise (firm) employment size; primary split firms <500 vs 500+ employees (SBA cutoff)","U.S. Census Bureau, Statistics of U.S. Businesses (SUSB), 2022 Annual Datasets by Establishment Industry — msa_3digitnaics_2022.txt (all-industry NAICS=--, enterprise employment size); reference year 2022; MSA dataset originally released 2025-05-29, revised 2025-07-22 (extraneous estimates removed; remaining estimates unchanged); measures mid-March payroll employment at employer establishments, classified by enterprise (firm) employment size; primary split firms <500 vs 500+ employees (SBA cutoff). File: https://www2.census.gov/programs-surveys/susb/datasets/2022/msa_3digitnaics_2022.txt Landing page: https://www.census.gov/data/datasets/2022/econ/susb/2022-susb.html",33354,1652,2179,3261,7121,5151,14213,19364,13990,4.952929183905979,6.532949571265815,9.776938298255082,21.349763146848954,15.4434250764526,42.61258020027583,58.05600527672843,41.94399472327157,False,33354,0,33354,0,
31080,"Los Angeles-Long Beach-Anaheim, CA Metro Area",metro,2022,standard_01_09,RETRIEVED,U.S. Census Bureau,Statistics of U.S. Businesses (SUSB),U.S. Census Bureau Statistics of U.S. Businesses (SUSB) 2022,msa_3digitnaics_2022.txt,https://www2.census.gov/programs-surveys/susb/datasets/2022/msa_3digitnaics_2022.txt,https://www.census.gov/data/datasets/2022/econ/susb/2022-susb.html,"reference year 2022; MSA dataset originally released 2025-05-29, revised 2025-07-22 (extraneous estimates removed; remaining estimates unchanged)","mid-March payroll employment at employer establishments, classified by enterprise (firm) employment size; primary split firms <500 vs 500+ employees (SBA cutoff)","U.S. Census Bureau, Statistics of U.S. Businesses (SUSB), 2022 Annual Datasets by Establishment Industry — msa_3digitnaics_2022.txt (all-industry NAICS=--, enterprise employment size); reference year 2022; MSA dataset originally released 2025-05-29, revised 2025-07-22 (extraneous estimates removed; remaining estimates unchanged); measures mid-March payroll employment at employer establishments, classified by enterprise (firm) employment size; primary split firms <500 vs 500+ employees (SBA cutoff). File: https://www2.census.gov/programs-surveys/susb/datasets/2022/msa_3digitnaics_2022.txt Landing page: https://www.census.gov/data/datasets/2022/econ/susb/2022-susb.html",5460130,339787,328416,415547,970355,817081,2054105,2871186,2588944,6.223056960182267,6.014801845377308,7.610569711710161,17.77164646263001,14.964497182301521,37.62007497989975,52.58457216220127,47.41542783779873,False,5460130,0,5460130,0,
31140,"Louisville/Jefferson County, KY-IN Metro Area",metro,2022,standard_01_09,RETRIEVED,U.S. Census Bureau,Statistics of U.S. Businesses (SUSB),U.S. Census Bureau Statistics of U.S. Businesses (SUSB) 2022,msa_3digitnaics_2022.txt,https://www2.census.gov/programs-surveys/susb/datasets/2022/msa_3digitnaics_2022.txt,https://www.census.gov/data/datasets/2022/econ/susb/2022-susb.html,"reference year 2022; MSA dataset originally released 2025-05-29, revised 2025-07-22 (extraneous estimates removed; remaining estimates unchanged)","mid-March payroll employment at employer establishments, classified by enterprise (firm) employment size; primary split firms <500 vs 500+ employees (SBA cutoff)","U.S. Census Bureau, Statistics of U.S. Businesses (SUSB), 2022 Annual Datasets by Establishment Industry — msa_3digitnaics_2022.txt (all-industry NAICS=--, enterprise employment size); reference year 2022; MSA dataset originally released 2025-05-29, revised 2025-07-22 (extraneous estimates removed; remaining estimates unchanged); measures mid-March payroll employment at employer establishments, classified by enterprise (firm) employment size; primary split firms <500 vs 500+ employees (SBA cutoff). File: https://www2.census.gov/programs-surveys/susb/datasets/2022/msa_3digitnaics_2022.txt Landing page: https://www.census.gov/data/datasets/2022/econ/susb/2022-susb.html",630363,20947,24426,32320,90244,83191,167937,251128,379235,3.32300595053961,3.874910170806345,5.127204483765703,14.316195588890846,13.197316466861158,26.641316194002503,39.83863266086366,60.16136733913634,False,630363,0,630363,0,
31180,"Lubbock, TX Metro Area",metro,2022,standard_01_09,RETRIEVED,U.S. Census Bureau,Statistics of U.S. Businesses (SUSB),U.S. Census Bureau Statistics of U.S. Businesses (SUSB) 2022,msa_3digitnaics_2022.txt,https://www2.census.gov/programs-surveys/susb/datasets/2022/msa_3digitnaics_2022.txt,https://www.census.gov/data/datasets/2022/econ/susb/2022-susb.html,"reference year 2022; MSA dataset originally released 2025-05-29, revised 2025-07-22 (extraneous estimates removed; remaining estimates unchanged)","mid-March payroll employment at employer establishments, classified by enterprise (firm) employment size; primary split firms <500 vs 500+ employees (SBA cutoff)","U.S. Census Bureau, Statistics of U.S. Businesses (SUSB), 2022 Annual Datasets by Establishment Industry — msa_3digitnaics_2022.txt (all-industry NAICS=--, enterprise employment size); reference year 2022; MSA dataset originally released 2025-05-29, revised 2025-07-22 (extraneous estimates removed; remaining estimates unchanged); measures mid-March payroll employment at employer establishments, classified by enterprise (firm) employment size; primary split firms <500 vs 500+ employees (SBA cutoff). File: https://www2.census.gov/programs-surveys/susb/datasets/2022/msa_3digitnaics_2022.txt Landing page: https://www.census.gov/data/datasets/2022/econ/susb/2022-susb.html",130372,5988,7385,10355,27519,20083,51247,71330,59042,4.593010769183567,5.664559874819747,7.942656398613199,21.108060012886202,15.404381308870002,39.30828705550272,54.71266836437272,45.28733163562728,False,130372,0,130372,0,
31340,"Lynchburg, VA Metro Area",metro,2022,standard_01_09,RETRIEVED,U.S. Census Bureau,Statistics of U.S. Businesses (SUSB),U.S. Census Bureau Statistics of U.S. Businesses (SUSB) 2022,msa_3digitnaics_2022.txt,https://www2.census.gov/programs-surveys/susb/datasets/2022/msa_3digitnaics_2022.txt,https://www.census.gov/data/datasets/2022/econ/susb/2022-susb.html,"reference year 2022; MSA dataset originally released 2025-05-29, revised 2025-07-22 (extraneous estimates removed; remaining estimates unchanged)","mid-March payroll employment at employer establishments, classified by enterprise (firm) employment size; primary split firms <500 vs 500+ employees (SBA cutoff)","U.S. Census Bureau, Statistics of U.S. Businesses (SUSB), 2022 Annual Datasets by Establishment Industry — msa_3digitnaics_2022.txt (all-industry NAICS=--, enterprise employment size); reference year 2022; MSA dataset originally released 2025-05-29, revised 2025-07-22 (extraneous estimates removed; remaining estimates unchanged); measures mid-March payroll employment at employer establishments, classified by enterprise (firm) employment size; primary split firms <500 vs 500+ employees (SBA cutoff). File: https://www2.census.gov/programs-surveys/susb/datasets/2022/msa_3digitnaics_2022.txt Landing page: https://www.census.gov/data/datasets/2022/econ/susb/2022-susb.html",97081,4744,5609,6135,15346,13073,31834,44907,52174,4.886641052317137,5.777649591578166,6.3194651888629085,15.807418547398564,13.466074721109177,32.791174380156775,46.257249101265955,53.742750898734045,False,97081,0,97081,0,
31420,"Macon-Bibb County, GA Metro Area",metro,2022,standard_01_09,RETRIEVED,U.S. Census Bureau,Statistics of U.S. Businesses (SUSB),U.S. Census Bureau Statistics of U.S. Businesses (SUSB) 2022,msa_3digitnaics_2022.txt,https://www2.census.gov/programs-surveys/susb/datasets/2022/msa_3digitnaics_2022.txt,https://www.census.gov/data/datasets/2022/econ/susb/2022-susb.html,"reference year 2022; MSA dataset originally released 2025-05-29, revised 2025-07-22 (extraneous estimates removed; remaining estimates unchanged)","mid-March payroll employment at employer establishments, classified by enterprise (firm) employment size; primary split firms <500 vs 500+ employees (SBA cutoff)","U.S. Census Bureau, Statistics of U.S. Businesses (SUSB), 2022 Annual Datasets by Establishment Industry — msa_3digitnaics_2022.txt (all-industry NAICS=--, enterprise employment size); reference year 2022; MSA dataset originally released 2025-05-29, revised 2025-07-22 (extraneous estimates removed; remaining estimates unchanged); measures mid-March payroll employment at employer establishments, classified by enterprise (firm) employment size; primary split firms <500 vs 500+ employees (SBA cutoff). File: https://www2.census.gov/programs-surveys/susb/datasets/2022/msa_3digitnaics_2022.txt Landing page: https://www.census.gov/data/datasets/2022/econ/susb/2022-susb.html",89072,3713,4748,5654,13935,9706,28050,37756,51316,4.1685378121070595,5.330519130590982,6.347673791988504,15.644647027124124,10.896802586671457,31.49137776181067,42.38818034848212,57.61181965151788,False,89072,0,89072,0,
31540,"Madison, WI Metro Area",metro,2022,standard_01_09,RETRIEVED,U.S. Census Bureau,Statistics of U.S. Businesses (SUSB),U.S. Census Bureau Statistics of U.S. Businesses (SUSB) 2022,msa_3digitnaics_2022.txt,https://www2.census.gov/programs-surveys/susb/datasets/2022/msa_3digitnaics_2022.txt,https://www.census.gov/data/datasets/2022/econ/susb/2022-susb.html,"reference year 2022; MSA dataset originally released 2025-05-29, revised 2025-07-22 (extraneous estimates removed; remaining estimates unchanged)","mid-March payroll employment at employer establishments, classified by enterprise (firm) employment size; primary split firms <500 vs 500+ employees (SBA cutoff)","U.S. Census Bureau, Statistics of U.S. Businesses (SUSB), 2022 Annual Datasets by Establishment Industry — msa_3digitnaics_2022.txt (all-industry NAICS=--, enterprise employment size); reference year 2022; MSA dataset originally released 2025-05-29, revised 2025-07-22 (extraneous estimates removed; remaining estimates unchanged); measures mid-March payroll employment at employer establishments, classified by enterprise (firm) employment size; primary split firms <500 vs 500+ employees (SBA cutoff). File: https://www2.census.gov/programs-surveys/susb/datasets/2022/msa_3digitnaics_2022.txt Landing page: https://www.census.gov/data/datasets/2022/econ/susb/2022-susb.html",348900,12052,14454,21670,58874,48838,107050,155888,193012,3.454284895385497,4.1427343078245915,6.210948695901404,16.874175981656634,13.997707079392375,30.682143880768127,44.67985096016051,55.32014903983949,False,348900,0,348900,0,
31700,"Manchester-Nashua, NH Metro Area",metro,2022,standard_01_09,RETRIEVED,U.S. Census Bureau,Statistics of U.S. Businesses (SUSB),U.S. Census Bureau Statistics of U.S. Businesses (SUSB) 2022,msa_3digitnaics_2022.txt,https://www2.census.gov/programs-surveys/susb/datasets/2022/msa_3digitnaics_2022.txt,https://www.census.gov/data/datasets/2022/econ/susb/2022-susb.html,"reference year 2022; MSA dataset originally released 2025-05-29, revised 2025-07-22 (extraneous estimates removed; remaining estimates unchanged)","mid-March payroll employment at employer establishments, classified by enterprise (firm) employment size; primary split firms <500 vs 500+ employees (SBA cutoff)","U.S. Census Bureau, Statistics of U.S. Businesses (SUSB), 2022 Annual Datasets by Establishment Industry — msa_3digitnaics_2022.txt (all-industry NAICS=--, enterprise employment size); reference year 2022; MSA dataset originally released 2025-05-29, revised 2025-07-22 (extraneous estimates removed; remaining estimates unchanged); measures mid-March payroll employment at employer establishments, classified by enterprise (firm) employment size; primary split firms <500 vs 500+ employees (SBA cutoff). File: https://www2.census.gov/programs-surveys/susb/datasets/2022/msa_3digitnaics_2022.txt Landing page: https://www.census.gov/data/datasets/2022/econ/susb/2022-susb.html",184188,8112,9877,12760,36004,25771,66753,92524,91664,4.4041957130757705,5.362455751731926,6.927704302126089,19.547418941516277,13.99168241144917,36.24177470845006,50.233457119899235,49.766542880100765,False,184188,0,184188,0,
31740,"Manhattan, KS Metro Area",metro,2022,standard_01_09,RETRIEVED,U.S. Census Bureau,Statistics of U.S. Businesses (SUSB),U.S. Census Bureau Statistics of U.S. Businesses (SUSB) 2022,msa_3digitnaics_2022.txt,https://www2.census.gov/programs-surveys/susb/datasets/2022/msa_3digitnaics_2022.txt,https://www.census.gov/data/datasets/2022/econ/susb/2022-susb.html,"reference year 2022; MSA dataset originally released 2025-05-29, revised 2025-07-22 (extraneous estimates removed; remaining estimates unchanged)","mid-March payroll employment at employer establishments, classified by enterprise (firm) employment size; primary split firms <500 vs 500+ employees (SBA cutoff)","U.S. Census Bureau, Statistics of U.S. Businesses (SUSB), 2022 Annual Datasets by Establishment Industry — msa_3digitnaics_2022.txt (all-industry NAICS=--, enterprise employment size); reference year 2022; MSA dataset originally released 2025-05-29, revised 2025-07-22 (extraneous estimates removed; remaining estimates unchanged); measures mid-March payroll employment at employer establishments, classified by enterprise (firm) employment size; primary split firms <500 vs 500+ employees (SBA cutoff). File: https://www2.census.gov/programs-surveys/susb/datasets/2022/msa_3digitnaics_2022.txt Landing page: https://www.census.gov/data/datasets/2022/econ/susb/2022-susb.html",37977,1955,2220,3728,8183,7609,16086,23695,14282,5.14785264765516,5.845643415751639,9.816467862127077,21.547252284277327,20.035811148853252,42.3572162098112,62.393027358664455,37.606972641335545,False,37977,0,37977,0,
31860,"Mankato, MN Metro Area",metro,2022,standard_01_09,RETRIEVED,U.S. Census Bureau,Statistics of U.S. Businesses (SUSB),U.S. Census Bureau Statistics of U.S. Businesses (SUSB) 2022,msa_3digitnaics_2022.txt,https://www2.census.gov/programs-surveys/susb/datasets/2022/msa_3digitnaics_2022.txt,https://www.census.gov/data/datasets/2022/econ/susb/2022-susb.html,"reference year 2022; MSA dataset originally released 2025-05-29, revised 2025-07-22 (extraneous estimates removed; remaining estimates unchanged)","mid-March payroll employment at employer establishments, classified by enterprise (firm) employment size; primary split firms <500 vs 500+ employees (SBA cutoff)","U.S. Census Bureau, Statistics of U.S. Businesses (SUSB), 2022 Annual Datasets by Establishment Industry — msa_3digitnaics_2022.txt (all-industry NAICS=--, enterprise employment size); reference year 2022; MSA dataset originally released 2025-05-29, revised 2025-07-22 (extraneous estimates removed; remaining estimates unchanged); measures mid-March payroll employment at employer establishments, classified by enterprise (firm) employment size; primary split firms <500 vs 500+ employees (SBA cutoff). File: https://www2.census.gov/programs-surveys/susb/datasets/2022/msa_3digitnaics_2022.txt Landing page: https://www.census.gov/data/datasets/2022/econ/susb/2022-susb.html",48314,1615,2282,3632,9972,7416,17501,24917,23397,3.342716396903589,4.723268617791945,7.517489754522499,20.639980129983027,15.349588111106511,36.22345489920106,51.57304301030757,48.42695698969243,False,48314,0,48314,0,
31900,"Mansfield, OH Metro Area",metro,2022,standard_01_09,RETRIEVED,U.S. Census Bureau,Statistics of U.S. Businesses (SUSB),U.S. Census Bureau Statistics of U.S. Businesses (SUSB) 2022,msa_3digitnaics_2022.txt,https://www2.census.gov/programs-surveys/susb/datasets/2022/msa_3digitnaics_2022.txt,https://www.census.gov/data/datasets/2022/econ/susb/2022-susb.html,"reference year 2022; MSA dataset originally released 2025-05-29, revised 2025-07-22 (extraneous estimates removed; remaining estimates unchanged)","mid-March payroll employment at employer establishments, classified by enterprise (firm) employment size; primary split firms <500 vs 500+ employees (SBA cutoff)","U.S. Census Bureau, Statistics of U.S. Businesses (SUSB), 2022 Annual Datasets by Establishment Industry — msa_3digitnaics_2022.txt (all-industry NAICS=--, enterprise employment size); reference year 2022; MSA dataset originally released 2025-05-29, revised 2025-07-22 (extraneous estimates removed; remaining estimates unchanged); measures mid-March payroll employment at employer establishments, classified by enterprise (firm) employment size; primary split firms <500 vs 500+ employees (SBA cutoff). File: https://www2.census.gov/programs-surveys/susb/datasets/2022/msa_3digitnaics_2022.txt Landing page: https://www.census.gov/data/datasets/2022/econ/susb/2022-susb.html",39077,1736,2365,3193,7350,6009,14644,20653,18424,4.442510939939095,6.052153440642833,8.171046907387977,18.80901809248407,15.377331934385955,37.47472938045397,52.85206131483993,47.14793868516007,False,39077,0,39077,0,
32580,"McAllen-Edinburg-Mission, TX Metro Area",metro,2022,standard_01_09,RETRIEVED,U.S. Census Bureau,Statistics of U.S. Businesses (SUSB),U.S. Census Bureau Statistics of U.S. Businesses (SUSB) 2022,msa_3digitnaics_2022.txt,https://www2.census.gov/programs-surveys/susb/datasets/2022/msa_3digitnaics_2022.txt,https://www.census.gov/data/datasets/2022/econ/susb/2022-susb.html,"reference year 2022; MSA dataset originally released 2025-05-29, revised 2025-07-22 (extraneous estimates removed; remaining estimates unchanged)","mid-March payroll employment at employer establishments, classified by enterprise (firm) employment size; primary split firms <500 vs 500+ employees (SBA cutoff)","U.S. Census Bureau, Statistics of U.S. Businesses (SUSB), 2022 Annual Datasets by Establishment Industry — msa_3digitnaics_2022.txt (all-industry NAICS=--, enterprise employment size); reference year 2022; MSA dataset originally released 2025-05-29, revised 2025-07-22 (extraneous estimates removed; remaining estimates unchanged); measures mid-March payroll employment at employer establishments, classified by enterprise (firm) employment size; primary split firms <500 vs 500+ employees (SBA cutoff). File: https://www2.census.gov/programs-surveys/susb/datasets/2022/msa_3digitnaics_2022.txt Landing page: https://www.census.gov/data/datasets/2022/econ/susb/2022-susb.html",221390,9495,11864,14678,36652,40009,72689,112698,108692,4.288811599439902,5.3588689642711955,6.629929084421157,16.555399972898506,18.07172862369574,32.83300962103076,50.9047382447265,49.0952617552735,False,221390,0,221390,0,
32780,"Medford, OR Metro Area",metro,2022,standard_01_09,RETRIEVED,U.S. Census Bureau,Statistics of U.S. Businesses (SUSB),U.S. Census Bureau Statistics of U.S. Businesses (SUSB) 2022,msa_3digitnaics_2022.txt,https://www2.census.gov/programs-surveys/susb/datasets/2022/msa_3digitnaics_2022.txt,https://www.census.gov/data/datasets/2022/econ/susb/2022-susb.html,"reference year 2022; MSA dataset originally released 2025-05-29, revised 2025-07-22 (extraneous estimates removed; remaining estimates unchanged)","mid-March payroll employment at employer establishments, classified by enterprise (firm) employment size; primary split firms <500 vs 500+ employees (SBA cutoff)","U.S. Census Bureau, Statistics of U.S. Businesses (SUSB), 2022 Annual Datasets by Establishment Industry — msa_3digitnaics_2022.txt (all-industry NAICS=--, enterprise employment size); reference year 2022; MSA dataset originally released 2025-05-29, revised 2025-07-22 (extraneous estimates removed; remaining estimates unchanged); measures mid-March payroll employment at employer establishments, classified by enterprise (firm) employment size; primary split firms <500 vs 500+ employees (SBA cutoff). File: https://www2.census.gov/programs-surveys/susb/datasets/2022/msa_3digitnaics_2022.txt Landing page: https://www.census.gov/data/datasets/2022/econ/susb/2022-susb.html",77479,5357,6269,7423,15513,11766,34562,46328,31151,6.914131571135404,8.091224718956104,9.580660566088875,20.02219956375276,15.186050413660476,44.60821641993314,59.79426683359362,40.20573316640638,False,77479,0,77479,0,
32820,"Memphis, TN-MS-AR Metro Area",metro,2022,standard_01_09,RETRIEVED,U.S. Census Bureau,Statistics of U.S. Businesses (SUSB),U.S. Census Bureau Statistics of U.S. Businesses (SUSB) 2022,msa_3digitnaics_2022.txt,https://www2.census.gov/programs-surveys/susb/datasets/2022/msa_3digitnaics_2022.txt,https://www.census.gov/data/datasets/2022/econ/susb/2022-susb.html,"reference year 2022; MSA dataset originally released 2025-05-29, revised 2025-07-22 (extraneous estimates removed; remaining estimates unchanged)","mid-March payroll employment at employer establishments, classified by enterprise (firm) employment size; primary split firms <500 vs 500+ employees (SBA cutoff)","U.S. Census Bureau, Statistics of U.S. Businesses (SUSB), 2022 Annual Datasets by Establishment Industry — msa_3digitnaics_2022.txt (all-industry NAICS=--, enterprise employment size); reference year 2022; MSA dataset originally released 2025-05-29, revised 2025-07-22 (extraneous estimates removed; remaining estimates unchanged); measures mid-March payroll employment at employer establishments, classified by enterprise (firm) employment size; primary split firms <500 vs 500+ employees (SBA cutoff). File: https://www2.census.gov/programs-surveys/susb/datasets/2022/msa_3digitnaics_2022.txt Landing page: https://www.census.gov/data/datasets/2022/econ/susb/2022-susb.html",544567,16063,21743,28711,85078,76905,151595,228500,316067,2.9496829591216507,3.992713476945904,5.272262182614812,15.623054647086585,14.122229220646863,27.83771326576895,41.95994248641581,58.04005751358419,False,544567,0,544567,0,
32900,"Merced, CA Metro Area",metro,2022,standard_01_09,RETRIEVED,U.S. Census Bureau,Statistics of U.S. Businesses (SUSB),U.S. Census Bureau Statistics of U.S. Businesses (SUSB) 2022,msa_3digitnaics_2022.txt,https://www2.census.gov/programs-surveys/susb/datasets/2022/msa_3digitnaics_2022.txt,https://www.census.gov/data/datasets/2022/econ/susb/2022-susb.html,"reference year 2022; MSA dataset originally released 2025-05-29, revised 2025-07-22 (extraneous estimates removed; remaining estimates unchanged)","mid-March payroll employment at employer establishments, classified by enterprise (firm) employment size; primary split firms <500 vs 500+ employees (SBA cutoff)","U.S. Census Bureau, Statistics of U.S. Businesses (SUSB), 2022 Annual Datasets by Establishment Industry — msa_3digitnaics_2022.txt (all-industry NAICS=--, enterprise employment size); reference year 2022; MSA dataset originally released 2025-05-29, revised 2025-07-22 (extraneous estimates removed; remaining estimates unchanged); measures mid-March payroll employment at employer establishments, classified by enterprise (firm) employment size; primary split firms <500 vs 500+ employees (SBA cutoff). File: https://www2.census.gov/programs-surveys/susb/datasets/2022/msa_3digitnaics_2022.txt Landing page: https://www.census.gov/data/datasets/2022/econ/susb/2022-susb.html",48315,2469,3574,4246,8763,5583,19052,24635,23680,5.110214219186588,7.3972886267204805,8.788161026596295,18.137224464452032,11.555417572182552,39.43288833695539,50.98830590913795,49.01169409086205,False,48315,0,48315,0,
33100,"Miami-Fort Lauderdale-West Palm Beach, FL Metro Area",metro,2022,standard_01_09,RETRIEVED,U.S. Census Bureau,Statistics of U.S. Businesses (SUSB),U.S. Census Bureau Statistics of U.S. Businesses (SUSB) 2022,msa_3digitnaics_2022.txt,https://www2.census.gov/programs-surveys/susb/datasets/2022/msa_3digitnaics_2022.txt,https://www.census.gov/data/datasets/2022/econ/susb/2022-susb.html,"reference year 2022; MSA dataset originally released 2025-05-29, revised 2025-07-22 (extraneous estimates removed; remaining estimates unchanged)","mid-March payroll employment at employer establishments, classified by enterprise (firm) employment size; primary split firms <500 vs 500+ employees (SBA cutoff)","U.S. Census Bureau, Statistics of U.S. Businesses (SUSB), 2022 Annual Datasets by Establishment Industry — msa_3digitnaics_2022.txt (all-industry NAICS=--, enterprise employment size); reference year 2022; MSA dataset originally released 2025-05-29, revised 2025-07-22 (extraneous estimates removed; remaining estimates unchanged); measures mid-March payroll employment at employer establishments, classified by enterprise (firm) employment size; primary split firms <500 vs 500+ employees (SBA cutoff). File: https://www2.census.gov/programs-surveys/susb/datasets/2022/msa_3digitnaics_2022.txt Landing page: https://www.census.gov/data/datasets/2022/econ/susb/2022-susb.html",2333976,200751,146865,170116,404046,328253,921778,1250031,1083945,8.601245257020638,6.292481156618577,7.288678204060368,17.3114890641549,14.064112055993721,39.49389368185448,53.558005737848205,46.441994262151795,False,2333976,0,2333976,0,
33140,"Michigan City-La Porte, IN Metro Area",metro,2022,standard_01_09,RETRIEVED,U.S. Census Bureau,Statistics of U.S. Businesses (SUSB),U.S. Census Bureau Statistics of U.S. Businesses (SUSB) 2022,msa_3digitnaics_2022.txt,https://www2.census.gov/programs-surveys/susb/datasets/2022/msa_3digitnaics_2022.txt,https://www.census.gov/data/datasets/2022/econ/susb/2022-susb.html,"reference year 2022; MSA dataset originally released 2025-05-29, revised 2025-07-22 (extraneous estimates removed; remaining estimates unchanged)","mid-March payroll employment at employer establishments, classified by enterprise (firm) employment size; primary split firms <500 vs 500+ employees (SBA cutoff)","U.S. Census Bureau, Statistics of U.S. Businesses (SUSB), 2022 Annual Datasets by Establishment Industry — msa_3digitnaics_2022.txt (all-industry NAICS=--, enterprise employment size); reference year 2022; MSA dataset originally released 2025-05-29, revised 2025-07-22 (extraneous estimates removed; remaining estimates unchanged); measures mid-March payroll employment at employer establishments, classified by enterprise (firm) employment size; primary split firms <500 vs 500+ employees (SBA cutoff). File: https://www2.census.gov/programs-surveys/susb/datasets/2022/msa_3digitnaics_2022.txt Landing page: https://www.census.gov/data/datasets/2022/econ/susb/2022-susb.html",33755,1609,1990,2605,6289,5283,12493,17776,15979,4.766701229447489,5.895422900311065,7.71737520367353,18.63131387942527,15.651014664494149,37.01081321285736,52.661827877351506,47.338172122648494,False,33755,0,33755,0,
33220,"Midland, MI Metro Area",metro,2022,standard_01_09,RETRIEVED,U.S. Census Bureau,Statistics of U.S. Businesses (SUSB),U.S. Census Bureau Statistics of U.S. Businesses (SUSB) 2022,msa_3digitnaics_2022.txt,https://www2.census.gov/programs-surveys/susb/datasets/2022/msa_3digitnaics_2022.txt,https://www.census.gov/data/datasets/2022/econ/susb/2022-susb.html,"reference year 2022; MSA dataset originally released 2025-05-29, revised 2025-07-22 (extraneous estimates removed; remaining estimates unchanged)","mid-March payroll employment at employer establishments, classified by enterprise (firm) employment size; primary split firms <500 vs 500+ employees (SBA cutoff)","U.S. Census Bureau, Statistics of U.S. Businesses (SUSB), 2022 Annual Datasets by Establishment Industry — msa_3digitnaics_2022.txt (all-industry NAICS=--, enterprise employment size); reference year 2022; MSA dataset originally released 2025-05-29, revised 2025-07-22 (extraneous estimates removed; remaining estimates unchanged); measures mid-March payroll employment at employer establishments, classified by enterprise (firm) employment size; primary split firms <500 vs 500+ employees (SBA cutoff). File: https://www2.census.gov/programs-surveys/susb/datasets/2022/msa_3digitnaics_2022.txt Landing page: https://www.census.gov/data/datasets/2022/econ/susb/2022-susb.html",34863,1169,1551,2115,6040,3121,10875,13996,20867,3.3531250896365776,4.448842612511832,6.066603562516135,17.324957691535438,8.952184264119554,31.193528956199984,40.145713220319536,59.854286779680464,False,34863,0,34863,0,
33260,"Midland, TX Metro Area",metro,2022,standard_01_09,RETRIEVED,U.S. Census Bureau,Statistics of U.S. Businesses (SUSB),U.S. Census Bureau Statistics of U.S. Businesses (SUSB) 2022,msa_3digitnaics_2022.txt,https://www2.census.gov/programs-surveys/susb/datasets/2022/msa_3digitnaics_2022.txt,https://www.census.gov/data/datasets/2022/econ/susb/2022-susb.html,"reference year 2022; MSA dataset originally released 2025-05-29, revised 2025-07-22 (extraneous estimates removed; remaining estimates unchanged)","mid-March payroll employment at employer establishments, classified by enterprise (firm) employment size; primary split firms <500 vs 500+ employees (SBA cutoff)","U.S. Census Bureau, Statistics of U.S. Businesses (SUSB), 2022 Annual Datasets by Establishment Industry — msa_3digitnaics_2022.txt (all-industry NAICS=--, enterprise employment size); reference year 2022; MSA dataset originally released 2025-05-29, revised 2025-07-22 (extraneous estimates removed; remaining estimates unchanged); measures mid-March payroll employment at employer establishments, classified by enterprise (firm) employment size; primary split firms <500 vs 500+ employees (SBA cutoff). File: https://www2.census.gov/programs-surveys/susb/datasets/2022/msa_3digitnaics_2022.txt Landing page: https://www.census.gov/data/datasets/2022/econ/susb/2022-susb.html",94277,4163,4774,6580,21921,18301,37438,55739,38538,4.415711149060747,5.063801351337018,6.9794329475906105,23.251694474792366,19.411945649522153,39.71063992278074,59.122585572302896,40.877414427697104,False,94277,0,94277,0,
33340,"Milwaukee-Waukesha, WI Metro Area",metro,2022,standard_01_09,RETRIEVED,U.S. Census Bureau,Statistics of U.S. Businesses (SUSB),U.S. Census Bureau Statistics of U.S. Businesses (SUSB) 2022,msa_3digitnaics_2022.txt,https://www2.census.gov/programs-surveys/susb/datasets/2022/msa_3digitnaics_2022.txt,https://www.census.gov/data/datasets/2022/econ/susb/2022-susb.html,"reference year 2022; MSA dataset originally released 2025-05-29, revised 2025-07-22 (extraneous estimates removed; remaining estimates unchanged)","mid-March payroll employment at employer establishments, classified by enterprise (firm) employment size; primary split firms <500 vs 500+ employees (SBA cutoff)","U.S. Census Bureau, Statistics of U.S. Businesses (SUSB), 2022 Annual Datasets by Establishment Industry — msa_3digitnaics_2022.txt (all-industry NAICS=--, enterprise employment size); reference year 2022; MSA dataset originally released 2025-05-29, revised 2025-07-22 (extraneous estimates removed; remaining estimates unchanged); measures mid-March payroll employment at employer establishments, classified by enterprise (firm) employment size; primary split firms <500 vs 500+ employees (SBA cutoff). File: https://www2.census.gov/programs-surveys/susb/datasets/2022/msa_3digitnaics_2022.txt Landing page: https://www.census.gov/data/datasets/2022/econ/susb/2022-susb.html",763119,26258,32147,45633,140385,119964,244423,364387,398732,3.4408788144444054,4.2125802135708845,5.979801315391177,18.396213434601943,15.72022187889438,32.02947377800841,47.74969565690279,52.25030434309721,False,763119,0,763119,0,
33460,"Minneapolis-St. Paul-Bloomington, MN-WI Metro Area",metro,2022,standard_01_09,RETRIEVED,U.S. Census Bureau,Statistics of U.S. Businesses (SUSB),U.S. Census Bureau Statistics of U.S. Businesses (SUSB) 2022,msa_3digitnaics_2022.txt,https://www2.census.gov/programs-surveys/susb/datasets/2022/msa_3digitnaics_2022.txt,https://www.census.gov/data/datasets/2022/econ/susb/2022-susb.html,"reference year 2022; MSA dataset originally released 2025-05-29, revised 2025-07-22 (extraneous estimates removed; remaining estimates unchanged)","mid-March payroll employment at employer establishments, classified by enterprise (firm) employment size; primary split firms <500 vs 500+ employees (SBA cutoff)","U.S. Census Bureau, Statistics of U.S. Businesses (SUSB), 2022 Annual Datasets by Establishment Industry — msa_3digitnaics_2022.txt (all-industry NAICS=--, enterprise employment size); reference year 2022; MSA dataset originally released 2025-05-29, revised 2025-07-22 (extraneous estimates removed; remaining estimates unchanged); measures mid-March payroll employment at employer establishments, classified by enterprise (firm) employment size; primary split firms <500 vs 500+ employees (SBA cutoff). File: https://www2.census.gov/programs-surveys/susb/datasets/2022/msa_3digitnaics_2022.txt Landing page: https://www.census.gov/data/datasets/2022/econ/susb/2022-susb.html",1840739,66853,72892,108906,314513,280204,563164,843368,997371,3.6318565532647487,3.959931310196611,5.916428130223785,17.086235473904775,15.222364495998617,30.59445146758992,45.81681596358854,54.18318403641146,False,1840739,0,1840739,0,
33500,"Minot, ND Metro Area",metro,2022,standard_01_09,RETRIEVED,U.S. Census Bureau,Statistics of U.S. Businesses (SUSB),U.S. Census Bureau Statistics of U.S. Businesses (SUSB) 2022,msa_3digitnaics_2022.txt,https://www2.census.gov/programs-surveys/susb/datasets/2022/msa_3digitnaics_2022.txt,https://www.census.gov/data/datasets/2022/econ/susb/2022-susb.html,"reference year 2022; MSA dataset originally released 2025-05-29, revised 2025-07-22 (extraneous estimates removed; remaining estimates unchanged)","mid-March payroll employment at employer establishments, classified by enterprise (firm) employment size; primary split firms <500 vs 500+ employees (SBA cutoff)","U.S. Census Bureau, Statistics of U.S. Businesses (SUSB), 2022 Annual Datasets by Establishment Industry — msa_3digitnaics_2022.txt (all-industry NAICS=--, enterprise employment size); reference year 2022; MSA dataset originally released 2025-05-29, revised 2025-07-22 (extraneous estimates removed; remaining estimates unchanged); measures mid-March payroll employment at employer establishments, classified by enterprise (firm) employment size; primary split firms <500 vs 500+ employees (SBA cutoff). File: https://www2.census.gov/programs-surveys/susb/datasets/2022/msa_3digitnaics_2022.txt Landing page: https://www.census.gov/data/datasets/2022/econ/susb/2022-susb.html",26609,1620,1846,2530,5473,4824,11469,16293,10316,6.088165658235935,6.9375023488293435,9.508061182306738,20.568228794768686,18.129204404524785,43.101957984140704,61.23116238866549,38.76883761133451,False,26609,0,26609,0,
33540,"Missoula, MT Metro Area",metro,2022,standard_01_09,RETRIEVED,U.S. Census Bureau,Statistics of U.S. Businesses (SUSB),U.S. Census Bureau Statistics of U.S. Businesses (SUSB) 2022,msa_3digitnaics_2022.txt,https://www2.census.gov/programs-surveys/susb/datasets/2022/msa_3digitnaics_2022.txt,https://www.census.gov/data/datasets/2022/econ/susb/2022-susb.html,"reference year 2022; MSA dataset originally released 2025-05-29, revised 2025-07-22 (extraneous estimates removed; remaining estimates unchanged)","mid-March payroll employment at employer establishments, classified by enterprise (firm) employment size; primary split firms <500 vs 500+ employees (SBA cutoff)","U.S. Census Bureau, Statistics of U.S. Businesses (SUSB), 2022 Annual Datasets by Establishment Industry — msa_3digitnaics_2022.txt (all-industry NAICS=--, enterprise employment size); reference year 2022; MSA dataset originally released 2025-05-29, revised 2025-07-22 (extraneous estimates removed; remaining estimates unchanged); measures mid-March payroll employment at employer establishments, classified by enterprise (firm) employment size; primary split firms <500 vs 500+ employees (SBA cutoff). File: https://www2.census.gov/programs-surveys/susb/datasets/2022/msa_3digitnaics_2022.txt Landing page: https://www.census.gov/data/datasets/2022/econ/susb/2022-susb.html",53147,3863,4490,5897,12573,9394,26823,36217,16930,7.2685193896174765,8.448266129790957,11.095640393625228,23.657026737162962,17.675503791371103,50.46945265019662,68.14495644156773,31.85504355843227,False,53147,0,53147,0,
33660,"Mobile, AL Metro Area",metro,2022,standard_01_09,RETRIEVED,U.S. Census Bureau,Statistics of U.S. Businesses (SUSB),U.S. Census Bureau Statistics of U.S. Businesses (SUSB) 2022,msa_3digitnaics_2022.txt,https://www2.census.gov/programs-surveys/susb/datasets/2022/msa_3digitnaics_2022.txt,https://www.census.gov/data/datasets/2022/econ/susb/2022-susb.html,"reference year 2022; MSA dataset originally released 2025-05-29, revised 2025-07-22 (extraneous estimates removed; remaining estimates unchanged)","mid-March payroll employment at employer establishments, classified by enterprise (firm) employment size; primary split firms <500 vs 500+ employees (SBA cutoff)","U.S. Census Bureau, Statistics of U.S. Businesses (SUSB), 2022 Annual Datasets by Establishment Industry — msa_3digitnaics_2022.txt (all-industry NAICS=--, enterprise employment size); reference year 2022; MSA dataset originally released 2025-05-29, revised 2025-07-22 (extraneous estimates removed; remaining estimates unchanged); measures mid-March payroll employment at employer establishments, classified by enterprise (firm) employment size; primary split firms <500 vs 500+ employees (SBA cutoff). File: https://www2.census.gov/programs-surveys/susb/datasets/2022/msa_3digitnaics_2022.txt Landing page: https://www.census.gov/data/datasets/2022/econ/susb/2022-susb.html",152767,5935,7360,9544,24224,23726,47063,70789,81978,3.8850013419128477,4.8177944189517365,6.2474225454450245,15.856827718028109,15.530841084789254,30.807046024337716,46.337887109126974,53.662112890873026,False,152767,0,152767,0,
33700,"Modesto, CA Metro Area",metro,2022,standard_01_09,RETRIEVED,U.S. Census Bureau,Statistics of U.S. Businesses (SUSB),U.S. Census Bureau Statistics of U.S. Businesses (SUSB) 2022,msa_3digitnaics_2022.txt,https://www2.census.gov/programs-surveys/susb/datasets/2022/msa_3digitnaics_2022.txt,https://www.census.gov/data/datasets/2022/econ/susb/2022-susb.html,"reference year 2022; MSA dataset originally released 2025-05-29, revised 2025-07-22 (extraneous estimates removed; remaining estimates unchanged)","mid-March payroll employment at employer establishments, classified by enterprise (firm) employment size; primary split firms <500 vs 500+ employees (SBA cutoff)","U.S. Census Bureau, Statistics of U.S. Businesses (SUSB), 2022 Annual Datasets by Establishment Industry — msa_3digitnaics_2022.txt (all-industry NAICS=--, enterprise employment size); reference year 2022; MSA dataset originally released 2025-05-29, revised 2025-07-22 (extraneous estimates removed; remaining estimates unchanged); measures mid-March payroll employment at employer establishments, classified by enterprise (firm) employment size; primary split firms <500 vs 500+ employees (SBA cutoff). File: https://www2.census.gov/programs-surveys/susb/datasets/2022/msa_3digitnaics_2022.txt Landing page: https://www.census.gov/data/datasets/2022/econ/susb/2022-susb.html",151505,7283,9147,12391,27309,22459,56130,78589,72916,4.807102075839081,6.037424507441998,8.178607966733772,18.02514768489489,14.823933203524636,37.04828223490974,51.872215438434374,48.127784561565626,False,151505,0,151505,0,
33740,"Monroe, LA Metro Area",metro,2022,standard_01_09,RETRIEVED,U.S. Census Bureau,Statistics of U.S. Businesses (SUSB),U.S. Census Bureau Statistics of U.S. Businesses (SUSB) 2022,msa_3digitnaics_2022.txt,https://www2.census.gov/programs-surveys/susb/datasets/2022/msa_3digitnaics_2022.txt,https://www.census.gov/data/datasets/2022/econ/susb/2022-susb.html,"reference year 2022; MSA dataset originally released 2025-05-29, revised 2025-07-22 (extraneous estimates removed; remaining estimates unchanged)","mid-March payroll employment at employer establishments, classified by enterprise (firm) employment size; primary split firms <500 vs 500+ employees (SBA cutoff)","U.S. Census Bureau, Statistics of U.S. Businesses (SUSB), 2022 Annual Datasets by Establishment Industry — msa_3digitnaics_2022.txt (all-industry NAICS=--, enterprise employment size); reference year 2022; MSA dataset originally released 2025-05-29, revised 2025-07-22 (extraneous estimates removed; remaining estimates unchanged); measures mid-March payroll employment at employer establishments, classified by enterprise (firm) employment size; primary split firms <500 vs 500+ employees (SBA cutoff). File: https://www2.census.gov/programs-surveys/susb/datasets/2022/msa_3digitnaics_2022.txt Landing page: https://www.census.gov/data/datasets/2022/econ/susb/2022-susb.html",72468,3869,4795,6618,15672,12420,30954,43374,29094,5.338908207760666,6.616713583926699,9.13230667329028,21.6260970359331,17.138599105812222,42.71402550091074,59.85262460672297,40.14737539327703,False,72468,0,72468,0,
33780,"Monroe, MI Metro Area",metro,2022,standard_01_09,RETRIEVED,U.S. Census Bureau,Statistics of U.S. Businesses (SUSB),U.S. Census Bureau Statistics of U.S. Businesses (SUSB) 2022,msa_3digitnaics_2022.txt,https://www2.census.gov/programs-surveys/susb/datasets/2022/msa_3digitnaics_2022.txt,https://www.census.gov/data/datasets/2022/econ/susb/2022-susb.html,"reference year 2022; MSA dataset originally released 2025-05-29, revised 2025-07-22 (extraneous estimates removed; remaining estimates unchanged)","mid-March payroll employment at employer establishments, classified by enterprise (firm) employment size; primary split firms <500 vs 500+ employees (SBA cutoff)","U.S. Census Bureau, Statistics of U.S. Businesses (SUSB), 2022 Annual Datasets by Establishment Industry — msa_3digitnaics_2022.txt (all-industry NAICS=--, enterprise employment size); reference year 2022; MSA dataset originally released 2025-05-29, revised 2025-07-22 (extraneous estimates removed; remaining estimates unchanged); measures mid-March payroll employment at employer establishments, classified by enterprise (firm) employment size; primary split firms <500 vs 500+ employees (SBA cutoff). File: https://www2.census.gov/programs-surveys/susb/datasets/2022/msa_3digitnaics_2022.txt Landing page: https://www.census.gov/data/datasets/2022/econ/susb/2022-susb.html",36499,1688,2402,2907,7639,4222,14636,18858,17641,4.624784240664128,6.581002219238883,7.964601769911504,20.929340529877532,11.567440203841201,40.09972875969205,51.66716896353325,48.33283103646675,False,36499,0,36499,0,
33860,"Montgomery, AL Metro Area",metro,2022,standard_01_09,RETRIEVED,U.S. Census Bureau,Statistics of U.S. Businesses (SUSB),U.S. Census Bureau Statistics of U.S. Businesses (SUSB) 2022,msa_3digitnaics_2022.txt,https://www2.census.gov/programs-surveys/susb/datasets/2022/msa_3digitnaics_2022.txt,https://www.census.gov/data/datasets/2022/econ/susb/2022-susb.html,"reference year 2022; MSA dataset originally released 2025-05-29, revised 2025-07-22 (extraneous estimates removed; remaining estimates unchanged)","mid-March payroll employment at employer establishments, classified by enterprise (firm) employment size; primary split firms <500 vs 500+ employees (SBA cutoff)","U.S. Census Bureau, Statistics of U.S. Businesses (SUSB), 2022 Annual Datasets by Establishment Industry — msa_3digitnaics_2022.txt (all-industry NAICS=--, enterprise employment size); reference year 2022; MSA dataset originally released 2025-05-29, revised 2025-07-22 (extraneous estimates removed; remaining estimates unchanged); measures mid-March payroll employment at employer establishments, classified by enterprise (firm) employment size; primary split firms <500 vs 500+ employees (SBA cutoff). File: https://www2.census.gov/programs-surveys/susb/datasets/2022/msa_3digitnaics_2022.txt Landing page: https://www.census.gov/data/datasets/2022/econ/susb/2022-susb.html",131323,5338,6181,8879,24438,19926,44836,64762,66561,4.064786823328739,4.7067155029964285,6.761191870426353,18.609078379263345,15.173275054636278,34.141772576014866,49.315047630651144,50.684952369348856,False,131323,0,131323,0,
34060,"Morgantown, WV Metro Area",metro,2022,standard_01_09,RETRIEVED,U.S. Census Bureau,Statistics of U.S. Businesses (SUSB),U.S. Census Bureau Statistics of U.S. Businesses (SUSB) 2022,msa_3digitnaics_2022.txt,https://www2.census.gov/programs-surveys/susb/datasets/2022/msa_3digitnaics_2022.txt,https://www.census.gov/data/datasets/2022/econ/susb/2022-susb.html,"reference year 2022; MSA dataset originally released 2025-05-29, revised 2025-07-22 (extraneous estimates removed; remaining estimates unchanged)","mid-March payroll employment at employer establishments, classified by enterprise (firm) employment size; primary split firms <500 vs 500+ employees (SBA cutoff)","U.S. Census Bureau, Statistics of U.S. Businesses (SUSB), 2022 Annual Datasets by Establishment Industry — msa_3digitnaics_2022.txt (all-industry NAICS=--, enterprise employment size); reference year 2022; MSA dataset originally released 2025-05-29, revised 2025-07-22 (extraneous estimates removed; remaining estimates unchanged); measures mid-March payroll employment at employer establishments, classified by enterprise (firm) employment size; primary split firms <500 vs 500+ employees (SBA cutoff). File: https://www2.census.gov/programs-surveys/susb/datasets/2022/msa_3digitnaics_2022.txt Landing page: https://www.census.gov/data/datasets/2022/econ/susb/2022-susb.html",55620,1897,2652,3357,7483,5785,15389,21174,34446,3.4106436533621,4.7680690399137005,6.035598705501618,13.453793599424667,10.400934915498022,27.668104998202086,38.06903991370011,61.93096008629989,False,55620,0,55620,0,
34100,"Morristown, TN Metro Area",metro,2022,standard_01_09,RETRIEVED,U.S. Census Bureau,Statistics of U.S. Businesses (SUSB),U.S. Census Bureau Statistics of U.S. Businesses (SUSB) 2022,msa_3digitnaics_2022.txt,https://www2.census.gov/programs-surveys/susb/datasets/2022/msa_3digitnaics_2022.txt,https://www.census.gov/data/datasets/2022/econ/susb/2022-susb.html,"reference year 2022; MSA dataset originally released 2025-05-29, revised 2025-07-22 (extraneous estimates removed; remaining estimates unchanged)","mid-March payroll employment at employer establishments, classified by enterprise (firm) employment size; primary split firms <500 vs 500+ employees (SBA cutoff)","U.S. Census Bureau, Statistics of U.S. Businesses (SUSB), 2022 Annual Datasets by Establishment Industry — msa_3digitnaics_2022.txt (all-industry NAICS=--, enterprise employment size); reference year 2022; MSA dataset originally released 2025-05-29, revised 2025-07-22 (extraneous estimates removed; remaining estimates unchanged); measures mid-March payroll employment at employer establishments, classified by enterprise (firm) employment size; primary split firms <500 vs 500+ employees (SBA cutoff). File: https://www2.census.gov/programs-surveys/susb/datasets/2022/msa_3digitnaics_2022.txt Landing page: https://www.census.gov/data/datasets/2022/econ/susb/2022-susb.html",40949,1538,1770,2094,5614,5453,11016,16469,24480,3.7558914747612886,4.322449876675865,5.113677989694498,13.709736501501869,13.316564507069769,26.90175584263352,40.21832034970329,59.78167965029671,False,40949,0,40949,0,
34580,"Mount Vernon-Anacortes, WA Metro Area",metro,2022,standard_01_09,RETRIEVED,U.S. Census Bureau,Statistics of U.S. Businesses (SUSB),U.S. Census Bureau Statistics of U.S. Businesses (SUSB) 2022,msa_3digitnaics_2022.txt,https://www2.census.gov/programs-surveys/susb/datasets/2022/msa_3digitnaics_2022.txt,https://www.census.gov/data/datasets/2022/econ/susb/2022-susb.html,"reference year 2022; MSA dataset originally released 2025-05-29, revised 2025-07-22 (extraneous estimates removed; remaining estimates unchanged)","mid-March payroll employment at employer establishments, classified by enterprise (firm) employment size; primary split firms <500 vs 500+ employees (SBA cutoff)","U.S. Census Bureau, Statistics of U.S. Businesses (SUSB), 2022 Annual Datasets by Establishment Industry — msa_3digitnaics_2022.txt (all-industry NAICS=--, enterprise employment size); reference year 2022; MSA dataset originally released 2025-05-29, revised 2025-07-22 (extraneous estimates removed; remaining estimates unchanged); measures mid-March payroll employment at employer establishments, classified by enterprise (firm) employment size; primary split firms <500 vs 500+ employees (SBA cutoff). File: https://www2.census.gov/programs-surveys/susb/datasets/2022/msa_3digitnaics_2022.txt Landing page: https://www.census.gov/data/datasets/2022/econ/susb/2022-susb.html",43347,2860,3299,4542,9444,5721,20145,25866,17481,6.597919117816689,7.610676632754285,10.478233787805385,21.78697487715413,13.198145200359887,46.47380441553049,59.67194961589037,40.32805038410963,False,43347,0,43347,0,
34620,"Muncie, IN Metro Area",metro,2022,standard_01_09,RETRIEVED,U.S. Census Bureau,Statistics of U.S. Businesses (SUSB),U.S. Census Bureau Statistics of U.S. Businesses (SUSB) 2022,msa_3digitnaics_2022.txt,https://www2.census.gov/programs-surveys/susb/datasets/2022/msa_3digitnaics_2022.txt,https://www.census.gov/data/datasets/2022/econ/susb/2022-susb.html,"reference year 2022; MSA dataset originally released 2025-05-29, revised 2025-07-22 (extraneous estimates removed; remaining estimates unchanged)","mid-March payroll employment at employer establishments, classified by enterprise (firm) employment size; primary split firms <500 vs 500+ employees (SBA cutoff)","U.S. Census Bureau, Statistics of U.S. Businesses (SUSB), 2022 Annual Datasets by Establishment Industry — msa_3digitnaics_2022.txt (all-industry NAICS=--, enterprise employment size); reference year 2022; MSA dataset originally released 2025-05-29, revised 2025-07-22 (extraneous estimates removed; remaining estimates unchanged); measures mid-March payroll employment at employer establishments, classified by enterprise (firm) employment size; primary split firms <500 vs 500+ employees (SBA cutoff). File: https://www2.census.gov/programs-surveys/susb/datasets/2022/msa_3digitnaics_2022.txt Landing page: https://www.census.gov/data/datasets/2022/econ/susb/2022-susb.html",40300,1463,1944,2361,6730,5680,12498,18178,22122,3.630272952853598,4.823821339950372,5.858560794044665,16.699751861042184,14.094292803970223,31.01240694789082,45.10669975186104,54.89330024813896,False,40300,0,40300,0,
34740,"Muskegon-Norton Shores, MI Metro Area",metro,2022,standard_01_09,RETRIEVED,U.S. Census Bureau,Statistics of U.S. Businesses (SUSB),U.S. Census Bureau Statistics of U.S. Businesses (SUSB) 2022,msa_3digitnaics_2022.txt,https://www2.census.gov/programs-surveys/susb/datasets/2022/msa_3digitnaics_2022.txt,https://www.census.gov/data/datasets/2022/econ/susb/2022-susb.html,"reference year 2022; MSA dataset originally released 2025-05-29, revised 2025-07-22 (extraneous estimates removed; remaining estimates unchanged)","mid-March payroll employment at employer establishments, classified by enterprise (firm) employment size; primary split firms <500 vs 500+ employees (SBA cutoff)","U.S. Census Bureau, Statistics of U.S. Businesses (SUSB), 2022 Annual Datasets by Establishment Industry — msa_3digitnaics_2022.txt (all-industry NAICS=--, enterprise employment size); reference year 2022; MSA dataset originally released 2025-05-29, revised 2025-07-22 (extraneous estimates removed; remaining estimates unchanged); measures mid-March payroll employment at employer establishments, classified by enterprise (firm) employment size; primary split firms <500 vs 500+ employees (SBA cutoff). File: https://www2.census.gov/programs-surveys/susb/datasets/2022/msa_3digitnaics_2022.txt Landing page: https://www.census.gov/data/datasets/2022/econ/susb/2022-susb.html",52813,1970,3060,4135,10066,7832,19231,27063,25750,3.7301421998371613,5.794027985533865,7.829511673262265,19.059701209929372,14.829682085850076,36.413383068562666,51.24306515441274,48.75693484558726,False,52813,0,52813,0,
34820,"Myrtle Beach-Conway-North Myrtle Beach, SC Metro Area",metro,2022,standard_01_09,RETRIEVED,U.S. Census Bureau,Statistics of U.S. Businesses (SUSB),U.S. Census Bureau Statistics of U.S. Businesses (SUSB) 2022,msa_3digitnaics_2022.txt,https://www2.census.gov/programs-surveys/susb/datasets/2022/msa_3digitnaics_2022.txt,https://www.census.gov/data/datasets/2022/econ/susb/2022-susb.html,"reference year 2022; MSA dataset originally released 2025-05-29, revised 2025-07-22 (extraneous estimates removed; remaining estimates unchanged)","mid-March payroll employment at employer establishments, classified by enterprise (firm) employment size; primary split firms <500 vs 500+ employees (SBA cutoff)","U.S. Census Bureau, Statistics of U.S. Businesses (SUSB), 2022 Annual Datasets by Establishment Industry — msa_3digitnaics_2022.txt (all-industry NAICS=--, enterprise employment size); reference year 2022; MSA dataset originally released 2025-05-29, revised 2025-07-22 (extraneous estimates removed; remaining estimates unchanged); measures mid-March payroll employment at employer establishments, classified by enterprise (firm) employment size; primary split firms <500 vs 500+ employees (SBA cutoff). File: https://www2.census.gov/programs-surveys/susb/datasets/2022/msa_3digitnaics_2022.txt Landing page: https://www.census.gov/data/datasets/2022/econ/susb/2022-susb.html",118467,7601,8297,11179,28962,13701,56039,69740,48727,6.416132762710291,7.003638143955701,9.436383127790862,24.447314441996504,11.565246017878396,47.30346847645336,58.868714494331755,41.131285505668245,False,118467,0,118467,0,
34900,"Napa, CA Metro Area",metro,2022,standard_01_09,RETRIEVED,U.S. Census Bureau,Statistics of U.S. Businesses (SUSB),U.S. Census Bureau Statistics of U.S. Businesses (SUSB) 2022,msa_3digitnaics_2022.txt,https://www2.census.gov/programs-surveys/susb/datasets/2022/msa_3digitnaics_2022.txt,https://www.census.gov/data/datasets/2022/econ/susb/2022-susb.html,"reference year 2022; MSA dataset originally released 2025-05-29, revised 2025-07-22 (extraneous estimates removed; remaining estimates unchanged)","mid-March payroll employment at employer establishments, classified by enterprise (firm) employment size; primary split firms <500 vs 500+ employees (SBA cutoff)","U.S. Census Bureau, Statistics of U.S. Businesses (SUSB), 2022 Annual Datasets by Establishment Industry — msa_3digitnaics_2022.txt (all-industry NAICS=--, enterprise employment size); reference year 2022; MSA dataset originally released 2025-05-29, revised 2025-07-22 (extraneous estimates removed; remaining estimates unchanged); measures mid-March payroll employment at employer establishments, classified by enterprise (firm) employment size; primary split firms <500 vs 500+ employees (SBA cutoff). File: https://www2.census.gov/programs-surveys/susb/datasets/2022/msa_3digitnaics_2022.txt Landing page: https://www.census.gov/data/datasets/2022/econ/susb/2022-susb.html",65151,3554,4375,5916,16704,12394,30549,42943,22208,5.4550198769013525,6.7151693757578546,9.080443891881936,25.63890040060782,19.02349925557551,46.889533545148964,65.91303280072447,34.08696719927553,False,65151,0,65151,0,
34940,"Naples-Marco Island, FL Metro Area",metro,2022,standard_01_09,RETRIEVED,U.S. Census Bureau,Statistics of U.S. Businesses (SUSB),U.S. Census Bureau Statistics of U.S. Businesses (SUSB) 2022,msa_3digitnaics_2022.txt,https://www2.census.gov/programs-surveys/susb/datasets/2022/msa_3digitnaics_2022.txt,https://www.census.gov/data/datasets/2022/econ/susb/2022-susb.html,"reference year 2022; MSA dataset originally released 2025-05-29, revised 2025-07-22 (extraneous estimates removed; remaining estimates unchanged)","mid-March payroll employment at employer establishments, classified by enterprise (firm) employment size; primary split firms <500 vs 500+ employees (SBA cutoff)","U.S. Census Bureau, Statistics of U.S. Businesses (SUSB), 2022 Annual Datasets by Establishment Industry — msa_3digitnaics_2022.txt (all-industry NAICS=--, enterprise employment size); reference year 2022; MSA dataset originally released 2025-05-29, revised 2025-07-22 (extraneous estimates removed; remaining estimates unchanged); measures mid-March payroll employment at employer establishments, classified by enterprise (firm) employment size; primary split firms <500 vs 500+ employees (SBA cutoff). File: https://www2.census.gov/programs-surveys/susb/datasets/2022/msa_3digitnaics_2022.txt Landing page: https://www.census.gov/data/datasets/2022/econ/susb/2022-susb.html",145185,11966,9918,12937,32706,25088,67527,92615,52570,8.241898267727382,6.831284223576816,8.91070014119916,22.52712057030685,17.28002204084444,46.51100320281021,63.791025243654644,36.208974756345356,False,145185,0,145185,0,
34980,"Nashville-Davidson--Murfreesboro--Franklin, TN Metro Area",metro,2022,standard_01_09,RETRIEVED,U.S. Census Bureau,Statistics of U.S. Businesses (SUSB),U.S. Census Bureau Statistics of U.S. Businesses (SUSB) 2022,msa_3digitnaics_2022.txt,https://www2.census.gov/programs-surveys/susb/datasets/2022/msa_3digitnaics_2022.txt,https://www.census.gov/data/datasets/2022/econ/susb/2022-susb.html,"reference year 2022; MSA dataset originally released 2025-05-29, revised 2025-07-22 (extraneous estimates removed; remaining estimates unchanged)","mid-March payroll employment at employer establishments, classified by enterprise (firm) employment size; primary split firms <500 vs 500+ employees (SBA cutoff)","U.S. Census Bureau, Statistics of U.S. Businesses (SUSB), 2022 Annual Datasets by Establishment Industry — msa_3digitnaics_2022.txt (all-industry NAICS=--, enterprise employment size); reference year 2022; MSA dataset originally released 2025-05-29, revised 2025-07-22 (extraneous estimates removed; remaining estimates unchanged); measures mid-March payroll employment at employer establishments, classified by enterprise (firm) employment size; primary split firms <500 vs 500+ employees (SBA cutoff). File: https://www2.census.gov/programs-surveys/susb/datasets/2022/msa_3digitnaics_2022.txt Landing page: https://www.census.gov/data/datasets/2022/econ/susb/2022-susb.html",953416,32929,40420,54100,147516,119878,274965,394843,558573,3.453791419485303,4.239492519529775,5.674333134749155,15.472364634115642,12.573525092929005,28.839981707879875,41.41350680080888,58.58649319919112,False,953416,0,953416,0,
35300,"New Haven, CT Metro Area",metro,2022,standard_01_09,RETRIEVED,U.S. Census Bureau,Statistics of U.S. Businesses (SUSB),U.S. Census Bureau Statistics of U.S. Businesses (SUSB) 2022,msa_3digitnaics_2022.txt,https://www2.census.gov/programs-surveys/susb/datasets/2022/msa_3digitnaics_2022.txt,https://www.census.gov/data/datasets/2022/econ/susb/2022-susb.html,"reference year 2022; MSA dataset originally released 2025-05-29, revised 2025-07-22 (extraneous estimates removed; remaining estimates unchanged)","mid-March payroll employment at employer establishments, classified by enterprise (firm) employment size; primary split firms <500 vs 500+ employees (SBA cutoff)","U.S. Census Bureau, Statistics of U.S. Businesses (SUSB), 2022 Annual Datasets by Establishment Industry — msa_3digitnaics_2022.txt (all-industry NAICS=--, enterprise employment size); reference year 2022; MSA dataset originally released 2025-05-29, revised 2025-07-22 (extraneous estimates removed; remaining estimates unchanged); measures mid-March payroll employment at employer establishments, classified by enterprise (firm) employment size; primary split firms <500 vs 500+ employees (SBA cutoff). File: https://www2.census.gov/programs-surveys/susb/datasets/2022/msa_3digitnaics_2022.txt Landing page: https://www.census.gov/data/datasets/2022/econ/susb/2022-susb.html",259228,10443,12843,17626,43780,35691,84692,120383,138845,4.028500007715216,4.954325921582545,6.799419815760643,16.88860771212986,13.768188621599519,32.670853457188265,46.439042078787786,53.560957921212214,False,259228,0,259228,0,
35380,"New Orleans-Metairie, LA Metro Area",metro,2022,standard_01_09,RETRIEVED,U.S. Census Bureau,Statistics of U.S. Businesses (SUSB),U.S. Census Bureau Statistics of U.S. Businesses (SUSB) 2022,msa_3digitnaics_2022.txt,https://www2.census.gov/programs-surveys/susb/datasets/2022/msa_3digitnaics_2022.txt,https://www.census.gov/data/datasets/2022/econ/susb/2022-susb.html,"reference year 2022; MSA dataset originally released 2025-05-29, revised 2025-07-22 (extraneous estimates removed; remaining estimates unchanged)","mid-March payroll employment at employer establishments, classified by enterprise (firm) employment size; primary split firms <500 vs 500+ employees (SBA cutoff)","U.S. Census Bureau, Statistics of U.S. Businesses (SUSB), 2022 Annual Datasets by Establishment Industry — msa_3digitnaics_2022.txt (all-industry NAICS=--, enterprise employment size); reference year 2022; MSA dataset originally released 2025-05-29, revised 2025-07-22 (extraneous estimates removed; remaining estimates unchanged); measures mid-March payroll employment at employer establishments, classified by enterprise (firm) employment size; primary split firms <500 vs 500+ employees (SBA cutoff). File: https://www2.census.gov/programs-surveys/susb/datasets/2022/msa_3digitnaics_2022.txt Landing page: https://www.census.gov/data/datasets/2022/econ/susb/2022-susb.html",400119,17998,22061,28581,75328,62052,143968,206020,194099,4.498161796865433,5.513609701113919,7.1431249203362,18.82639914625399,15.50838625508911,35.98129556456954,51.48968181965865,48.51031818034135,False,400119,0,400119,0,
35620,"New York-Newark-Jersey City, NY-NJ Metro Area",metro,2022,standard_01_09,RETRIEVED,U.S. Census Bureau,Statistics of U.S. Businesses (SUSB),U.S. Census Bureau Statistics of U.S. Businesses (SUSB) 2022,msa_3digitnaics_2022.txt,https://www2.census.gov/programs-surveys/susb/datasets/2022/msa_3digitnaics_2022.txt,https://www.census.gov/data/datasets/2022/econ/susb/2022-susb.html,"reference year 2022; MSA dataset originally released 2025-05-29, revised 2025-07-22 (extraneous estimates removed; remaining estimates unchanged)","mid-March payroll employment at employer establishments, classified by enterprise (firm) employment size; primary split firms <500 vs 500+ employees (SBA cutoff)","U.S. Census Bureau, Statistics of U.S. Businesses (SUSB), 2022 Annual Datasets by Establishment Industry — msa_3digitnaics_2022.txt (all-industry NAICS=--, enterprise employment size); reference year 2022; MSA dataset originally released 2025-05-29, revised 2025-07-22 (extraneous estimates removed; remaining estimates unchanged); measures mid-March payroll employment at employer establishments, classified by enterprise (firm) employment size; primary split firms <500 vs 500+ employees (SBA cutoff). File: https://www2.census.gov/programs-surveys/susb/datasets/2022/msa_3digitnaics_2022.txt Landing page: https://www.census.gov/data/datasets/2022/econ/susb/2022-susb.html",8206342,513382,471841,573554,1336845,1225619,2895622,4121241,4085101,6.2559176792778075,5.749711625472105,6.989155460496285,16.29038857995438,14.935022205996288,35.285173345200576,50.220195551196866,49.779804448803134,False,8206342,0,8206342,0,
35660,"Niles, MI Metro Area",metro,2022,standard_01_09,RETRIEVED,U.S. Census Bureau,Statistics of U.S. Businesses (SUSB),U.S. Census Bureau Statistics of U.S. Businesses (SUSB) 2022,msa_3digitnaics_2022.txt,https://www2.census.gov/programs-surveys/susb/datasets/2022/msa_3digitnaics_2022.txt,https://www.census.gov/data/datasets/2022/econ/susb/2022-susb.html,"reference year 2022; MSA dataset originally released 2025-05-29, revised 2025-07-22 (extraneous estimates removed; remaining estimates unchanged)","mid-March payroll employment at employer establishments, classified by enterprise (firm) employment size; primary split firms <500 vs 500+ employees (SBA cutoff)","U.S. Census Bureau, Statistics of U.S. Businesses (SUSB), 2022 Annual Datasets by Establishment Industry — msa_3digitnaics_2022.txt (all-industry NAICS=--, enterprise employment size); reference year 2022; MSA dataset originally released 2025-05-29, revised 2025-07-22 (extraneous estimates removed; remaining estimates unchanged); measures mid-March payroll employment at employer establishments, classified by enterprise (firm) employment size; primary split firms <500 vs 500+ employees (SBA cutoff). File: https://www2.census.gov/programs-surveys/susb/datasets/2022/msa_3digitnaics_2022.txt Landing page: https://www.census.gov/data/datasets/2022/econ/susb/2022-susb.html",52032,2504,3372,4148,10949,7622,20973,28595,23437,4.812423124231242,6.480627306273063,7.9720172201722015,21.042819803198032,14.648677736777367,40.307887453874535,54.95656519065191,45.04343480934809,False,52032,0,52032,0,
35840,"North Port-Bradenton-Sarasota, FL Metro Area",metro,2022,standard_01_09,RETRIEVED,U.S. Census Bureau,Statistics of U.S. Businesses (SUSB),U.S. Census Bureau Statistics of U.S. Businesses (SUSB) 2022,msa_3digitnaics_2022.txt,https://www2.census.gov/programs-surveys/susb/datasets/2022/msa_3digitnaics_2022.txt,https://www.census.gov/data/datasets/2022/econ/susb/2022-susb.html,"reference year 2022; MSA dataset originally released 2025-05-29, revised 2025-07-22 (extraneous estimates removed; remaining estimates unchanged)","mid-March payroll employment at employer establishments, classified by enterprise (firm) employment size; primary split firms <500 vs 500+ employees (SBA cutoff)","U.S. Census Bureau, Statistics of U.S. Businesses (SUSB), 2022 Annual Datasets by Establishment Industry — msa_3digitnaics_2022.txt (all-industry NAICS=--, enterprise employment size); reference year 2022; MSA dataset originally released 2025-05-29, revised 2025-07-22 (extraneous estimates removed; remaining estimates unchanged); measures mid-March payroll employment at employer establishments, classified by enterprise (firm) employment size; primary split firms <500 vs 500+ employees (SBA cutoff). File: https://www2.census.gov/programs-surveys/susb/datasets/2022/msa_3digitnaics_2022.txt Landing page: https://www.census.gov/data/datasets/2022/econ/susb/2022-susb.html",272404,22732,19149,22886,55240,38152,120007,158159,114245,8.34495822381463,7.029632457673162,8.40149190173419,20.278703690107342,14.005668051864143,44.05478627332932,58.06045432519346,41.93954567480654,False,272404,0,272404,0,
35980,"Norwich-New London-Willimantic, CT Metro Area",metro,2022,standard_01_09,RETRIEVED,U.S. Census Bureau,Statistics of U.S. Businesses (SUSB),U.S. Census Bureau Statistics of U.S. Businesses (SUSB) 2022,msa_3digitnaics_2022.txt,https://www2.census.gov/programs-surveys/susb/datasets/2022/msa_3digitnaics_2022.txt,https://www.census.gov/data/datasets/2022/econ/susb/2022-susb.html,"reference year 2022; MSA dataset originally released 2025-05-29, revised 2025-07-22 (extraneous estimates removed; remaining estimates unchanged)","mid-March payroll employment at employer establishments, classified by enterprise (firm) employment size; primary split firms <500 vs 500+ employees (SBA cutoff)","U.S. Census Bureau, Statistics of U.S. Businesses (SUSB), 2022 Annual Datasets by Establishment Industry — msa_3digitnaics_2022.txt (all-industry NAICS=--, enterprise employment size); reference year 2022; MSA dataset originally released 2025-05-29, revised 2025-07-22 (extraneous estimates removed; remaining estimates unchanged); measures mid-March payroll employment at employer establishments, classified by enterprise (firm) employment size; primary split firms <500 vs 500+ employees (SBA cutoff). File: https://www2.census.gov/programs-surveys/susb/datasets/2022/msa_3digitnaics_2022.txt Landing page: https://www.census.gov/data/datasets/2022/econ/susb/2022-susb.html",101175,4151,5610,7051,16146,12789,32958,45747,55428,4.102792191746973,5.5448480355819125,6.969112923152953,15.958487768717568,12.64047442550037,32.57524091919941,45.21571534469978,54.78428465530022,False,101175,0,101175,0,
36100,"Ocala, FL Metro Area",metro,2022,standard_01_09,RETRIEVED,U.S. Census Bureau,Statistics of U.S. Businesses (SUSB),U.S. Census Bureau Statistics of U.S. Businesses (SUSB) 2022,msa_3digitnaics_2022.txt,https://www2.census.gov/programs-surveys/susb/datasets/2022/msa_3digitnaics_2022.txt,https://www.census.gov/data/datasets/2022/econ/susb/2022-susb.html,"reference year 2022; MSA dataset originally released 2025-05-29, revised 2025-07-22 (extraneous estimates removed; remaining estimates unchanged)","mid-March payroll employment at employer establishments, classified by enterprise (firm) employment size; primary split firms <500 vs 500+ employees (SBA cutoff)","U.S. Census Bureau, Statistics of U.S. Businesses (SUSB), 2022 Annual Datasets by Establishment Industry — msa_3digitnaics_2022.txt (all-industry NAICS=--, enterprise employment size); reference year 2022; MSA dataset originally released 2025-05-29, revised 2025-07-22 (extraneous estimates removed; remaining estimates unchanged); measures mid-March payroll employment at employer establishments, classified by enterprise (firm) employment size; primary split firms <500 vs 500+ employees (SBA cutoff). File: https://www2.census.gov/programs-surveys/susb/datasets/2022/msa_3digitnaics_2022.txt Landing page: https://www.census.gov/data/datasets/2022/econ/susb/2022-susb.html",97716,6906,6370,7051,19254,10818,39581,50399,47317,7.067419869826845,6.518891481435999,7.215809079372876,19.704040279995088,11.070858405992878,40.50616071063081,51.57701911662369,48.42298088337631,False,97716,0,97716,0,
36220,"Odessa, TX Metro Area",metro,2022,standard_01_09,RETRIEVED,U.S. Census Bureau,Statistics of U.S. Businesses (SUSB),U.S. Census Bureau Statistics of U.S. Businesses (SUSB) 2022,msa_3digitnaics_2022.txt,https://www2.census.gov/programs-surveys/susb/datasets/2022/msa_3digitnaics_2022.txt,https://www.census.gov/data/datasets/2022/econ/susb/2022-susb.html,"reference year 2022; MSA dataset originally released 2025-05-29, revised 2025-07-22 (extraneous estimates removed; remaining estimates unchanged)","mid-March payroll employment at employer establishments, classified by enterprise (firm) employment size; primary split firms <500 vs 500+ employees (SBA cutoff)","U.S. Census Bureau, Statistics of U.S. Businesses (SUSB), 2022 Annual Datasets by Establishment Industry — msa_3digitnaics_2022.txt (all-industry NAICS=--, enterprise employment size); reference year 2022; MSA dataset originally released 2025-05-29, revised 2025-07-22 (extraneous estimates removed; remaining estimates unchanged); measures mid-March payroll employment at employer establishments, classified by enterprise (firm) employment size; primary split firms <500 vs 500+ employees (SBA cutoff). File: https://www2.census.gov/programs-surveys/susb/datasets/2022/msa_3digitnaics_2022.txt Landing page: https://www.census.gov/data/datasets/2022/econ/susb/2022-susb.html",61338,2390,3679,5078,13192,10062,24339,34401,26937,3.896442661971372,5.99791320225635,8.278717923636245,21.50705924549219,16.404186637973197,39.68013303335616,56.084319671329354,43.915680328670646,False,61338,0,61338,0,
36260,"Ogden, UT Metro Area",metro,2022,standard_01_09,RETRIEVED,U.S. Census Bureau,Statistics of U.S. Businesses (SUSB),U.S. Census Bureau Statistics of U.S. Businesses (SUSB) 2022,msa_3digitnaics_2022.txt,https://www2.census.gov/programs-surveys/susb/datasets/2022/msa_3digitnaics_2022.txt,https://www.census.gov/data/datasets/2022/econ/susb/2022-susb.html,"reference year 2022; MSA dataset originally released 2025-05-29, revised 2025-07-22 (extraneous estimates removed; remaining estimates unchanged)","mid-March payroll employment at employer establishments, classified by enterprise (firm) employment size; primary split firms <500 vs 500+ employees (SBA cutoff)","U.S. Census Bureau, Statistics of U.S. Businesses (SUSB), 2022 Annual Datasets by Establishment Industry — msa_3digitnaics_2022.txt (all-industry NAICS=--, enterprise employment size); reference year 2022; MSA dataset originally released 2025-05-29, revised 2025-07-22 (extraneous estimates removed; remaining estimates unchanged); measures mid-March payroll employment at employer establishments, classified by enterprise (firm) employment size; primary split firms <500 vs 500+ employees (SBA cutoff). File: https://www2.census.gov/programs-surveys/susb/datasets/2022/msa_3digitnaics_2022.txt Landing page: https://www.census.gov/data/datasets/2022/econ/susb/2022-susb.html",195082,11232,11398,16288,39694,25571,78612,104183,90899,5.7575788642724595,5.842671286946002,8.34930952112445,20.34734111809393,13.107821326416584,40.296900790436844,53.40472211685343,46.59527788314657,False,195082,0,195082,0,
36420,"Oklahoma City, OK Metro Area",metro,2022,standard_01_09,RETRIEVED,U.S. Census Bureau,Statistics of U.S. Businesses (SUSB),U.S. Census Bureau Statistics of U.S. Businesses (SUSB) 2022,msa_3digitnaics_2022.txt,https://www2.census.gov/programs-surveys/susb/datasets/2022/msa_3digitnaics_2022.txt,https://www.census.gov/data/datasets/2022/econ/susb/2022-susb.html,"reference year 2022; MSA dataset originally released 2025-05-29, revised 2025-07-22 (extraneous estimates removed; remaining estimates unchanged)","mid-March payroll employment at employer establishments, classified by enterprise (firm) employment size; primary split firms <500 vs 500+ employees (SBA cutoff)","U.S. Census Bureau, Statistics of U.S. Businesses (SUSB), 2022 Annual Datasets by Establishment Industry — msa_3digitnaics_2022.txt (all-industry NAICS=--, enterprise employment size); reference year 2022; MSA dataset originally released 2025-05-29, revised 2025-07-22 (extraneous estimates removed; remaining estimates unchanged); measures mid-March payroll employment at employer establishments, classified by enterprise (firm) employment size; primary split firms <500 vs 500+ employees (SBA cutoff). File: https://www2.census.gov/programs-surveys/susb/datasets/2022/msa_3digitnaics_2022.txt Landing page: https://www.census.gov/data/datasets/2022/econ/susb/2022-susb.html",531803,28154,29817,39131,99042,77813,196144,273957,257846,5.294065659652165,5.606775441281828,7.358175865875146,18.623813705451077,14.631921971105841,36.88283067226022,51.51475264336606,48.48524735663394,False,531803,0,531803,0,
36500,"Olympia-Lacey-Tumwater, WA Metro Area",metro,2022,standard_01_09,RETRIEVED,U.S. Census Bureau,Statistics of U.S. Businesses (SUSB),U.S. Census Bureau Statistics of U.S. Businesses (SUSB) 2022,msa_3digitnaics_2022.txt,https://www2.census.gov/programs-surveys/susb/datasets/2022/msa_3digitnaics_2022.txt,https://www.census.gov/data/datasets/2022/econ/susb/2022-susb.html,"reference year 2022; MSA dataset originally released 2025-05-29, revised 2025-07-22 (extraneous estimates removed; remaining estimates unchanged)","mid-March payroll employment at employer establishments, classified by enterprise (firm) employment size; primary split firms <500 vs 500+ employees (SBA cutoff)","U.S. Census Bureau, Statistics of U.S. Businesses (SUSB), 2022 Annual Datasets by Establishment Industry — msa_3digitnaics_2022.txt (all-industry NAICS=--, enterprise employment size); reference year 2022; MSA dataset originally released 2025-05-29, revised 2025-07-22 (extraneous estimates removed; remaining estimates unchanged); measures mid-March payroll employment at employer establishments, classified by enterprise (firm) employment size; primary split firms <500 vs 500+ employees (SBA cutoff). File: https://www2.census.gov/programs-surveys/susb/datasets/2022/msa_3digitnaics_2022.txt Landing page: https://www.census.gov/data/datasets/2022/econ/susb/2022-susb.html",79575,5199,6274,7920,16422,9754,35815,45569,34006,6.533459000942507,7.884385799560163,9.952874646559849,20.637134778510838,12.257618598806157,45.00785422557336,57.265472824379515,42.734527175620485,False,79575,0,79575,0,
36540,"Omaha, NE-IA Metro Area",metro,2022,standard_01_09,RETRIEVED,U.S. Census Bureau,Statistics of U.S. Businesses (SUSB),U.S. Census Bureau Statistics of U.S. Businesses (SUSB) 2022,msa_3digitnaics_2022.txt,https://www2.census.gov/programs-surveys/susb/datasets/2022/msa_3digitnaics_2022.txt,https://www.census.gov/data/datasets/2022/econ/susb/2022-susb.html,"reference year 2022; MSA dataset originally released 2025-05-29, revised 2025-07-22 (extraneous estimates removed; remaining estimates unchanged)","mid-March payroll employment at employer establishments, classified by enterprise (firm) employment size; primary split firms <500 vs 500+ employees (SBA cutoff)","U.S. Census Bureau, Statistics of U.S. Businesses (SUSB), 2022 Annual Datasets by Establishment Industry — msa_3digitnaics_2022.txt (all-industry NAICS=--, enterprise employment size); reference year 2022; MSA dataset originally released 2025-05-29, revised 2025-07-22 (extraneous estimates removed; remaining estimates unchanged); measures mid-March payroll employment at employer establishments, classified by enterprise (firm) employment size; primary split firms <500 vs 500+ employees (SBA cutoff). File: https://www2.census.gov/programs-surveys/susb/datasets/2022/msa_3digitnaics_2022.txt Landing page: https://www.census.gov/data/datasets/2022/econ/susb/2022-susb.html",436354,18012,18992,25976,74362,60851,137342,198193,238161,4.127841156492206,4.352429449483676,5.952964794639215,17.041668003501744,13.945328792677506,31.47490340411684,45.420232196794345,54.579767803205655,False,436354,0,436354,0,
36740,"Orlando-Kissimmee-Sanford, FL Metro Area",metro,2022,standard_01_09,RETRIEVED,U.S. Census Bureau,Statistics of U.S. Businesses (SUSB),U.S. Census Bureau Statistics of U.S. Businesses (SUSB) 2022,msa_3digitnaics_2022.txt,https://www2.census.gov/programs-surveys/susb/datasets/2022/msa_3digitnaics_2022.txt,https://www.census.gov/data/datasets/2022/econ/susb/2022-susb.html,"reference year 2022; MSA dataset originally released 2025-05-29, revised 2025-07-22 (extraneous estimates removed; remaining estimates unchanged)","mid-March payroll employment at employer establishments, classified by enterprise (firm) employment size; primary split firms <500 vs 500+ employees (SBA cutoff)","U.S. Census Bureau, Statistics of U.S. Businesses (SUSB), 2022 Annual Datasets by Establishment Industry — msa_3digitnaics_2022.txt (all-industry NAICS=--, enterprise employment size); reference year 2022; MSA dataset originally released 2025-05-29, revised 2025-07-22 (extraneous estimates removed; remaining estimates unchanged); measures mid-March payroll employment at employer establishments, classified by enterprise (firm) employment size; primary split firms <500 vs 500+ employees (SBA cutoff). File: https://www2.census.gov/programs-surveys/susb/datasets/2022/msa_3digitnaics_2022.txt Landing page: https://www.census.gov/data/datasets/2022/econ/susb/2022-susb.html",1192927,61647,49731,66277,154178,128861,331833,460694,732233,5.16770934013565,4.168821730080717,5.555830323230173,12.92434490962146,10.802085961672423,27.816706303068,38.61879226474042,61.38120773525958,False,1192927,0,1192927,0,
36780,"Oshkosh-Neenah, WI Metro Area",metro,2022,standard_01_09,RETRIEVED,U.S. Census Bureau,Statistics of U.S. Businesses (SUSB),U.S. Census Bureau Statistics of U.S. Businesses (SUSB) 2022,msa_3digitnaics_2022.txt,https://www2.census.gov/programs-surveys/susb/datasets/2022/msa_3digitnaics_2022.txt,https://www.census.gov/data/datasets/2022/econ/susb/2022-susb.html,"reference year 2022; MSA dataset originally released 2025-05-29, revised 2025-07-22 (extraneous estimates removed; remaining estimates unchanged)","mid-March payroll employment at employer establishments, classified by enterprise (firm) employment size; primary split firms <500 vs 500+ employees (SBA cutoff)","U.S. Census Bureau, Statistics of U.S. Businesses (SUSB), 2022 Annual Datasets by Establishment Industry — msa_3digitnaics_2022.txt (all-industry NAICS=--, enterprise employment size); reference year 2022; MSA dataset originally released 2025-05-29, revised 2025-07-22 (extraneous estimates removed; remaining estimates unchanged); measures mid-March payroll employment at employer establishments, classified by enterprise (firm) employment size; primary split firms <500 vs 500+ employees (SBA cutoff). File: https://www2.census.gov/programs-surveys/susb/datasets/2022/msa_3digitnaics_2022.txt Landing page: https://www.census.gov/data/datasets/2022/econ/susb/2022-susb.html",90158,2204,3015,4737,13521,12477,23477,35954,54204,2.4445972625834647,3.344129195412498,5.25410945229486,14.997005257436944,13.839038133055302,26.03984116772777,39.87887930078307,60.12112069921693,False,90158,0,90158,0,
36980,"Owensboro, KY Metro Area",metro,2022,standard_01_09,RETRIEVED,U.S. Census Bureau,Statistics of U.S. Businesses (SUSB),U.S. Census Bureau Statistics of U.S. Businesses (SUSB) 2022,msa_3digitnaics_2022.txt,https://www2.census.gov/programs-surveys/susb/datasets/2022/msa_3digitnaics_2022.txt,https://www.census.gov/data/datasets/2022/econ/susb/2022-susb.html,"reference year 2022; MSA dataset originally released 2025-05-29, revised 2025-07-22 (extraneous estimates removed; remaining estimates unchanged)","mid-March payroll employment at employer establishments, classified by enterprise (firm) employment size; primary split firms <500 vs 500+ employees (SBA cutoff)","U.S. Census Bureau, Statistics of U.S. Businesses (SUSB), 2022 Annual Datasets by Establishment Industry — msa_3digitnaics_2022.txt (all-industry NAICS=--, enterprise employment size); reference year 2022; MSA dataset originally released 2025-05-29, revised 2025-07-22 (extraneous estimates removed; remaining estimates unchanged); measures mid-March payroll employment at employer establishments, classified by enterprise (firm) employment size; primary split firms <500 vs 500+ employees (SBA cutoff). File: https://www2.census.gov/programs-surveys/susb/datasets/2022/msa_3digitnaics_2022.txt Landing page: https://www.census.gov/data/datasets/2022/econ/susb/2022-susb.html",44049,1704,2350,2881,6594,6344,13529,19873,24176,3.8684192603691345,5.334967876682785,6.540443596903448,14.96969284206225,14.402143067947058,30.713523576017618,45.11566664396467,54.88433335603533,False,44049,0,44049,0,
37100,"Oxnard-Thousand Oaks-Ventura, CA Metro Area",metro,2022,standard_01_09,RETRIEVED,U.S. Census Bureau,Statistics of U.S. Businesses (SUSB),U.S. Census Bureau Statistics of U.S. Businesses (SUSB) 2022,msa_3digitnaics_2022.txt,https://www2.census.gov/programs-surveys/susb/datasets/2022/msa_3digitnaics_2022.txt,https://www.census.gov/data/datasets/2022/econ/susb/2022-susb.html,"reference year 2022; MSA dataset originally released 2025-05-29, revised 2025-07-22 (extraneous estimates removed; remaining estimates unchanged)","mid-March payroll employment at employer establishments, classified by enterprise (firm) employment size; primary split firms <500 vs 500+ employees (SBA cutoff)","U.S. Census Bureau, Statistics of U.S. Businesses (SUSB), 2022 Annual Datasets by Establishment Industry — msa_3digitnaics_2022.txt (all-industry NAICS=--, enterprise employment size); reference year 2022; MSA dataset originally released 2025-05-29, revised 2025-07-22 (extraneous estimates removed; remaining estimates unchanged); measures mid-March payroll employment at employer establishments, classified by enterprise (firm) employment size; primary split firms <500 vs 500+ employees (SBA cutoff). File: https://www2.census.gov/programs-surveys/susb/datasets/2022/msa_3digitnaics_2022.txt Landing page: https://www.census.gov/data/datasets/2022/econ/susb/2022-susb.html",269050,18441,20121,24733,54617,38331,117912,156243,112807,6.8541163352536705,7.478535588180636,9.192715108715852,20.29994424828099,14.246794276156848,43.825311280431144,58.07210555658799,41.92789444341201,False,269050,0,269050,0,
37140,"Paducah, KY-IL Metro Area",metro,2022,standard_01_09,RETRIEVED,U.S. Census Bureau,Statistics of U.S. Businesses (SUSB),U.S. Census Bureau Statistics of U.S. Businesses (SUSB) 2022,msa_3digitnaics_2022.txt,https://www2.census.gov/programs-surveys/susb/datasets/2022/msa_3digitnaics_2022.txt,https://www.census.gov/data/datasets/2022/econ/susb/2022-susb.html,"reference year 2022; MSA dataset originally released 2025-05-29, revised 2025-07-22 (extraneous estimates removed; remaining estimates unchanged)","mid-March payroll employment at employer establishments, classified by enterprise (firm) employment size; primary split firms <500 vs 500+ employees (SBA cutoff)","U.S. Census Bureau, Statistics of U.S. Businesses (SUSB), 2022 Annual Datasets by Establishment Industry — msa_3digitnaics_2022.txt (all-industry NAICS=--, enterprise employment size); reference year 2022; MSA dataset originally released 2025-05-29, revised 2025-07-22 (extraneous estimates removed; remaining estimates unchanged); measures mid-March payroll employment at employer establishments, classified by enterprise (firm) employment size; primary split firms <500 vs 500+ employees (SBA cutoff). File: https://www2.census.gov/programs-surveys/susb/datasets/2022/msa_3digitnaics_2022.txt Landing page: https://www.census.gov/data/datasets/2022/econ/susb/2022-susb.html",40754,1737,2323,3438,7641,6722,15139,21861,18893,4.262158315748147,5.7000539824311725,8.435981744123277,18.749079844923198,16.49408647003975,37.14727388722579,53.64136035726555,46.35863964273445,False,40754,0,40754,0,
37340,"Palm Bay-Melbourne-Titusville, FL Metro Area",metro,2022,standard_01_09,RETRIEVED,U.S. Census Bureau,Statistics of U.S. Businesses (SUSB),U.S. Census Bureau Statistics of U.S. Businesses (SUSB) 2022,msa_3digitnaics_2022.txt,https://www2.census.gov/programs-surveys/susb/datasets/2022/msa_3digitnaics_2022.txt,https://www.census.gov/data/datasets/2022/econ/susb/2022-susb.html,"reference year 2022; MSA dataset originally released 2025-05-29, revised 2025-07-22 (extraneous estimates removed; remaining estimates unchanged)","mid-March payroll employment at employer establishments, classified by enterprise (firm) employment size; primary split firms <500 vs 500+ employees (SBA cutoff)","U.S. Census Bureau, Statistics of U.S. Businesses (SUSB), 2022 Annual Datasets by Establishment Industry — msa_3digitnaics_2022.txt (all-industry NAICS=--, enterprise employment size); reference year 2022; MSA dataset originally released 2025-05-29, revised 2025-07-22 (extraneous estimates removed; remaining estimates unchanged); measures mid-March payroll employment at employer establishments, classified by enterprise (firm) employment size; primary split firms <500 vs 500+ employees (SBA cutoff). File: https://www2.census.gov/programs-surveys/susb/datasets/2022/msa_3digitnaics_2022.txt Landing page: https://www.census.gov/data/datasets/2022/econ/susb/2022-susb.html",194219,13034,12050,14995,34645,22976,74724,97700,96519,6.710980903001251,6.204336341964483,7.7206658462869235,17.838110586502864,11.829944547134936,38.474093677755526,50.30403822489046,49.69596177510954,False,194219,0,194219,0,
37460,"Panama City-Panama City Beach, FL Metro Area",metro,2022,standard_01_09,RETRIEVED,U.S. Census Bureau,Statistics of U.S. Businesses (SUSB),U.S. Census Bureau Statistics of U.S. Businesses (SUSB) 2022,msa_3digitnaics_2022.txt,https://www2.census.gov/programs-surveys/susb/datasets/2022/msa_3digitnaics_2022.txt,https://www.census.gov/data/datasets/2022/econ/susb/2022-susb.html,"reference year 2022; MSA dataset originally released 2025-05-29, revised 2025-07-22 (extraneous estimates removed; remaining estimates unchanged)","mid-March payroll employment at employer establishments, classified by enterprise (firm) employment size; primary split firms <500 vs 500+ employees (SBA cutoff)","U.S. Census Bureau, Statistics of U.S. Businesses (SUSB), 2022 Annual Datasets by Establishment Industry — msa_3digitnaics_2022.txt (all-industry NAICS=--, enterprise employment size); reference year 2022; MSA dataset originally released 2025-05-29, revised 2025-07-22 (extraneous estimates removed; remaining estimates unchanged); measures mid-March payroll employment at employer establishments, classified by enterprise (firm) employment size; primary split firms <500 vs 500+ employees (SBA cutoff). File: https://www2.census.gov/programs-surveys/susb/datasets/2022/msa_3digitnaics_2022.txt Landing page: https://www.census.gov/data/datasets/2022/econ/susb/2022-susb.html",63787,4273,4688,5465,12473,7341,26899,34240,29547,6.698857133898756,7.3494599213005785,8.56757646542399,19.554141125934752,11.508614607992223,42.17003464655808,53.6786492545503,46.3213507454497,False,63787,0,63787,0,
37620,"Parkersburg-Vienna, WV Metro Area",metro,2022,standard_01_09,RETRIEVED,U.S. Census Bureau,Statistics of U.S. Businesses (SUSB),U.S. Census Bureau Statistics of U.S. Businesses (SUSB) 2022,msa_3digitnaics_2022.txt,https://www2.census.gov/programs-surveys/susb/datasets/2022/msa_3digitnaics_2022.txt,https://www.census.gov/data/datasets/2022/econ/susb/2022-susb.html,"reference year 2022; MSA dataset originally released 2025-05-29, revised 2025-07-22 (extraneous estimates removed; remaining estimates unchanged)","mid-March payroll employment at employer establishments, classified by enterprise (firm) employment size; primary split firms <500 vs 500+ employees (SBA cutoff)","U.S. Census Bureau, Statistics of U.S. Businesses (SUSB), 2022 Annual Datasets by Establishment Industry — msa_3digitnaics_2022.txt (all-industry NAICS=--, enterprise employment size); reference year 2022; MSA dataset originally released 2025-05-29, revised 2025-07-22 (extraneous estimates removed; remaining estimates unchanged); measures mid-March payroll employment at employer establishments, classified by enterprise (firm) employment size; primary split firms <500 vs 500+ employees (SBA cutoff). File: https://www2.census.gov/programs-surveys/susb/datasets/2022/msa_3digitnaics_2022.txt Landing page: https://www.census.gov/data/datasets/2022/econ/susb/2022-susb.html",28729,1244,1670,2175,5367,3352,10456,13808,14921,4.330119391555571,5.812941626927495,7.570747328483414,18.68147168366459,11.667652894288002,36.39528003063107,48.062932924919075,51.937067075080925,False,28729,0,28729,0,
37860,"Pensacola-Ferry Pass-Brent, FL Metro Area",metro,2022,standard_01_09,RETRIEVED,U.S. Census Bureau,Statistics of U.S. Businesses (SUSB),U.S. Census Bureau Statistics of U.S. Businesses (SUSB) 2022,msa_3digitnaics_2022.txt,https://www2.census.gov/programs-surveys/susb/datasets/2022/msa_3digitnaics_2022.txt,https://www.census.gov/data/datasets/2022/econ/susb/2022-susb.html,"reference year 2022; MSA dataset originally released 2025-05-29, revised 2025-07-22 (extraneous estimates removed; remaining estimates unchanged)","mid-March payroll employment at employer establishments, classified by enterprise (firm) employment size; primary split firms <500 vs 500+ employees (SBA cutoff)","U.S. Census Bureau, Statistics of U.S. Businesses (SUSB), 2022 Annual Datasets by Establishment Industry — msa_3digitnaics_2022.txt (all-industry NAICS=--, enterprise employment size); reference year 2022; MSA dataset originally released 2025-05-29, revised 2025-07-22 (extraneous estimates removed; remaining estimates unchanged); measures mid-March payroll employment at employer establishments, classified by enterprise (firm) employment size; primary split firms <500 vs 500+ employees (SBA cutoff). File: https://www2.census.gov/programs-surveys/susb/datasets/2022/msa_3digitnaics_2022.txt Landing page: https://www.census.gov/data/datasets/2022/econ/susb/2022-susb.html",145458,8383,7597,9019,23682,17493,48681,66174,79284,5.763175624578916,5.222813458180368,6.200415240138047,16.280988326527243,12.026151878892877,33.467392649424575,45.49354452831745,54.50645547168255,False,145458,0,145458,0,
37900,"Peoria, IL Metro Area",metro,2022,standard_01_09,RETRIEVED,U.S. Census Bureau,Statistics of U.S. Businesses (SUSB),U.S. Census Bureau Statistics of U.S. Businesses (SUSB) 2022,msa_3digitnaics_2022.txt,https://www2.census.gov/programs-surveys/susb/datasets/2022/msa_3digitnaics_2022.txt,https://www.census.gov/data/datasets/2022/econ/susb/2022-susb.html,"reference year 2022; MSA dataset originally released 2025-05-29, revised 2025-07-22 (extraneous estimates removed; remaining estimates unchanged)","mid-March payroll employment at employer establishments, classified by enterprise (firm) employment size; primary split firms <500 vs 500+ employees (SBA cutoff)","U.S. Census Bureau, Statistics of U.S. Businesses (SUSB), 2022 Annual Datasets by Establishment Industry — msa_3digitnaics_2022.txt (all-industry NAICS=--, enterprise employment size); reference year 2022; MSA dataset originally released 2025-05-29, revised 2025-07-22 (extraneous estimates removed; remaining estimates unchanged); measures mid-March payroll employment at employer establishments, classified by enterprise (firm) employment size; primary split firms <500 vs 500+ employees (SBA cutoff). File: https://www2.census.gov/programs-surveys/susb/datasets/2022/msa_3digitnaics_2022.txt Landing page: https://www.census.gov/data/datasets/2022/econ/susb/2022-susb.html",153533,5622,6734,8896,26252,21606,47504,69110,84423,3.6617534992477188,4.386027759504471,5.7941940820540205,17.098604208867147,14.072544664664925,30.94057954967336,45.01312421433828,54.98687578566172,False,153533,0,153533,0,
37980,"Philadelphia-Camden-Wilmington, PA-NJ-DE-MD Metro Area",metro,2022,standard_01_09,RETRIEVED,U.S. Census Bureau,Statistics of U.S. Businesses (SUSB),U.S. Census Bureau Statistics of U.S. Businesses (SUSB) 2022,msa_3digitnaics_2022.txt,https://www2.census.gov/programs-surveys/susb/datasets/2022/msa_3digitnaics_2022.txt,https://www.census.gov/data/datasets/2022/econ/susb/2022-susb.html,"reference year 2022; MSA dataset originally released 2025-05-29, revised 2025-07-22 (extraneous estimates removed; remaining estimates unchanged)","mid-March payroll employment at employer establishments, classified by enterprise (firm) employment size; primary split firms <500 vs 500+ employees (SBA cutoff)","U.S. Census Bureau, Statistics of U.S. Businesses (SUSB), 2022 Annual Datasets by Establishment Industry — msa_3digitnaics_2022.txt (all-industry NAICS=--, enterprise employment size); reference year 2022; MSA dataset originally released 2025-05-29, revised 2025-07-22 (extraneous estimates removed; remaining estimates unchanged); measures mid-March payroll employment at employer establishments, classified by enterprise (firm) employment size; primary split firms <500 vs 500+ employees (SBA cutoff). File: https://www2.census.gov/programs-surveys/susb/datasets/2022/msa_3digitnaics_2022.txt Landing page: https://www.census.gov/data/datasets/2022/econ/susb/2022-susb.html",2765882,118995,128362,172103,460533,392968,879993,1272961,1492921,4.302244275063072,4.640906589652053,6.222355111317113,16.650493404997032,14.207692157510696,31.815999381029272,46.023691538539964,53.976308461460036,False,2765882,0,2765882,0,
38060,"Phoenix-Mesa-Chandler, AZ Metro Area",metro,2022,standard_01_09,RETRIEVED,U.S. Census Bureau,Statistics of U.S. Businesses (SUSB),U.S. Census Bureau Statistics of U.S. Businesses (SUSB) 2022,msa_3digitnaics_2022.txt,https://www2.census.gov/programs-surveys/susb/datasets/2022/msa_3digitnaics_2022.txt,https://www.census.gov/data/datasets/2022/econ/susb/2022-susb.html,"reference year 2022; MSA dataset originally released 2025-05-29, revised 2025-07-22 (extraneous estimates removed; remaining estimates unchanged)","mid-March payroll employment at employer establishments, classified by enterprise (firm) employment size; primary split firms <500 vs 500+ employees (SBA cutoff)","U.S. Census Bureau, Statistics of U.S. Businesses (SUSB), 2022 Annual Datasets by Establishment Industry — msa_3digitnaics_2022.txt (all-industry NAICS=--, enterprise employment size); reference year 2022; MSA dataset originally released 2025-05-29, revised 2025-07-22 (extraneous estimates removed; remaining estimates unchanged); measures mid-March payroll employment at employer establishments, classified by enterprise (firm) employment size; primary split firms <500 vs 500+ employees (SBA cutoff). File: https://www2.census.gov/programs-surveys/susb/datasets/2022/msa_3digitnaics_2022.txt Landing page: https://www.census.gov/data/datasets/2022/econ/susb/2022-susb.html",1998365,78230,80272,108796,297594,286412,564892,851304,1147061,3.9147002674686555,4.016883802508551,5.444250674926753,14.89187410708254,14.332316668876807,28.267708851986498,42.600025520863305,57.399974479136695,False,1998365,0,1998365,0,
38240,"Pinehurst-Southern Pines, NC Metro Area",metro,2022,standard_01_09,RETRIEVED,U.S. Census Bureau,Statistics of U.S. Businesses (SUSB),U.S. Census Bureau Statistics of U.S. Businesses (SUSB) 2022,msa_3digitnaics_2022.txt,https://www2.census.gov/programs-surveys/susb/datasets/2022/msa_3digitnaics_2022.txt,https://www.census.gov/data/datasets/2022/econ/susb/2022-susb.html,"reference year 2022; MSA dataset originally released 2025-05-29, revised 2025-07-22 (extraneous estimates removed; remaining estimates unchanged)","mid-March payroll employment at employer establishments, classified by enterprise (firm) employment size; primary split firms <500 vs 500+ employees (SBA cutoff)","U.S. Census Bureau, Statistics of U.S. Businesses (SUSB), 2022 Annual Datasets by Establishment Industry — msa_3digitnaics_2022.txt (all-industry NAICS=--, enterprise employment size); reference year 2022; MSA dataset originally released 2025-05-29, revised 2025-07-22 (extraneous estimates removed; remaining estimates unchanged); measures mid-March payroll employment at employer establishments, classified by enterprise (firm) employment size; primary split firms <500 vs 500+ employees (SBA cutoff). File: https://www2.census.gov/programs-surveys/susb/datasets/2022/msa_3digitnaics_2022.txt Landing page: https://www.census.gov/data/datasets/2022/econ/susb/2022-susb.html",35146,1816,2181,3210,6247,4810,13454,18264,16882,5.167017583793319,6.205542593751778,9.133329539634667,17.77442667728902,13.68576793945257,38.280316394468784,51.96608433392136,48.03391566607864,False,35146,0,35146,0,
38300,"Pittsburgh, PA Metro Area",metro,2022,standard_01_09,RETRIEVED,U.S. Census Bureau,Statistics of U.S. Businesses (SUSB),U.S. Census Bureau Statistics of U.S. Businesses (SUSB) 2022,msa_3digitnaics_2022.txt,https://www2.census.gov/programs-surveys/susb/datasets/2022/msa_3digitnaics_2022.txt,https://www.census.gov/data/datasets/2022/econ/susb/2022-susb.html,"reference year 2022; MSA dataset originally released 2025-05-29, revised 2025-07-22 (extraneous estimates removed; remaining estimates unchanged)","mid-March payroll employment at employer establishments, classified by enterprise (firm) employment size; primary split firms <500 vs 500+ employees (SBA cutoff)","U.S. Census Bureau, Statistics of U.S. Businesses (SUSB), 2022 Annual Datasets by Establishment Industry — msa_3digitnaics_2022.txt (all-industry NAICS=--, enterprise employment size); reference year 2022; MSA dataset originally released 2025-05-29, revised 2025-07-22 (extraneous estimates removed; remaining estimates unchanged); measures mid-March payroll employment at employer establishments, classified by enterprise (firm) employment size; primary split firms <500 vs 500+ employees (SBA cutoff). File: https://www2.census.gov/programs-surveys/susb/datasets/2022/msa_3digitnaics_2022.txt Landing page: https://www.census.gov/data/datasets/2022/econ/susb/2022-susb.html",1108776,42900,53013,67302,188881,145219,352096,497315,611461,3.869131366479794,4.781218208186324,6.069936578713825,17.0350909471345,13.097235149389958,31.75537710051444,44.852612249904396,55.147387750095604,False,1108776,0,1108776,0,
38340,"Pittsfield, MA Metro Area",metro,2022,standard_01_09,RETRIEVED,U.S. Census Bureau,Statistics of U.S. Businesses (SUSB),U.S. Census Bureau Statistics of U.S. Businesses (SUSB) 2022,msa_3digitnaics_2022.txt,https://www2.census.gov/programs-surveys/susb/datasets/2022/msa_3digitnaics_2022.txt,https://www.census.gov/data/datasets/2022/econ/susb/2022-susb.html,"reference year 2022; MSA dataset originally released 2025-05-29, revised 2025-07-22 (extraneous estimates removed; remaining estimates unchanged)","mid-March payroll employment at employer establishments, classified by enterprise (firm) employment size; primary split firms <500 vs 500+ employees (SBA cutoff)","U.S. Census Bureau, Statistics of U.S. Businesses (SUSB), 2022 Annual Datasets by Establishment Industry — msa_3digitnaics_2022.txt (all-industry NAICS=--, enterprise employment size); reference year 2022; MSA dataset originally released 2025-05-29, revised 2025-07-22 (extraneous estimates removed; remaining estimates unchanged); measures mid-March payroll employment at employer establishments, classified by enterprise (firm) employment size; primary split firms <500 vs 500+ employees (SBA cutoff). File: https://www2.census.gov/programs-surveys/susb/datasets/2022/msa_3digitnaics_2022.txt Landing page: https://www.census.gov/data/datasets/2022/econ/susb/2022-susb.html",51090,2956,3482,4620,9910,8055,20968,29023,22067,5.785868075944411,6.815423761988647,9.04286553141515,19.397142297905656,15.766294773928362,41.04129966725387,56.807594441182225,43.192405558817775,False,51090,0,51090,0,
38540,"Pocatello, ID Metro Area",metro,2022,standard_01_09,RETRIEVED,U.S. Census Bureau,Statistics of U.S. Businesses (SUSB),U.S. Census Bureau Statistics of U.S. Businesses (SUSB) 2022,msa_3digitnaics_2022.txt,https://www2.census.gov/programs-surveys/susb/datasets/2022/msa_3digitnaics_2022.txt,https://www.census.gov/data/datasets/2022/econ/susb/2022-susb.html,"reference year 2022; MSA dataset originally released 2025-05-29, revised 2025-07-22 (extraneous estimates removed; remaining estimates unchanged)","mid-March payroll employment at employer establishments, classified by enterprise (firm) employment size; primary split firms <500 vs 500+ employees (SBA cutoff)","U.S. Census Bureau, Statistics of U.S. Businesses (SUSB), 2022 Annual Datasets by Establishment Industry — msa_3digitnaics_2022.txt (all-industry NAICS=--, enterprise employment size); reference year 2022; MSA dataset originally released 2025-05-29, revised 2025-07-22 (extraneous estimates removed; remaining estimates unchanged); measures mid-March payroll employment at employer establishments, classified by enterprise (firm) employment size; primary split firms <500 vs 500+ employees (SBA cutoff). File: https://www2.census.gov/programs-surveys/susb/datasets/2022/msa_3digitnaics_2022.txt Landing page: https://www.census.gov/data/datasets/2022/econ/susb/2022-susb.html",27944,1509,2017,2502,6542,2867,12570,15437,12507,5.40008588605783,7.218007443458346,8.95362152877183,23.411107930146006,10.259805324935586,44.982822788434014,55.2426281133696,44.7573718866304,False,27944,0,27944,0,
38940,"Port St. Lucie, FL Metro Area",metro,2022,standard_01_09,RETRIEVED,U.S. Census Bureau,Statistics of U.S. Businesses (SUSB),U.S. Census Bureau Statistics of U.S. Businesses (SUSB) 2022,msa_3digitnaics_2022.txt,https://www2.census.gov/programs-surveys/susb/datasets/2022/msa_3digitnaics_2022.txt,https://www.census.gov/data/datasets/2022/econ/susb/2022-susb.html,"reference year 2022; MSA dataset originally released 2025-05-29, revised 2025-07-22 (extraneous estimates removed; remaining estimates unchanged)","mid-March payroll employment at employer establishments, classified by enterprise (firm) employment size; primary split firms <500 vs 500+ employees (SBA cutoff)","U.S. Census Bureau, Statistics of U.S. Businesses (SUSB), 2022 Annual Datasets by Establishment Industry — msa_3digitnaics_2022.txt (all-industry NAICS=--, enterprise employment size); reference year 2022; MSA dataset originally released 2025-05-29, revised 2025-07-22 (extraneous estimates removed; remaining estimates unchanged); measures mid-March payroll employment at employer establishments, classified by enterprise (firm) employment size; primary split firms <500 vs 500+ employees (SBA cutoff). File: https://www2.census.gov/programs-surveys/susb/datasets/2022/msa_3digitnaics_2022.txt Landing page: https://www.census.gov/data/datasets/2022/econ/susb/2022-susb.html",135457,11772,9918,11076,28632,15290,61398,76688,58769,8.690580774710794,7.321880744442886,8.176764582118311,21.137335095270085,11.28771492060211,45.32656119654207,56.614276117144186,43.385723882855814,False,135457,0,135457,0,
38860,"Portland-South Portland, ME Metro Area",metro,2022,standard_01_09,RETRIEVED,U.S. Census Bureau,Statistics of U.S. Businesses (SUSB),U.S. Census Bureau Statistics of U.S. Businesses (SUSB) 2022,msa_3digitnaics_2022.txt,https://www2.census.gov/programs-surveys/susb/datasets/2022/msa_3digitnaics_2022.txt,https://www.census.gov/data/datasets/2022/econ/susb/2022-susb.html,"reference year 2022; MSA dataset originally released 2025-05-29, revised 2025-07-22 (extraneous estimates removed; remaining estimates unchanged)","mid-March payroll employment at employer establishments, classified by enterprise (firm) employment size; primary split firms <500 vs 500+ employees (SBA cutoff)","U.S. Census Bureau, Statistics of U.S. Businesses (SUSB), 2022 Annual Datasets by Establishment Industry — msa_3digitnaics_2022.txt (all-industry NAICS=--, enterprise employment size); reference year 2022; MSA dataset originally released 2025-05-29, revised 2025-07-22 (extraneous estimates removed; remaining estimates unchanged); measures mid-March payroll employment at employer establishments, classified by enterprise (firm) employment size; primary split firms <500 vs 500+ employees (SBA cutoff). File: https://www2.census.gov/programs-surveys/susb/datasets/2022/msa_3digitnaics_2022.txt Landing page: https://www.census.gov/data/datasets/2022/econ/susb/2022-susb.html",252562,14679,16726,19761,47893,33361,99059,132420,120142,5.812038232196451,6.62253228910129,7.824217419881059,18.962868523372478,13.209033821398311,39.22165646455128,52.43069028594959,47.56930971405041,False,252562,0,252562,0,
38900,"Portland-Vancouver-Hillsboro, OR-WA Metro Area",metro,2022,standard_01_09,RETRIEVED,U.S. Census Bureau,Statistics of U.S. Businesses (SUSB),U.S. Census Bureau Statistics of U.S. Businesses (SUSB) 2022,msa_3digitnaics_2022.txt,https://www2.census.gov/programs-surveys/susb/datasets/2022/msa_3digitnaics_2022.txt,https://www.census.gov/data/datasets/2022/econ/susb/2022-susb.html,"reference year 2022; MSA dataset originally released 2025-05-29, revised 2025-07-22 (extraneous estimates removed; remaining estimates unchanged)","mid-March payroll employment at employer establishments, classified by enterprise (firm) employment size; primary split firms <500 vs 500+ employees (SBA cutoff)","U.S. Census Bureau, Statistics of U.S. Businesses (SUSB), 2022 Annual Datasets by Establishment Industry — msa_3digitnaics_2022.txt (all-industry NAICS=--, enterprise employment size); reference year 2022; MSA dataset originally released 2025-05-29, revised 2025-07-22 (extraneous estimates removed; remaining estimates unchanged); measures mid-March payroll employment at employer establishments, classified by enterprise (firm) employment size; primary split firms <500 vs 500+ employees (SBA cutoff). File: https://www2.census.gov/programs-surveys/susb/datasets/2022/msa_3digitnaics_2022.txt Landing page: https://www.census.gov/data/datasets/2022/econ/susb/2022-susb.html",1084535,56535,63433,83601,191448,149838,395017,544855,539680,5.212833149690882,5.848866103906283,7.708464918144642,17.652542333811265,13.815875006339123,36.42270650555307,50.23858151189219,49.76141848810781,False,1084535,0,1084535,0,
39150,"Prescott Valley-Prescott, AZ Metro Area",metro,2022,standard_01_09,RETRIEVED,U.S. Census Bureau,Statistics of U.S. Businesses (SUSB),U.S. Census Bureau Statistics of U.S. Businesses (SUSB) 2022,msa_3digitnaics_2022.txt,https://www2.census.gov/programs-surveys/susb/datasets/2022/msa_3digitnaics_2022.txt,https://www.census.gov/data/datasets/2022/econ/susb/2022-susb.html,"reference year 2022; MSA dataset originally released 2025-05-29, revised 2025-07-22 (extraneous estimates removed; remaining estimates unchanged)","mid-March payroll employment at employer establishments, classified by enterprise (firm) employment size; primary split firms <500 vs 500+ employees (SBA cutoff)","U.S. Census Bureau, Statistics of U.S. Businesses (SUSB), 2022 Annual Datasets by Establishment Industry — msa_3digitnaics_2022.txt (all-industry NAICS=--, enterprise employment size); reference year 2022; MSA dataset originally released 2025-05-29, revised 2025-07-22 (extraneous estimates removed; remaining estimates unchanged); measures mid-March payroll employment at employer establishments, classified by enterprise (firm) employment size; primary split firms <500 vs 500+ employees (SBA cutoff). File: https://www2.census.gov/programs-surveys/susb/datasets/2022/msa_3digitnaics_2022.txt Landing page: https://www.census.gov/data/datasets/2022/econ/susb/2022-susb.html",65697,5252,5622,7417,15435,6469,33726,40195,25502,7.994276755407401,8.557468377551487,11.289708814709956,23.494223480524226,9.84672055040565,51.335677428193065,61.182397978598715,38.817602021401285,False,65697,0,65697,0,
39300,"Providence-Warwick, RI-MA Metro Area",metro,2022,standard_01_09,RETRIEVED,U.S. Census Bureau,Statistics of U.S. Businesses (SUSB),U.S. Census Bureau Statistics of U.S. Businesses (SUSB) 2022,msa_3digitnaics_2022.txt,https://www2.census.gov/programs-surveys/susb/datasets/2022/msa_3digitnaics_2022.txt,https://www.census.gov/data/datasets/2022/econ/susb/2022-susb.html,"reference year 2022; MSA dataset originally released 2025-05-29, revised 2025-07-22 (extraneous estimates removed; remaining estimates unchanged)","mid-March payroll employment at employer establishments, classified by enterprise (firm) employment size; primary split firms <500 vs 500+ employees (SBA cutoff)","U.S. Census Bureau, Statistics of U.S. Businesses (SUSB), 2022 Annual Datasets by Establishment Industry — msa_3digitnaics_2022.txt (all-industry NAICS=--, enterprise employment size); reference year 2022; MSA dataset originally released 2025-05-29, revised 2025-07-22 (extraneous estimates removed; remaining estimates unchanged); measures mid-March payroll employment at employer establishments, classified by enterprise (firm) employment size; primary split firms <500 vs 500+ employees (SBA cutoff). File: https://www2.census.gov/programs-surveys/susb/datasets/2022/msa_3digitnaics_2022.txt Landing page: https://www.census.gov/data/datasets/2022/econ/susb/2022-susb.html",636408,33779,37305,47885,117697,92170,236666,328836,307572,5.307758544832875,5.861805634121507,7.524261165793013,18.49395356438008,14.482847481489863,37.18777890912748,51.67062639061734,48.32937360938266,False,636408,0,636408,0,
39340,"Provo-Orem-Lehi, UT Metro Area",metro,2022,standard_01_09,RETRIEVED,U.S. Census Bureau,Statistics of U.S. Businesses (SUSB),U.S. Census Bureau Statistics of U.S. Businesses (SUSB) 2022,msa_3digitnaics_2022.txt,https://www2.census.gov/programs-surveys/susb/datasets/2022/msa_3digitnaics_2022.txt,https://www.census.gov/data/datasets/2022/econ/susb/2022-susb.html,"reference year 2022; MSA dataset originally released 2025-05-29, revised 2025-07-22 (extraneous estimates removed; remaining estimates unchanged)","mid-March payroll employment at employer establishments, classified by enterprise (firm) employment size; primary split firms <500 vs 500+ employees (SBA cutoff)","U.S. Census Bureau, Statistics of U.S. Businesses (SUSB), 2022 Annual Datasets by Establishment Industry — msa_3digitnaics_2022.txt (all-industry NAICS=--, enterprise employment size); reference year 2022; MSA dataset originally released 2025-05-29, revised 2025-07-22 (extraneous estimates removed; remaining estimates unchanged); measures mid-March payroll employment at employer establishments, classified by enterprise (firm) employment size; primary split firms <500 vs 500+ employees (SBA cutoff). File: https://www2.census.gov/programs-surveys/susb/datasets/2022/msa_3digitnaics_2022.txt Landing page: https://www.census.gov/data/datasets/2022/econ/susb/2022-susb.html",272086,13024,12529,17894,46837,47126,90284,137410,134676,4.786721845298913,4.604794072462383,6.576597105326992,17.214042618877855,17.32025903574605,33.18215564196614,50.502414677712196,49.497585322287804,False,272086,0,272086,0,
39380,"Pueblo, CO Metro Area",metro,2022,standard_01_09,RETRIEVED,U.S. Census Bureau,Statistics of U.S. Businesses (SUSB),U.S. Census Bureau Statistics of U.S. Businesses (SUSB) 2022,msa_3digitnaics_2022.txt,https://www2.census.gov/programs-surveys/susb/datasets/2022/msa_3digitnaics_2022.txt,https://www.census.gov/data/datasets/2022/econ/susb/2022-susb.html,"reference year 2022; MSA dataset originally released 2025-05-29, revised 2025-07-22 (extraneous estimates removed; remaining estimates unchanged)","mid-March payroll employment at employer establishments, classified by enterprise (firm) employment size; primary split firms <500 vs 500+ employees (SBA cutoff)","U.S. Census Bureau, Statistics of U.S. Businesses (SUSB), 2022 Annual Datasets by Establishment Industry — msa_3digitnaics_2022.txt (all-industry NAICS=--, enterprise employment size); reference year 2022; MSA dataset originally released 2025-05-29, revised 2025-07-22 (extraneous estimates removed; remaining estimates unchanged); measures mid-March payroll employment at employer establishments, classified by enterprise (firm) employment size; primary split firms <500 vs 500+ employees (SBA cutoff). File: https://www2.census.gov/programs-surveys/susb/datasets/2022/msa_3digitnaics_2022.txt Landing page: https://www.census.gov/data/datasets/2022/econ/susb/2022-susb.html",51115,2235,2905,4161,9515,7856,18816,26672,24443,4.372493397241514,5.683263229971633,8.140467573119437,18.614887997652353,15.369265381981807,36.81111219798493,52.180377579966745,47.819622420033255,False,51115,0,51115,0,
39460,"Punta Gorda, FL Metro Area",metro,2022,standard_01_09,RETRIEVED,U.S. Census Bureau,Statistics of U.S. Businesses (SUSB),U.S. Census Bureau Statistics of U.S. Businesses (SUSB) 2022,msa_3digitnaics_2022.txt,https://www2.census.gov/programs-surveys/susb/datasets/2022/msa_3digitnaics_2022.txt,https://www.census.gov/data/datasets/2022/econ/susb/2022-susb.html,"reference year 2022; MSA dataset originally released 2025-05-29, revised 2025-07-22 (extraneous estimates removed; remaining estimates unchanged)","mid-March payroll employment at employer establishments, classified by enterprise (firm) employment size; primary split firms <500 vs 500+ employees (SBA cutoff)","U.S. Census Bureau, Statistics of U.S. Businesses (SUSB), 2022 Annual Datasets by Establishment Industry — msa_3digitnaics_2022.txt (all-industry NAICS=--, enterprise employment size); reference year 2022; MSA dataset originally released 2025-05-29, revised 2025-07-22 (extraneous estimates removed; remaining estimates unchanged); measures mid-March payroll employment at employer establishments, classified by enterprise (firm) employment size; primary split firms <500 vs 500+ employees (SBA cutoff). File: https://www2.census.gov/programs-surveys/susb/datasets/2022/msa_3digitnaics_2022.txt Landing page: https://www.census.gov/data/datasets/2022/econ/susb/2022-susb.html",41883,3868,3574,4114,7965,3725,19521,23246,18637,9.235250578993863,8.533295131676336,9.822601055320774,19.01726237375546,8.893823269584319,46.608409139746435,55.50223240933075,44.49776759066925,False,41883,0,41883,0,
39540,"Racine-Mount Pleasant, WI Metro Area",metro,2022,standard_01_09,RETRIEVED,U.S. Census Bureau,Statistics of U.S. Businesses (SUSB),U.S. Census Bureau Statistics of U.S. Businesses (SUSB) 2022,msa_3digitnaics_2022.txt,https://www2.census.gov/programs-surveys/susb/datasets/2022/msa_3digitnaics_2022.txt,https://www.census.gov/data/datasets/2022/econ/susb/2022-susb.html,"reference year 2022; MSA dataset originally released 2025-05-29, revised 2025-07-22 (extraneous estimates removed; remaining estimates unchanged)","mid-March payroll employment at employer establishments, classified by enterprise (firm) employment size; primary split firms <500 vs 500+ employees (SBA cutoff)","U.S. Census Bureau, Statistics of U.S. Businesses (SUSB), 2022 Annual Datasets by Establishment Industry — msa_3digitnaics_2022.txt (all-industry NAICS=--, enterprise employment size); reference year 2022; MSA dataset originally released 2025-05-29, revised 2025-07-22 (extraneous estimates removed; remaining estimates unchanged); measures mid-March payroll employment at employer establishments, classified by enterprise (firm) employment size; primary split firms <500 vs 500+ employees (SBA cutoff). File: https://www2.census.gov/programs-surveys/susb/datasets/2022/msa_3digitnaics_2022.txt Landing page: https://www.census.gov/data/datasets/2022/econ/susb/2022-susb.html",67644,2919,3926,5364,12576,11146,24785,35931,31713,4.315238602093312,5.803914611791142,7.929749866950505,18.59144935249246,16.477440719058603,36.64035243332742,53.11779315238602,46.88220684761398,False,67644,0,67644,0,
39580,"Raleigh-Cary, NC Metro Area",metro,2022,standard_01_09,RETRIEVED,U.S. Census Bureau,Statistics of U.S. Businesses (SUSB),U.S. Census Bureau Statistics of U.S. Businesses (SUSB) 2022,msa_3digitnaics_2022.txt,https://www2.census.gov/programs-surveys/susb/datasets/2022/msa_3digitnaics_2022.txt,https://www.census.gov/data/datasets/2022/econ/susb/2022-susb.html,"reference year 2022; MSA dataset originally released 2025-05-29, revised 2025-07-22 (extraneous estimates removed; remaining estimates unchanged)","mid-March payroll employment at employer establishments, classified by enterprise (firm) employment size; primary split firms <500 vs 500+ employees (SBA cutoff)","U.S. Census Bureau, Statistics of U.S. Businesses (SUSB), 2022 Annual Datasets by Establishment Industry — msa_3digitnaics_2022.txt (all-industry NAICS=--, enterprise employment size); reference year 2022; MSA dataset originally released 2025-05-29, revised 2025-07-22 (extraneous estimates removed; remaining estimates unchanged); measures mid-March payroll employment at employer establishments, classified by enterprise (firm) employment size; primary split firms <500 vs 500+ employees (SBA cutoff). File: https://www2.census.gov/programs-surveys/susb/datasets/2022/msa_3digitnaics_2022.txt Landing page: https://www.census.gov/data/datasets/2022/econ/susb/2022-susb.html",590073,27808,28374,40222,106161,77333,202565,279898,310175,4.7126372499673765,4.808557585247927,6.816444744972232,17.99116380515631,13.105666587015504,34.328803385343846,47.43446997235935,52.56553002764065,False,590073,0,590073,0,
39660,"Rapid City, SD Metro Area",metro,2022,standard_01_09,RETRIEVED,U.S. Census Bureau,Statistics of U.S. Businesses (SUSB),U.S. Census Bureau Statistics of U.S. Businesses (SUSB) 2022,msa_3digitnaics_2022.txt,https://www2.census.gov/programs-surveys/susb/datasets/2022/msa_3digitnaics_2022.txt,https://www.census.gov/data/datasets/2022/econ/susb/2022-susb.html,"reference year 2022; MSA dataset originally released 2025-05-29, revised 2025-07-22 (extraneous estimates removed; remaining estimates unchanged)","mid-March payroll employment at employer establishments, classified by enterprise (firm) employment size; primary split firms <500 vs 500+ employees (SBA cutoff)","U.S. Census Bureau, Statistics of U.S. Businesses (SUSB), 2022 Annual Datasets by Establishment Industry — msa_3digitnaics_2022.txt (all-industry NAICS=--, enterprise employment size); reference year 2022; MSA dataset originally released 2025-05-29, revised 2025-07-22 (extraneous estimates removed; remaining estimates unchanged); measures mid-March payroll employment at employer establishments, classified by enterprise (firm) employment size; primary split firms <500 vs 500+ employees (SBA cutoff). File: https://www2.census.gov/programs-surveys/susb/datasets/2022/msa_3digitnaics_2022.txt Landing page: https://www.census.gov/data/datasets/2022/econ/susb/2022-susb.html",59946,4044,4421,5908,14516,9244,28889,38133,21813,6.746071464317886,7.374970807059687,9.855536649651352,24.21512694758616,15.420545157308243,48.19170586861509,63.61225102592333,36.38774897407667,False,59946,0,59946,0,
39740,"Reading, PA Metro Area",metro,2022,standard_01_09,RETRIEVED,U.S. Census Bureau,Statistics of U.S. Businesses (SUSB),U.S. Census Bureau Statistics of U.S. Businesses (SUSB) 2022,msa_3digitnaics_2022.txt,https://www2.census.gov/programs-surveys/susb/datasets/2022/msa_3digitnaics_2022.txt,https://www.census.gov/data/datasets/2022/econ/susb/2022-susb.html,"reference year 2022; MSA dataset originally released 2025-05-29, revised 2025-07-22 (extraneous estimates removed; remaining estimates unchanged)","mid-March payroll employment at employer establishments, classified by enterprise (firm) employment size; primary split firms <500 vs 500+ employees (SBA cutoff)","U.S. Census Bureau, Statistics of U.S. Businesses (SUSB), 2022 Annual Datasets by Establishment Industry — msa_3digitnaics_2022.txt (all-industry NAICS=--, enterprise employment size); reference year 2022; MSA dataset originally released 2025-05-29, revised 2025-07-22 (extraneous estimates removed; remaining estimates unchanged); measures mid-March payroll employment at employer establishments, classified by enterprise (firm) employment size; primary split firms <500 vs 500+ employees (SBA cutoff). File: https://www2.census.gov/programs-surveys/susb/datasets/2022/msa_3digitnaics_2022.txt Landing page: https://www.census.gov/data/datasets/2022/econ/susb/2022-susb.html",159778,6410,7824,10185,27990,19861,52409,72270,87508,4.011816395248407,4.896794302094156,6.374469576537446,17.51805630312058,12.430372141346117,32.80113657700059,45.2315087183467,54.7684912816533,False,159778,0,159778,0,
39820,"Redding, CA Metro Area",metro,2022,standard_01_09,RETRIEVED,U.S. Census Bureau,Statistics of U.S. Businesses (SUSB),U.S. Census Bureau Statistics of U.S. Businesses (SUSB) 2022,msa_3digitnaics_2022.txt,https://www2.census.gov/programs-surveys/susb/datasets/2022/msa_3digitnaics_2022.txt,https://www.census.gov/data/datasets/2022/econ/susb/2022-susb.html,"reference year 2022; MSA dataset originally released 2025-05-29, revised 2025-07-22 (extraneous estimates removed; remaining estimates unchanged)","mid-March payroll employment at employer establishments, classified by enterprise (firm) employment size; primary split firms <500 vs 500+ employees (SBA cutoff)","U.S. Census Bureau, Statistics of U.S. Businesses (SUSB), 2022 Annual Datasets by Establishment Industry — msa_3digitnaics_2022.txt (all-industry NAICS=--, enterprise employment size); reference year 2022; MSA dataset originally released 2025-05-29, revised 2025-07-22 (extraneous estimates removed; remaining estimates unchanged); measures mid-March payroll employment at employer establishments, classified by enterprise (firm) employment size; primary split firms <500 vs 500+ employees (SBA cutoff). File: https://www2.census.gov/programs-surveys/susb/datasets/2022/msa_3digitnaics_2022.txt Landing page: https://www.census.gov/data/datasets/2022/econ/susb/2022-susb.html",53483,3518,3932,6284,11929,7090,25663,32753,20730,6.577791073799151,7.351868818129125,11.74952788736608,22.304283604135893,13.256548809902212,47.98347138343025,61.24002019333246,38.75997980666754,False,53483,0,53483,0,
39900,"Reno, NV Metro Area",metro,2022,standard_01_09,RETRIEVED,U.S. Census Bureau,Statistics of U.S. Businesses (SUSB),U.S. Census Bureau Statistics of U.S. Businesses (SUSB) 2022,msa_3digitnaics_2022.txt,https://www2.census.gov/programs-surveys/susb/datasets/2022/msa_3digitnaics_2022.txt,https://www.census.gov/data/datasets/2022/econ/susb/2022-susb.html,"reference year 2022; MSA dataset originally released 2025-05-29, revised 2025-07-22 (extraneous estimates removed; remaining estimates unchanged)","mid-March payroll employment at employer establishments, classified by enterprise (firm) employment size; primary split firms <500 vs 500+ employees (SBA cutoff)","U.S. Census Bureau, Statistics of U.S. Businesses (SUSB), 2022 Annual Datasets by Establishment Industry — msa_3digitnaics_2022.txt (all-industry NAICS=--, enterprise employment size); reference year 2022; MSA dataset originally released 2025-05-29, revised 2025-07-22 (extraneous estimates removed; remaining estimates unchanged); measures mid-March payroll employment at employer establishments, classified by enterprise (firm) employment size; primary split firms <500 vs 500+ employees (SBA cutoff). File: https://www2.census.gov/programs-surveys/susb/datasets/2022/msa_3digitnaics_2022.txt Landing page: https://www.census.gov/data/datasets/2022/econ/susb/2022-susb.html",231341,10859,12484,17380,43938,31659,84661,116320,115021,4.693936656277962,5.396362944743906,7.512719319100376,18.992742315456404,13.684993148642048,36.59576123557865,50.28075438422069,49.71924561577931,False,231341,0,231341,0,
40060,"Richmond, VA Metro Area",metro,2022,standard_01_09,RETRIEVED,U.S. Census Bureau,Statistics of U.S. Businesses (SUSB),U.S. Census Bureau Statistics of U.S. Businesses (SUSB) 2022,msa_3digitnaics_2022.txt,https://www2.census.gov/programs-surveys/susb/datasets/2022/msa_3digitnaics_2022.txt,https://www.census.gov/data/datasets/2022/econ/susb/2022-susb.html,"reference year 2022; MSA dataset originally released 2025-05-29, revised 2025-07-22 (extraneous estimates removed; remaining estimates unchanged)","mid-March payroll employment at employer establishments, classified by enterprise (firm) employment size; primary split firms <500 vs 500+ employees (SBA cutoff)","U.S. Census Bureau, Statistics of U.S. Businesses (SUSB), 2022 Annual Datasets by Establishment Industry — msa_3digitnaics_2022.txt (all-industry NAICS=--, enterprise employment size); reference year 2022; MSA dataset originally released 2025-05-29, revised 2025-07-22 (extraneous estimates removed; remaining estimates unchanged); measures mid-March payroll employment at employer establishments, classified by enterprise (firm) employment size; primary split firms <500 vs 500+ employees (SBA cutoff). File: https://www2.census.gov/programs-surveys/susb/datasets/2022/msa_3digitnaics_2022.txt Landing page: https://www.census.gov/data/datasets/2022/econ/susb/2022-susb.html",564882,24002,26709,36880,89948,67835,177539,245374,319508,4.249029000747059,4.728244128862311,6.528797164717587,15.92332557950156,12.008702702511322,31.429395873828515,43.43809857633984,56.56190142366016,False,564882,0,564882,0,
40140,"Riverside-San Bernardino-Ontario, CA Metro Area",metro,2022,standard_01_09,RETRIEVED,U.S. Census Bureau,Statistics of U.S. Businesses (SUSB),U.S. Census Bureau Statistics of U.S. Businesses (SUSB) 2022,msa_3digitnaics_2022.txt,https://www2.census.gov/programs-surveys/susb/datasets/2022/msa_3digitnaics_2022.txt,https://www.census.gov/data/datasets/2022/econ/susb/2022-susb.html,"reference year 2022; MSA dataset originally released 2025-05-29, revised 2025-07-22 (extraneous estimates removed; remaining estimates unchanged)","mid-March payroll employment at employer establishments, classified by enterprise (firm) employment size; primary split firms <500 vs 500+ employees (SBA cutoff)","U.S. Census Bureau, Statistics of U.S. Businesses (SUSB), 2022 Annual Datasets by Establishment Industry — msa_3digitnaics_2022.txt (all-industry NAICS=--, enterprise employment size); reference year 2022; MSA dataset originally released 2025-05-29, revised 2025-07-22 (extraneous estimates removed; remaining estimates unchanged); measures mid-March payroll employment at employer establishments, classified by enterprise (firm) employment size; primary split firms <500 vs 500+ employees (SBA cutoff). File: https://www2.census.gov/programs-surveys/susb/datasets/2022/msa_3digitnaics_2022.txt Landing page: https://www.census.gov/data/datasets/2022/econ/susb/2022-susb.html",1335043,66763,78138,97874,221131,166048,463906,629954,705089,5.000812707905289,5.852845189256076,7.331149633382595,16.56358634141372,12.437651820952583,34.74839387195768,47.18604569291026,52.81395430708974,False,1335043,0,1335043,0,
40220,"Roanoke, VA Metro Area",metro,2022,standard_01_09,RETRIEVED,U.S. Census Bureau,Statistics of U.S. Businesses (SUSB),U.S. Census Bureau Statistics of U.S. Businesses (SUSB) 2022,msa_3digitnaics_2022.txt,https://www2.census.gov/programs-surveys/susb/datasets/2022/msa_3digitnaics_2022.txt,https://www.census.gov/data/datasets/2022/econ/susb/2022-susb.html,"reference year 2022; MSA dataset originally released 2025-05-29, revised 2025-07-22 (extraneous estimates removed; remaining estimates unchanged)","mid-March payroll employment at employer establishments, classified by enterprise (firm) employment size; primary split firms <500 vs 500+ employees (SBA cutoff)","U.S. Census Bureau, Statistics of U.S. Businesses (SUSB), 2022 Annual Datasets by Establishment Industry — msa_3digitnaics_2022.txt (all-industry NAICS=--, enterprise employment size); reference year 2022; MSA dataset originally released 2025-05-29, revised 2025-07-22 (extraneous estimates removed; remaining estimates unchanged); measures mid-March payroll employment at employer establishments, classified by enterprise (firm) employment size; primary split firms <500 vs 500+ employees (SBA cutoff). File: https://www2.census.gov/programs-surveys/susb/datasets/2022/msa_3digitnaics_2022.txt Landing page: https://www.census.gov/data/datasets/2022/econ/susb/2022-susb.html",138814,6059,6519,8965,21394,18392,42937,61329,77485,4.364833518233032,4.696212197616955,6.4582823058192975,15.41199014508623,13.249384067889405,30.931318166755513,44.18070223464492,55.81929776535508,False,138814,0,138814,0,
40340,"Rochester, MN Metro Area",metro,2022,standard_01_09,RETRIEVED,U.S. Census Bureau,Statistics of U.S. Businesses (SUSB),U.S. Census Bureau Statistics of U.S. Businesses (SUSB) 2022,msa_3digitnaics_2022.txt,https://www2.census.gov/programs-surveys/susb/datasets/2022/msa_3digitnaics_2022.txt,https://www.census.gov/data/datasets/2022/econ/susb/2022-susb.html,"reference year 2022; MSA dataset originally released 2025-05-29, revised 2025-07-22 (extraneous estimates removed; remaining estimates unchanged)","mid-March payroll employment at employer establishments, classified by enterprise (firm) employment size; primary split firms <500 vs 500+ employees (SBA cutoff)","U.S. Census Bureau, Statistics of U.S. Businesses (SUSB), 2022 Annual Datasets by Establishment Industry — msa_3digitnaics_2022.txt (all-industry NAICS=--, enterprise employment size); reference year 2022; MSA dataset originally released 2025-05-29, revised 2025-07-22 (extraneous estimates removed; remaining estimates unchanged); measures mid-March payroll employment at employer establishments, classified by enterprise (firm) employment size; primary split firms <500 vs 500+ employees (SBA cutoff). File: https://www2.census.gov/programs-surveys/susb/datasets/2022/msa_3digitnaics_2022.txt Landing page: https://www.census.gov/data/datasets/2022/econ/susb/2022-susb.html",118610,3677,4445,6418,15459,12319,29999,42318,76292,3.10007587893095,3.7475760897057584,5.411010875980103,13.033471039541354,10.386139448613102,25.292133884158165,35.67827333277127,64.32172666722873,False,118610,0,118610,0,
40380,"Rochester, NY Metro Area",metro,2022,standard_01_09,RETRIEVED,U.S. Census Bureau,Statistics of U.S. Businesses (SUSB),U.S. Census Bureau Statistics of U.S. Businesses (SUSB) 2022,msa_3digitnaics_2022.txt,https://www2.census.gov/programs-surveys/susb/datasets/2022/msa_3digitnaics_2022.txt,https://www.census.gov/data/datasets/2022/econ/susb/2022-susb.html,"reference year 2022; MSA dataset originally released 2025-05-29, revised 2025-07-22 (extraneous estimates removed; remaining estimates unchanged)","mid-March payroll employment at employer establishments, classified by enterprise (firm) employment size; primary split firms <500 vs 500+ employees (SBA cutoff)","U.S. Census Bureau, Statistics of U.S. Businesses (SUSB), 2022 Annual Datasets by Establishment Industry — msa_3digitnaics_2022.txt (all-industry NAICS=--, enterprise employment size); reference year 2022; MSA dataset originally released 2025-05-29, revised 2025-07-22 (extraneous estimates removed; remaining estimates unchanged); measures mid-March payroll employment at employer establishments, classified by enterprise (firm) employment size; primary split firms <500 vs 500+ employees (SBA cutoff). File: https://www2.census.gov/programs-surveys/susb/datasets/2022/msa_3digitnaics_2022.txt Landing page: https://www.census.gov/data/datasets/2022/econ/susb/2022-susb.html",433281,17699,20876,27176,72899,62263,138650,200913,232368,4.084877942951572,4.818120342225946,6.272142097160965,16.824878081429834,14.37012008373319,32.00001846376831,46.370138547501504,53.629861452498496,False,433281,0,433281,0,
40420,"Rockford, IL Metro Area",metro,2022,standard_01_09,RETRIEVED,U.S. Census Bureau,Statistics of U.S. Businesses (SUSB),U.S. Census Bureau Statistics of U.S. Businesses (SUSB) 2022,msa_3digitnaics_2022.txt,https://www2.census.gov/programs-surveys/susb/datasets/2022/msa_3digitnaics_2022.txt,https://www.census.gov/data/datasets/2022/econ/susb/2022-susb.html,"reference year 2022; MSA dataset originally released 2025-05-29, revised 2025-07-22 (extraneous estimates removed; remaining estimates unchanged)","mid-March payroll employment at employer establishments, classified by enterprise (firm) employment size; primary split firms <500 vs 500+ employees (SBA cutoff)","U.S. Census Bureau, Statistics of U.S. Businesses (SUSB), 2022 Annual Datasets by Establishment Industry — msa_3digitnaics_2022.txt (all-industry NAICS=--, enterprise employment size); reference year 2022; MSA dataset originally released 2025-05-29, revised 2025-07-22 (extraneous estimates removed; remaining estimates unchanged); measures mid-March payroll employment at employer establishments, classified by enterprise (firm) employment size; primary split firms <500 vs 500+ employees (SBA cutoff). File: https://www2.census.gov/programs-surveys/susb/datasets/2022/msa_3digitnaics_2022.txt Landing page: https://www.census.gov/data/datasets/2022/econ/susb/2022-susb.html",126257,5162,6111,7803,21216,17697,40292,57989,68268,4.088486182944312,4.840127676089247,6.180251392002027,16.80382077825388,14.016648581860808,31.912686029289464,45.929334611150274,54.070665388849726,False,126257,0,126257,0,
40580,"Rocky Mount, NC Metro Area",metro,2022,standard_01_09,RETRIEVED,U.S. Census Bureau,Statistics of U.S. Businesses (SUSB),U.S. Census Bureau Statistics of U.S. Businesses (SUSB) 2022,msa_3digitnaics_2022.txt,https://www2.census.gov/programs-surveys/susb/datasets/2022/msa_3digitnaics_2022.txt,https://www.census.gov/data/datasets/2022/econ/susb/2022-susb.html,"reference year 2022; MSA dataset originally released 2025-05-29, revised 2025-07-22 (extraneous estimates removed; remaining estimates unchanged)","mid-March payroll employment at employer establishments, classified by enterprise (firm) employment size; primary split firms <500 vs 500+ employees (SBA cutoff)","U.S. Census Bureau, Statistics of U.S. Businesses (SUSB), 2022 Annual Datasets by Establishment Industry — msa_3digitnaics_2022.txt (all-industry NAICS=--, enterprise employment size); reference year 2022; MSA dataset originally released 2025-05-29, revised 2025-07-22 (extraneous estimates removed; remaining estimates unchanged); measures mid-March payroll employment at employer establishments, classified by enterprise (firm) employment size; primary split firms <500 vs 500+ employees (SBA cutoff). File: https://www2.census.gov/programs-surveys/susb/datasets/2022/msa_3digitnaics_2022.txt Landing page: https://www.census.gov/data/datasets/2022/econ/susb/2022-susb.html",50447,1981,2320,3056,7077,6418,14434,20852,29595,3.926893571471049,4.5988859595218745,6.057842884611572,14.028584454972545,12.722262969056633,28.61220687057704,41.33446983963368,58.66553016036632,False,50447,0,50447,0,
40660,"Rome, GA Metro Area",metro,2022,standard_01_09,RETRIEVED,U.S. Census Bureau,Statistics of U.S. Businesses (SUSB),U.S. Census Bureau Statistics of U.S. Businesses (SUSB) 2022,msa_3digitnaics_2022.txt,https://www2.census.gov/programs-surveys/susb/datasets/2022/msa_3digitnaics_2022.txt,https://www.census.gov/data/datasets/2022/econ/susb/2022-susb.html,"reference year 2022; MSA dataset originally released 2025-05-29, revised 2025-07-22 (extraneous estimates removed; remaining estimates unchanged)","mid-March payroll employment at employer establishments, classified by enterprise (firm) employment size; primary split firms <500 vs 500+ employees (SBA cutoff)","U.S. Census Bureau, Statistics of U.S. Businesses (SUSB), 2022 Annual Datasets by Establishment Industry — msa_3digitnaics_2022.txt (all-industry NAICS=--, enterprise employment size); reference year 2022; MSA dataset originally released 2025-05-29, revised 2025-07-22 (extraneous estimates removed; remaining estimates unchanged); measures mid-March payroll employment at employer establishments, classified by enterprise (firm) employment size; primary split firms <500 vs 500+ employees (SBA cutoff). File: https://www2.census.gov/programs-surveys/susb/datasets/2022/msa_3digitnaics_2022.txt Landing page: https://www.census.gov/data/datasets/2022/econ/susb/2022-susb.html",39305,1374,1746,2339,5756,4159,11215,15374,23931,3.495738455667218,4.442182928380613,5.950896832464063,14.644447271339525,10.581350973158631,28.53326548785142,39.11461646101005,60.88538353898995,False,39305,0,39305,0,
40900,"Sacramento-Roseville-Folsom, CA Metro Area",metro,2022,standard_01_09,RETRIEVED,U.S. Census Bureau,Statistics of U.S. Businesses (SUSB),U.S. Census Bureau Statistics of U.S. Businesses (SUSB) 2022,msa_3digitnaics_2022.txt,https://www2.census.gov/programs-surveys/susb/datasets/2022/msa_3digitnaics_2022.txt,https://www.census.gov/data/datasets/2022/econ/susb/2022-susb.html,"reference year 2022; MSA dataset originally released 2025-05-29, revised 2025-07-22 (extraneous estimates removed; remaining estimates unchanged)","mid-March payroll employment at employer establishments, classified by enterprise (firm) employment size; primary split firms <500 vs 500+ employees (SBA cutoff)","U.S. Census Bureau, Statistics of U.S. Businesses (SUSB), 2022 Annual Datasets by Establishment Industry — msa_3digitnaics_2022.txt (all-industry NAICS=--, enterprise employment size); reference year 2022; MSA dataset originally released 2025-05-29, revised 2025-07-22 (extraneous estimates removed; remaining estimates unchanged); measures mid-March payroll employment at employer establishments, classified by enterprise (firm) employment size; primary split firms <500 vs 500+ employees (SBA cutoff). File: https://www2.census.gov/programs-surveys/susb/datasets/2022/msa_3digitnaics_2022.txt Landing page: https://www.census.gov/data/datasets/2022/econ/susb/2022-susb.html",809745,41977,47619,64373,147151,107366,301120,408486,401259,5.183977671983155,5.8807402330363265,7.949786661232857,18.172511099173196,13.259235932299674,37.187015665425534,50.44625159772521,49.55374840227479,False,809745,0,809745,0,
40980,"Saginaw, MI Metro Area",metro,2022,standard_01_09,RETRIEVED,U.S. Census Bureau,Statistics of U.S. Businesses (SUSB),U.S. Census Bureau Statistics of U.S. Businesses (SUSB) 2022,msa_3digitnaics_2022.txt,https://www2.census.gov/programs-surveys/susb/datasets/2022/msa_3digitnaics_2022.txt,https://www.census.gov/data/datasets/2022/econ/susb/2022-susb.html,"reference year 2022; MSA dataset originally released 2025-05-29, revised 2025-07-22 (extraneous estimates removed; remaining estimates unchanged)","mid-March payroll employment at employer establishments, classified by enterprise (firm) employment size; primary split firms <500 vs 500+ employees (SBA cutoff)","U.S. Census Bureau, Statistics of U.S. Businesses (SUSB), 2022 Annual Datasets by Establishment Industry — msa_3digitnaics_2022.txt (all-industry NAICS=--, enterprise employment size); reference year 2022; MSA dataset originally released 2025-05-29, revised 2025-07-22 (extraneous estimates removed; remaining estimates unchanged); measures mid-March payroll employment at employer establishments, classified by enterprise (firm) employment size; primary split firms <500 vs 500+ employees (SBA cutoff). File: https://www2.census.gov/programs-surveys/susb/datasets/2022/msa_3digitnaics_2022.txt Landing page: https://www.census.gov/data/datasets/2022/econ/susb/2022-susb.html",77307,2641,3559,5320,13213,9773,24733,34506,42801,3.4162494987517302,4.603722819408333,6.881653666550248,17.091595845136922,12.64180475248037,31.993221829847233,44.635026582327605,55.364973417672395,False,77307,0,77307,0,
41420,"Salem, OR Metro Area",metro,2022,standard_01_09,RETRIEVED,U.S. Census Bureau,Statistics of U.S. Businesses (SUSB),U.S. Census Bureau Statistics of U.S. Businesses (SUSB) 2022,msa_3digitnaics_2022.txt,https://www2.census.gov/programs-surveys/susb/datasets/2022/msa_3digitnaics_2022.txt,https://www.census.gov/data/datasets/2022/econ/susb/2022-susb.html,"reference year 2022; MSA dataset originally released 2025-05-29, revised 2025-07-22 (extraneous estimates removed; remaining estimates unchanged)","mid-March payroll employment at employer establishments, classified by enterprise (firm) employment size; primary split firms <500 vs 500+ employees (SBA cutoff)","U.S. Census Bureau, Statistics of U.S. Businesses (SUSB), 2022 Annual Datasets by Establishment Industry — msa_3digitnaics_2022.txt (all-industry NAICS=--, enterprise employment size); reference year 2022; MSA dataset originally released 2025-05-29, revised 2025-07-22 (extraneous estimates removed; remaining estimates unchanged); measures mid-March payroll employment at employer establishments, classified by enterprise (firm) employment size; primary split firms <500 vs 500+ employees (SBA cutoff). File: https://www2.census.gov/programs-surveys/susb/datasets/2022/msa_3digitnaics_2022.txt Landing page: https://www.census.gov/data/datasets/2022/econ/susb/2022-susb.html",132193,8334,10104,13179,27652,21897,59269,81166,51027,6.304418539559584,7.643369921251503,9.969514270801026,20.917900342680777,16.56441717791411,44.83520307429289,61.399620252207,38.600379747793,False,132193,0,132193,0,
41500,"Salinas, CA Metro Area",metro,2022,standard_01_09,RETRIEVED,U.S. Census Bureau,Statistics of U.S. Businesses (SUSB),U.S. Census Bureau Statistics of U.S. Businesses (SUSB) 2022,msa_3digitnaics_2022.txt,https://www2.census.gov/programs-surveys/susb/datasets/2022/msa_3digitnaics_2022.txt,https://www.census.gov/data/datasets/2022/econ/susb/2022-susb.html,"reference year 2022; MSA dataset originally released 2025-05-29, revised 2025-07-22 (extraneous estimates removed; remaining estimates unchanged)","mid-March payroll employment at employer establishments, classified by enterprise (firm) employment size; primary split firms <500 vs 500+ employees (SBA cutoff)","U.S. Census Bureau, Statistics of U.S. Businesses (SUSB), 2022 Annual Datasets by Establishment Industry — msa_3digitnaics_2022.txt (all-industry NAICS=--, enterprise employment size); reference year 2022; MSA dataset originally released 2025-05-29, revised 2025-07-22 (extraneous estimates removed; remaining estimates unchanged); measures mid-March payroll employment at employer establishments, classified by enterprise (firm) employment size; primary split firms <500 vs 500+ employees (SBA cutoff). File: https://www2.census.gov/programs-surveys/susb/datasets/2022/msa_3digitnaics_2022.txt Landing page: https://www.census.gov/data/datasets/2022/econ/susb/2022-susb.html",116582,7269,8974,11308,23667,16063,51218,67281,49301,6.2350963270487725,7.697586248305914,9.699610574531231,20.300732531608652,13.778284812406717,43.93302568149457,57.71131049390129,42.28868950609871,False,116582,0,116582,0,
41540,"Salisbury, MD Metro Area",metro,2022,standard_01_09,RETRIEVED,U.S. Census Bureau,Statistics of U.S. Businesses (SUSB),U.S. Census Bureau Statistics of U.S. Businesses (SUSB) 2022,msa_3digitnaics_2022.txt,https://www2.census.gov/programs-surveys/susb/datasets/2022/msa_3digitnaics_2022.txt,https://www.census.gov/data/datasets/2022/econ/susb/2022-susb.html,"reference year 2022; MSA dataset originally released 2025-05-29, revised 2025-07-22 (extraneous estimates removed; remaining estimates unchanged)","mid-March payroll employment at employer establishments, classified by enterprise (firm) employment size; primary split firms <500 vs 500+ employees (SBA cutoff)","U.S. Census Bureau, Statistics of U.S. Businesses (SUSB), 2022 Annual Datasets by Establishment Industry — msa_3digitnaics_2022.txt (all-industry NAICS=--, enterprise employment size); reference year 2022; MSA dataset originally released 2025-05-29, revised 2025-07-22 (extraneous estimates removed; remaining estimates unchanged); measures mid-March payroll employment at employer establishments, classified by enterprise (firm) employment size; primary split firms <500 vs 500+ employees (SBA cutoff). File: https://www2.census.gov/programs-surveys/susb/datasets/2022/msa_3digitnaics_2022.txt Landing page: https://www.census.gov/data/datasets/2022/econ/susb/2022-susb.html",39294,1862,2388,3356,8079,6573,15685,22258,17036,4.738636942026773,6.077263704382348,8.540744133964473,20.56039089937395,16.72774469384639,39.91703567974754,56.64478037359393,43.35521962640607,False,39294,0,39294,0,
41620,"Salt Lake City-Murray, UT Metro Area",metro,2022,standard_01_09,RETRIEVED,U.S. Census Bureau,Statistics of U.S. Businesses (SUSB),U.S. Census Bureau Statistics of U.S. Businesses (SUSB) 2022,msa_3digitnaics_2022.txt,https://www2.census.gov/programs-surveys/susb/datasets/2022/msa_3digitnaics_2022.txt,https://www.census.gov/data/datasets/2022/econ/susb/2022-susb.html,"reference year 2022; MSA dataset originally released 2025-05-29, revised 2025-07-22 (extraneous estimates removed; remaining estimates unchanged)","mid-March payroll employment at employer establishments, classified by enterprise (firm) employment size; primary split firms <500 vs 500+ employees (SBA cutoff)","U.S. Census Bureau, Statistics of U.S. Businesses (SUSB), 2022 Annual Datasets by Establishment Industry — msa_3digitnaics_2022.txt (all-industry NAICS=--, enterprise employment size); reference year 2022; MSA dataset originally released 2025-05-29, revised 2025-07-22 (extraneous estimates removed; remaining estimates unchanged); measures mid-March payroll employment at employer establishments, classified by enterprise (firm) employment size; primary split firms <500 vs 500+ employees (SBA cutoff). File: https://www2.census.gov/programs-surveys/susb/datasets/2022/msa_3digitnaics_2022.txt Landing page: https://www.census.gov/data/datasets/2022/econ/susb/2022-susb.html",676512,25938,26774,38760,102842,89657,194314,283971,392541,3.834078331204768,3.9576533749586114,5.729388392223641,15.201799820254482,13.252832174447756,28.7229199186415,41.975752093089255,58.024247906910745,False,676512,0,676512,0,
41660,"San Angelo, TX Metro Area",metro,2022,standard_01_09,RETRIEVED,U.S. Census Bureau,Statistics of U.S. Businesses (SUSB),U.S. Census Bureau Statistics of U.S. Businesses (SUSB) 2022,msa_3digitnaics_2022.txt,https://www2.census.gov/programs-surveys/susb/datasets/2022/msa_3digitnaics_2022.txt,https://www.census.gov/data/datasets/2022/econ/susb/2022-susb.html,"reference year 2022; MSA dataset originally released 2025-05-29, revised 2025-07-22 (extraneous estimates removed; remaining estimates unchanged)","mid-March payroll employment at employer establishments, classified by enterprise (firm) employment size; primary split firms <500 vs 500+ employees (SBA cutoff)","U.S. Census Bureau, Statistics of U.S. Businesses (SUSB), 2022 Annual Datasets by Establishment Industry — msa_3digitnaics_2022.txt (all-industry NAICS=--, enterprise employment size); reference year 2022; MSA dataset originally released 2025-05-29, revised 2025-07-22 (extraneous estimates removed; remaining estimates unchanged); measures mid-March payroll employment at employer establishments, classified by enterprise (firm) employment size; primary split firms <500 vs 500+ employees (SBA cutoff). File: https://www2.census.gov/programs-surveys/susb/datasets/2022/msa_3digitnaics_2022.txt Landing page: https://www.census.gov/data/datasets/2022/econ/susb/2022-susb.html",41468,1969,2860,3933,7881,5567,16643,22210,19258,4.748239606443523,6.896884344554837,9.484421722774186,19.00501591588695,13.424809491656216,40.1345615896595,53.55937108131571,46.44062891868429,False,41468,0,41468,0,
41700,"San Antonio-New Braunfels, TX Metro Area",metro,2022,standard_01_09,RETRIEVED,U.S. Census Bureau,Statistics of U.S. Businesses (SUSB),U.S. Census Bureau Statistics of U.S. Businesses (SUSB) 2022,msa_3digitnaics_2022.txt,https://www2.census.gov/programs-surveys/susb/datasets/2022/msa_3digitnaics_2022.txt,https://www.census.gov/data/datasets/2022/econ/susb/2022-susb.html,"reference year 2022; MSA dataset originally released 2025-05-29, revised 2025-07-22 (extraneous estimates removed; remaining estimates unchanged)","mid-March payroll employment at employer establishments, classified by enterprise (firm) employment size; primary split firms <500 vs 500+ employees (SBA cutoff)","U.S. Census Bureau, Statistics of U.S. Businesses (SUSB), 2022 Annual Datasets by Establishment Industry — msa_3digitnaics_2022.txt (all-industry NAICS=--, enterprise employment size); reference year 2022; MSA dataset originally released 2025-05-29, revised 2025-07-22 (extraneous estimates removed; remaining estimates unchanged); measures mid-March payroll employment at employer establishments, classified by enterprise (firm) employment size; primary split firms <500 vs 500+ employees (SBA cutoff). File: https://www2.census.gov/programs-surveys/susb/datasets/2022/msa_3digitnaics_2022.txt Landing page: https://www.census.gov/data/datasets/2022/econ/susb/2022-susb.html",946286,35146,40870,51817,135116,124344,262949,387293,558993,3.7140991201391547,4.318990241850773,5.475828660679753,14.278558490773403,13.140213423848603,27.78747651344308,40.92768993729169,59.07231006270831,False,946286,0,946286,0,
41740,"San Diego-Chula Vista-Carlsbad, CA Metro Area",metro,2022,standard_01_09,RETRIEVED,U.S. Census Bureau,Statistics of U.S. Businesses (SUSB),U.S. Census Bureau Statistics of U.S. Businesses (SUSB) 2022,msa_3digitnaics_2022.txt,https://www2.census.gov/programs-surveys/susb/datasets/2022/msa_3digitnaics_2022.txt,https://www.census.gov/data/datasets/2022/econ/susb/2022-susb.html,"reference year 2022; MSA dataset originally released 2025-05-29, revised 2025-07-22 (extraneous estimates removed; remaining estimates unchanged)","mid-March payroll employment at employer establishments, classified by enterprise (firm) employment size; primary split firms <500 vs 500+ employees (SBA cutoff)","U.S. Census Bureau, Statistics of U.S. Businesses (SUSB), 2022 Annual Datasets by Establishment Industry — msa_3digitnaics_2022.txt (all-industry NAICS=--, enterprise employment size); reference year 2022; MSA dataset originally released 2025-05-29, revised 2025-07-22 (extraneous estimates removed; remaining estimates unchanged); measures mid-March payroll employment at employer establishments, classified by enterprise (firm) employment size; primary split firms <500 vs 500+ employees (SBA cutoff). File: https://www2.census.gov/programs-surveys/susb/datasets/2022/msa_3digitnaics_2022.txt Landing page: https://www.census.gov/data/datasets/2022/econ/susb/2022-susb.html",1338161,73926,74753,97698,238722,198428,485099,683527,654634,5.524447357231304,5.58624859041625,7.300915211248871,17.83955742246262,14.828410034368062,36.251168581359046,51.07957861572711,48.92042138427289,False,1338161,0,1338161,0,
41860,"San Francisco-Oakland-Fremont, CA Metro Area",metro,2022,standard_01_09,RETRIEVED,U.S. Census Bureau,Statistics of U.S. Businesses (SUSB),U.S. Census Bureau Statistics of U.S. Businesses (SUSB) 2022,msa_3digitnaics_2022.txt,https://www2.census.gov/programs-surveys/susb/datasets/2022/msa_3digitnaics_2022.txt,https://www.census.gov/data/datasets/2022/econ/susb/2022-susb.html,"reference year 2022; MSA dataset originally released 2025-05-29, revised 2025-07-22 (extraneous estimates removed; remaining estimates unchanged)","mid-March payroll employment at employer establishments, classified by enterprise (firm) employment size; primary split firms <500 vs 500+ employees (SBA cutoff)","U.S. Census Bureau, Statistics of U.S. Businesses (SUSB), 2022 Annual Datasets by Establishment Industry — msa_3digitnaics_2022.txt (all-industry NAICS=--, enterprise employment size); reference year 2022; MSA dataset originally released 2025-05-29, revised 2025-07-22 (extraneous estimates removed; remaining estimates unchanged); measures mid-March payroll employment at employer establishments, classified by enterprise (firm) employment size; primary split firms <500 vs 500+ employees (SBA cutoff). File: https://www2.census.gov/programs-surveys/susb/datasets/2022/msa_3digitnaics_2022.txt Landing page: https://www.census.gov/data/datasets/2022/econ/susb/2022-susb.html",2360860,104682,116412,154679,369455,356663,745228,1101891,1258969,4.434062163787773,4.930915005548825,6.551807392221479,15.649170217632557,15.107333768203112,31.565954779190633,46.673288547393746,53.326711452606254,False,2360860,0,2360860,0,
41940,"San Jose-Sunnyvale-Santa Clara, CA Metro Area",metro,2022,standard_01_09,RETRIEVED,U.S. Census Bureau,Statistics of U.S. Businesses (SUSB),U.S. Census Bureau Statistics of U.S. Businesses (SUSB) 2022,msa_3digitnaics_2022.txt,https://www2.census.gov/programs-surveys/susb/datasets/2022/msa_3digitnaics_2022.txt,https://www.census.gov/data/datasets/2022/econ/susb/2022-susb.html,"reference year 2022; MSA dataset originally released 2025-05-29, revised 2025-07-22 (extraneous estimates removed; remaining estimates unchanged)","mid-March payroll employment at employer establishments, classified by enterprise (firm) employment size; primary split firms <500 vs 500+ employees (SBA cutoff)","U.S. Census Bureau, Statistics of U.S. Businesses (SUSB), 2022 Annual Datasets by Establishment Industry — msa_3digitnaics_2022.txt (all-industry NAICS=--, enterprise employment size); reference year 2022; MSA dataset originally released 2025-05-29, revised 2025-07-22 (extraneous estimates removed; remaining estimates unchanged); measures mid-March payroll employment at employer establishments, classified by enterprise (firm) employment size; primary split firms <500 vs 500+ employees (SBA cutoff). File: https://www2.census.gov/programs-surveys/susb/datasets/2022/msa_3digitnaics_2022.txt Landing page: https://www.census.gov/data/datasets/2022/econ/susb/2022-susb.html",1147117,38879,44750,58311,141264,141151,283204,424355,722762,3.389279384753255,3.9010841962938394,5.083265264136091,12.314698500676043,12.304847718236239,24.68832734585923,36.99317506409547,63.00682493590453,False,1147117,0,1147117,0,
42020,"San Luis Obispo-Paso Robles, CA Metro Area",metro,2022,standard_01_09,RETRIEVED,U.S. Census Bureau,Statistics of U.S. Businesses (SUSB),U.S. Census Bureau Statistics of U.S. Businesses (SUSB) 2022,msa_3digitnaics_2022.txt,https://www2.census.gov/programs-surveys/susb/datasets/2022/msa_3digitnaics_2022.txt,https://www.census.gov/data/datasets/2022/econ/susb/2022-susb.html,"reference year 2022; MSA dataset originally released 2025-05-29, revised 2025-07-22 (extraneous estimates removed; remaining estimates unchanged)","mid-March payroll employment at employer establishments, classified by enterprise (firm) employment size; primary split firms <500 vs 500+ employees (SBA cutoff)","U.S. Census Bureau, Statistics of U.S. Businesses (SUSB), 2022 Annual Datasets by Establishment Industry — msa_3digitnaics_2022.txt (all-industry NAICS=--, enterprise employment size); reference year 2022; MSA dataset originally released 2025-05-29, revised 2025-07-22 (extraneous estimates removed; remaining estimates unchanged); measures mid-March payroll employment at employer establishments, classified by enterprise (firm) employment size; primary split firms <500 vs 500+ employees (SBA cutoff). File: https://www2.census.gov/programs-surveys/susb/datasets/2022/msa_3digitnaics_2022.txt Landing page: https://www.census.gov/data/datasets/2022/econ/susb/2022-susb.html",99466,7313,9018,11474,25346,12768,53151,65919,33547,7.352261074135885,9.066414654253714,11.535600104558341,25.482074276637242,12.836547161844248,53.436350109585184,66.27289727142943,33.727102728570564,False,99466,0,99466,0,
41780,"Sandusky, OH Metro Area",metro,2022,standard_01_09,RETRIEVED,U.S. Census Bureau,Statistics of U.S. Businesses (SUSB),U.S. Census Bureau Statistics of U.S. Businesses (SUSB) 2022,msa_3digitnaics_2022.txt,https://www2.census.gov/programs-surveys/susb/datasets/2022/msa_3digitnaics_2022.txt,https://www.census.gov/data/datasets/2022/econ/susb/2022-susb.html,"reference year 2022; MSA dataset originally released 2025-05-29, revised 2025-07-22 (extraneous estimates removed; remaining estimates unchanged)","mid-March payroll employment at employer establishments, classified by enterprise (firm) employment size; primary split firms <500 vs 500+ employees (SBA cutoff)","U.S. Census Bureau, Statistics of U.S. Businesses (SUSB), 2022 Annual Datasets by Establishment Industry — msa_3digitnaics_2022.txt (all-industry NAICS=--, enterprise employment size); reference year 2022; MSA dataset originally released 2025-05-29, revised 2025-07-22 (extraneous estimates removed; remaining estimates unchanged); measures mid-March payroll employment at employer establishments, classified by enterprise (firm) employment size; primary split firms <500 vs 500+ employees (SBA cutoff). File: https://www2.census.gov/programs-surveys/susb/datasets/2022/msa_3digitnaics_2022.txt Landing page: https://www.census.gov/data/datasets/2022/econ/susb/2022-susb.html",42057,1989,2759,3323,7878,5141,15949,21090,20967,4.729295955488979,6.560144565708443,7.901181729557505,18.731721235466154,12.223886630049694,37.92234348622108,50.14623011627078,49.85376988372922,False,42057,0,42057,0,
42100,"Santa Cruz-Watsonville, CA Metro Area",metro,2022,standard_01_09,RETRIEVED,U.S. Census Bureau,Statistics of U.S. Businesses (SUSB),U.S. Census Bureau Statistics of U.S. Businesses (SUSB) 2022,msa_3digitnaics_2022.txt,https://www2.census.gov/programs-surveys/susb/datasets/2022/msa_3digitnaics_2022.txt,https://www.census.gov/data/datasets/2022/econ/susb/2022-susb.html,"reference year 2022; MSA dataset originally released 2025-05-29, revised 2025-07-22 (extraneous estimates removed; remaining estimates unchanged)","mid-March payroll employment at employer establishments, classified by enterprise (firm) employment size; primary split firms <500 vs 500+ employees (SBA cutoff)","U.S. Census Bureau, Statistics of U.S. Businesses (SUSB), 2022 Annual Datasets by Establishment Industry — msa_3digitnaics_2022.txt (all-industry NAICS=--, enterprise employment size); reference year 2022; MSA dataset originally released 2025-05-29, revised 2025-07-22 (extraneous estimates removed; remaining estimates unchanged); measures mid-March payroll employment at employer establishments, classified by enterprise (firm) employment size; primary split firms <500 vs 500+ employees (SBA cutoff). File: https://www2.census.gov/programs-surveys/susb/datasets/2022/msa_3digitnaics_2022.txt Landing page: https://www.census.gov/data/datasets/2022/econ/susb/2022-susb.html",78616,6083,7350,9229,20267,12162,42929,55091,23525,7.737610664495777,9.349241884603643,11.739340592245853,25.77973949323293,15.470133306197212,54.6059326345782,70.07606594077541,29.923934059224585,False,78616,0,78616,0,
42140,"Santa Fe, NM Metro Area",metro,2022,standard_01_09,RETRIEVED,U.S. Census Bureau,Statistics of U.S. Businesses (SUSB),U.S. Census Bureau Statistics of U.S. Businesses (SUSB) 2022,msa_3digitnaics_2022.txt,https://www2.census.gov/programs-surveys/susb/datasets/2022/msa_3digitnaics_2022.txt,https://www.census.gov/data/datasets/2022/econ/susb/2022-susb.html,"reference year 2022; MSA dataset originally released 2025-05-29, revised 2025-07-22 (extraneous estimates removed; remaining estimates unchanged)","mid-March payroll employment at employer establishments, classified by enterprise (firm) employment size; primary split firms <500 vs 500+ employees (SBA cutoff)","U.S. Census Bureau, Statistics of U.S. Businesses (SUSB), 2022 Annual Datasets by Establishment Industry — msa_3digitnaics_2022.txt (all-industry NAICS=--, enterprise employment size); reference year 2022; MSA dataset originally released 2025-05-29, revised 2025-07-22 (extraneous estimates removed; remaining estimates unchanged); measures mid-March payroll employment at employer establishments, classified by enterprise (firm) employment size; primary split firms <500 vs 500+ employees (SBA cutoff). File: https://www2.census.gov/programs-surveys/susb/datasets/2022/msa_3digitnaics_2022.txt Landing page: https://www.census.gov/data/datasets/2022/econ/susb/2022-susb.html",47378,4095,4169,5257,11299,5720,24820,30540,16838,8.643252142344549,8.799442779349064,11.095867280172232,23.848621723162648,12.073114103592385,52.387183925028495,64.46029802862088,35.539701971379124,False,47378,0,47378,0,
42200,"Santa Maria-Santa Barbara, CA Metro Area",metro,2022,standard_01_09,RETRIEVED,U.S. Census Bureau,Statistics of U.S. Businesses (SUSB),U.S. Census Bureau Statistics of U.S. Businesses (SUSB) 2022,msa_3digitnaics_2022.txt,https://www2.census.gov/programs-surveys/susb/datasets/2022/msa_3digitnaics_2022.txt,https://www.census.gov/data/datasets/2022/econ/susb/2022-susb.html,"reference year 2022; MSA dataset originally released 2025-05-29, revised 2025-07-22 (extraneous estimates removed; remaining estimates unchanged)","mid-March payroll employment at employer establishments, classified by enterprise (firm) employment size; primary split firms <500 vs 500+ employees (SBA cutoff)","U.S. Census Bureau, Statistics of U.S. Businesses (SUSB), 2022 Annual Datasets by Establishment Industry — msa_3digitnaics_2022.txt (all-industry NAICS=--, enterprise employment size); reference year 2022; MSA dataset originally released 2025-05-29, revised 2025-07-22 (extraneous estimates removed; remaining estimates unchanged); measures mid-March payroll employment at employer establishments, classified by enterprise (firm) employment size; primary split firms <500 vs 500+ employees (SBA cutoff). File: https://www2.census.gov/programs-surveys/susb/datasets/2022/msa_3digitnaics_2022.txt Landing page: https://www.census.gov/data/datasets/2022/econ/susb/2022-susb.html",156607,9682,11815,15234,36539,24728,73270,97998,58609,6.182354556309743,7.544362640239581,9.727534529107894,23.331651841871693,15.789843365877642,46.78590356752891,62.575746933406556,37.424253066593444,False,156607,0,156607,0,
42220,"Santa Rosa-Petaluma, CA Metro Area",metro,2022,standard_01_09,RETRIEVED,U.S. Census Bureau,Statistics of U.S. Businesses (SUSB),U.S. Census Bureau Statistics of U.S. Businesses (SUSB) 2022,msa_3digitnaics_2022.txt,https://www2.census.gov/programs-surveys/susb/datasets/2022/msa_3digitnaics_2022.txt,https://www.census.gov/data/datasets/2022/econ/susb/2022-susb.html,"reference year 2022; MSA dataset originally released 2025-05-29, revised 2025-07-22 (extraneous estimates removed; remaining estimates unchanged)","mid-March payroll employment at employer establishments, classified by enterprise (firm) employment size; primary split firms <500 vs 500+ employees (SBA cutoff)","U.S. Census Bureau, Statistics of U.S. Businesses (SUSB), 2022 Annual Datasets by Establishment Industry — msa_3digitnaics_2022.txt (all-industry NAICS=--, enterprise employment size); reference year 2022; MSA dataset originally released 2025-05-29, revised 2025-07-22 (extraneous estimates removed; remaining estimates unchanged); measures mid-March payroll employment at employer establishments, classified by enterprise (firm) employment size; primary split firms <500 vs 500+ employees (SBA cutoff). File: https://www2.census.gov/programs-surveys/susb/datasets/2022/msa_3digitnaics_2022.txt Landing page: https://www.census.gov/data/datasets/2022/econ/susb/2022-susb.html",176295,12006,14797,18554,38972,26914,84329,111243,65052,6.8101761252446185,8.393318018094671,10.524405116424175,22.106128931620294,15.266456791173885,47.83402819138376,63.100484982557646,36.899515017442354,False,176295,0,176295,0,
42340,"Savannah, GA Metro Area",metro,2022,standard_01_09,RETRIEVED,U.S. Census Bureau,Statistics of U.S. Businesses (SUSB),U.S. Census Bureau Statistics of U.S. Businesses (SUSB) 2022,msa_3digitnaics_2022.txt,https://www2.census.gov/programs-surveys/susb/datasets/2022/msa_3digitnaics_2022.txt,https://www.census.gov/data/datasets/2022/econ/susb/2022-susb.html,"reference year 2022; MSA dataset originally released 2025-05-29, revised 2025-07-22 (extraneous estimates removed; remaining estimates unchanged)","mid-March payroll employment at employer establishments, classified by enterprise (firm) employment size; primary split firms <500 vs 500+ employees (SBA cutoff)","U.S. Census Bureau, Statistics of U.S. Businesses (SUSB), 2022 Annual Datasets by Establishment Industry — msa_3digitnaics_2022.txt (all-industry NAICS=--, enterprise employment size); reference year 2022; MSA dataset originally released 2025-05-29, revised 2025-07-22 (extraneous estimates removed; remaining estimates unchanged); measures mid-March payroll employment at employer establishments, classified by enterprise (firm) employment size; primary split firms <500 vs 500+ employees (SBA cutoff). File: https://www2.census.gov/programs-surveys/susb/datasets/2022/msa_3digitnaics_2022.txt Landing page: https://www.census.gov/data/datasets/2022/econ/susb/2022-susb.html",171121,7280,8605,11130,30115,19939,57130,77069,94052,4.2542995891795865,5.0286054896827395,6.504169564226483,17.598658259360334,11.651988943496123,33.38573290244914,45.03772184594526,54.96227815405474,False,171121,0,171121,0,
42540,"Scranton--Wilkes-Barre, PA Metro Area",metro,2022,standard_01_09,RETRIEVED,U.S. Census Bureau,Statistics of U.S. Businesses (SUSB),U.S. Census Bureau Statistics of U.S. Businesses (SUSB) 2022,msa_3digitnaics_2022.txt,https://www2.census.gov/programs-surveys/susb/datasets/2022/msa_3digitnaics_2022.txt,https://www.census.gov/data/datasets/2022/econ/susb/2022-susb.html,"reference year 2022; MSA dataset originally released 2025-05-29, revised 2025-07-22 (extraneous estimates removed; remaining estimates unchanged)","mid-March payroll employment at employer establishments, classified by enterprise (firm) employment size; primary split firms <500 vs 500+ employees (SBA cutoff)","U.S. Census Bureau, Statistics of U.S. Businesses (SUSB), 2022 Annual Datasets by Establishment Industry — msa_3digitnaics_2022.txt (all-industry NAICS=--, enterprise employment size); reference year 2022; MSA dataset originally released 2025-05-29, revised 2025-07-22 (extraneous estimates removed; remaining estimates unchanged); measures mid-March payroll employment at employer establishments, classified by enterprise (firm) employment size; primary split firms <500 vs 500+ employees (SBA cutoff). File: https://www2.census.gov/programs-surveys/susb/datasets/2022/msa_3digitnaics_2022.txt Landing page: https://www.census.gov/data/datasets/2022/econ/susb/2022-susb.html",232014,9578,11193,13889,36484,32834,71144,103978,128036,4.128199160395494,4.824277845302439,5.9862766901997295,15.724913151792565,14.151732223055506,30.663666847690227,44.815399070745734,55.184600929254266,False,232014,0,232014,0,
42660,"Seattle-Tacoma-Bellevue, WA Metro Area",metro,2022,standard_01_09,RETRIEVED,U.S. Census Bureau,Statistics of U.S. Businesses (SUSB),U.S. Census Bureau Statistics of U.S. Businesses (SUSB) 2022,msa_3digitnaics_2022.txt,https://www2.census.gov/programs-surveys/susb/datasets/2022/msa_3digitnaics_2022.txt,https://www.census.gov/data/datasets/2022/econ/susb/2022-susb.html,"reference year 2022; MSA dataset originally released 2025-05-29, revised 2025-07-22 (extraneous estimates removed; remaining estimates unchanged)","mid-March payroll employment at employer establishments, classified by enterprise (firm) employment size; primary split firms <500 vs 500+ employees (SBA cutoff)","U.S. Census Bureau, Statistics of U.S. Businesses (SUSB), 2022 Annual Datasets by Establishment Industry — msa_3digitnaics_2022.txt (all-industry NAICS=--, enterprise employment size); reference year 2022; MSA dataset originally released 2025-05-29, revised 2025-07-22 (extraneous estimates removed; remaining estimates unchanged); measures mid-March payroll employment at employer establishments, classified by enterprise (firm) employment size; primary split firms <500 vs 500+ employees (SBA cutoff). File: https://www2.census.gov/programs-surveys/susb/datasets/2022/msa_3digitnaics_2022.txt Landing page: https://www.census.gov/data/datasets/2022/econ/susb/2022-susb.html",1845497,84104,93869,120011,286458,225558,584442,810000,1035497,4.557254766602167,5.086380525137673,6.502909514347626,15.521997597395174,12.222073511904924,31.66854240348264,43.89061591538756,56.10938408461244,False,1845497,0,1845497,0,
42680,"Sebastian-Vero Beach-West Vero Corridor, FL Metro Area",metro,2022,standard_01_09,RETRIEVED,U.S. Census Bureau,Statistics of U.S. Businesses (SUSB),U.S. Census Bureau Statistics of U.S. Businesses (SUSB) 2022,msa_3digitnaics_2022.txt,https://www2.census.gov/programs-surveys/susb/datasets/2022/msa_3digitnaics_2022.txt,https://www.census.gov/data/datasets/2022/econ/susb/2022-susb.html,"reference year 2022; MSA dataset originally released 2025-05-29, revised 2025-07-22 (extraneous estimates removed; remaining estimates unchanged)","mid-March payroll employment at employer establishments, classified by enterprise (firm) employment size; primary split firms <500 vs 500+ employees (SBA cutoff)","U.S. Census Bureau, Statistics of U.S. Businesses (SUSB), 2022 Annual Datasets by Establishment Industry — msa_3digitnaics_2022.txt (all-industry NAICS=--, enterprise employment size); reference year 2022; MSA dataset originally released 2025-05-29, revised 2025-07-22 (extraneous estimates removed; remaining estimates unchanged); measures mid-March payroll employment at employer establishments, classified by enterprise (firm) employment size; primary split firms <500 vs 500+ employees (SBA cutoff). File: https://www2.census.gov/programs-surveys/susb/datasets/2022/msa_3digitnaics_2022.txt Landing page: https://www.census.gov/data/datasets/2022/econ/susb/2022-susb.html",50149,4225,3815,4960,11281,5493,24281,29774,20375,8.424893816427048,7.607330156134719,9.89052623182915,22.494965004287224,10.953358990209177,48.41771520867814,59.371074198887314,40.628925801112686,False,50149,0,50149,0,
42700,"Sebring, FL Metro Area",metro,2022,standard_01_09,RETRIEVED,U.S. Census Bureau,Statistics of U.S. Businesses (SUSB),U.S. Census Bureau Statistics of U.S. Businesses (SUSB) 2022,msa_3digitnaics_2022.txt,https://www2.census.gov/programs-surveys/susb/datasets/2022/msa_3digitnaics_2022.txt,https://www.census.gov/data/datasets/2022/econ/susb/2022-susb.html,"reference year 2022; MSA dataset originally released 2025-05-29, revised 2025-07-22 (extraneous estimates removed; remaining estimates unchanged)","mid-March payroll employment at employer establishments, classified by enterprise (firm) employment size; primary split firms <500 vs 500+ employees (SBA cutoff)","U.S. Census Bureau, Statistics of U.S. Businesses (SUSB), 2022 Annual Datasets by Establishment Industry — msa_3digitnaics_2022.txt (all-industry NAICS=--, enterprise employment size); reference year 2022; MSA dataset originally released 2025-05-29, revised 2025-07-22 (extraneous estimates removed; remaining estimates unchanged); measures mid-March payroll employment at employer establishments, classified by enterprise (firm) employment size; primary split firms <500 vs 500+ employees (SBA cutoff). File: https://www2.census.gov/programs-surveys/susb/datasets/2022/msa_3digitnaics_2022.txt Landing page: https://www.census.gov/data/datasets/2022/econ/susb/2022-susb.html",22520,1685,1910,1990,4124,2709,9709,12418,10102,7.482238010657194,8.481349911190053,8.83658969804618,18.312611012433393,12.02930728241563,43.11278863232682,55.14209591474245,44.85790408525755,False,22520,0,22520,0,
43100,"Sheboygan, WI Metro Area",metro,2022,standard_01_09,RETRIEVED,U.S. Census Bureau,Statistics of U.S. Businesses (SUSB),U.S. Census Bureau Statistics of U.S. Businesses (SUSB) 2022,msa_3digitnaics_2022.txt,https://www2.census.gov/programs-surveys/susb/datasets/2022/msa_3digitnaics_2022.txt,https://www.census.gov/data/datasets/2022/econ/susb/2022-susb.html,"reference year 2022; MSA dataset originally released 2025-05-29, revised 2025-07-22 (extraneous estimates removed; remaining estimates unchanged)","mid-March payroll employment at employer establishments, classified by enterprise (firm) employment size; primary split firms <500 vs 500+ employees (SBA cutoff)","U.S. Census Bureau, Statistics of U.S. Businesses (SUSB), 2022 Annual Datasets by Establishment Industry — msa_3digitnaics_2022.txt (all-industry NAICS=--, enterprise employment size); reference year 2022; MSA dataset originally released 2025-05-29, revised 2025-07-22 (extraneous estimates removed; remaining estimates unchanged); measures mid-March payroll employment at employer establishments, classified by enterprise (firm) employment size; primary split firms <500 vs 500+ employees (SBA cutoff). File: https://www2.census.gov/programs-surveys/susb/datasets/2022/msa_3digitnaics_2022.txt Landing page: https://www.census.gov/data/datasets/2022/econ/susb/2022-susb.html",52523,1802,2573,3105,8850,6475,16330,22805,29718,3.43087790110999,4.8988062372674825,5.911695828494183,16.849761057060718,12.32793252479866,31.091141023932373,43.419073548731035,56.580926451268965,False,52523,0,52523,0,
43300,"Sherman-Denison, TX Metro Area",metro,2022,standard_01_09,RETRIEVED,U.S. Census Bureau,Statistics of U.S. Businesses (SUSB),U.S. Census Bureau Statistics of U.S. Businesses (SUSB) 2022,msa_3digitnaics_2022.txt,https://www2.census.gov/programs-surveys/susb/datasets/2022/msa_3digitnaics_2022.txt,https://www.census.gov/data/datasets/2022/econ/susb/2022-susb.html,"reference year 2022; MSA dataset originally released 2025-05-29, revised 2025-07-22 (extraneous estimates removed; remaining estimates unchanged)","mid-March payroll employment at employer establishments, classified by enterprise (firm) employment size; primary split firms <500 vs 500+ employees (SBA cutoff)","U.S. Census Bureau, Statistics of U.S. Businesses (SUSB), 2022 Annual Datasets by Establishment Industry — msa_3digitnaics_2022.txt (all-industry NAICS=--, enterprise employment size); reference year 2022; MSA dataset originally released 2025-05-29, revised 2025-07-22 (extraneous estimates removed; remaining estimates unchanged); measures mid-March payroll employment at employer establishments, classified by enterprise (firm) employment size; primary split firms <500 vs 500+ employees (SBA cutoff). File: https://www2.census.gov/programs-surveys/susb/datasets/2022/msa_3digitnaics_2022.txt Landing page: https://www.census.gov/data/datasets/2022/econ/susb/2022-susb.html",41183,2112,2848,3416,6965,4809,15341,20150,21033,5.128329650583979,6.915474831848092,8.294684699997571,16.91231818954423,11.677148337906418,37.25080737197387,48.92795570988029,51.07204429011971,False,41183,0,41183,0,
43340,"Shreveport-Bossier City, LA Metro Area",metro,2022,standard_01_09,RETRIEVED,U.S. Census Bureau,Statistics of U.S. Businesses (SUSB),U.S. Census Bureau Statistics of U.S. Businesses (SUSB) 2022,msa_3digitnaics_2022.txt,https://www2.census.gov/programs-surveys/susb/datasets/2022/msa_3digitnaics_2022.txt,https://www.census.gov/data/datasets/2022/econ/susb/2022-susb.html,"reference year 2022; MSA dataset originally released 2025-05-29, revised 2025-07-22 (extraneous estimates removed; remaining estimates unchanged)","mid-March payroll employment at employer establishments, classified by enterprise (firm) employment size; primary split firms <500 vs 500+ employees (SBA cutoff)","U.S. Census Bureau, Statistics of U.S. Businesses (SUSB), 2022 Annual Datasets by Establishment Industry — msa_3digitnaics_2022.txt (all-industry NAICS=--, enterprise employment size); reference year 2022; MSA dataset originally released 2025-05-29, revised 2025-07-22 (extraneous estimates removed; remaining estimates unchanged); measures mid-March payroll employment at employer establishments, classified by enterprise (firm) employment size; primary split firms <500 vs 500+ employees (SBA cutoff). File: https://www2.census.gov/programs-surveys/susb/datasets/2022/msa_3digitnaics_2022.txt Landing page: https://www.census.gov/data/datasets/2022/econ/susb/2022-susb.html",135884,6328,7741,10320,26378,22247,50767,73014,62870,4.65691324953637,5.6967707750728565,7.594713137676253,19.412145653645755,16.372052633128256,37.36054281593123,53.732595449059495,46.267404550940505,False,135884,0,135884,0,
43420,"Sierra Vista-Douglas, AZ Metro Area",metro,2022,standard_01_09,RETRIEVED,U.S. Census Bureau,Statistics of U.S. Businesses (SUSB),U.S. Census Bureau Statistics of U.S. Businesses (SUSB) 2022,msa_3digitnaics_2022.txt,https://www2.census.gov/programs-surveys/susb/datasets/2022/msa_3digitnaics_2022.txt,https://www.census.gov/data/datasets/2022/econ/susb/2022-susb.html,"reference year 2022; MSA dataset originally released 2025-05-29, revised 2025-07-22 (extraneous estimates removed; remaining estimates unchanged)","mid-March payroll employment at employer establishments, classified by enterprise (firm) employment size; primary split firms <500 vs 500+ employees (SBA cutoff)","U.S. Census Bureau, Statistics of U.S. Businesses (SUSB), 2022 Annual Datasets by Establishment Industry — msa_3digitnaics_2022.txt (all-industry NAICS=--, enterprise employment size); reference year 2022; MSA dataset originally released 2025-05-29, revised 2025-07-22 (extraneous estimates removed; remaining estimates unchanged); measures mid-March payroll employment at employer establishments, classified by enterprise (firm) employment size; primary split firms <500 vs 500+ employees (SBA cutoff). File: https://www2.census.gov/programs-surveys/susb/datasets/2022/msa_3digitnaics_2022.txt Landing page: https://www.census.gov/data/datasets/2022/econ/susb/2022-susb.html",26000,1452,2100,2655,4722,4143,10929,15072,10928,5.584615384615384,8.076923076923077,10.211538461538462,18.161538461538463,15.934615384615384,42.034615384615385,57.96923076923077,42.03076923076923,False,26000,0,26000,0,
43580,"Sioux City, IA-NE-SD Metro Area",metro,2022,standard_01_09,RETRIEVED,U.S. Census Bureau,Statistics of U.S. Businesses (SUSB),U.S. Census Bureau Statistics of U.S. Businesses (SUSB) 2022,msa_3digitnaics_2022.txt,https://www2.census.gov/programs-surveys/susb/datasets/2022/msa_3digitnaics_2022.txt,https://www.census.gov/data/datasets/2022/econ/susb/2022-susb.html,"reference year 2022; MSA dataset originally released 2025-05-29, revised 2025-07-22 (extraneous estimates removed; remaining estimates unchanged)","mid-March payroll employment at employer establishments, classified by enterprise (firm) employment size; primary split firms <500 vs 500+ employees (SBA cutoff)","U.S. Census Bureau, Statistics of U.S. Businesses (SUSB), 2022 Annual Datasets by Establishment Industry — msa_3digitnaics_2022.txt (all-industry NAICS=--, enterprise employment size); reference year 2022; MSA dataset originally released 2025-05-29, revised 2025-07-22 (extraneous estimates removed; remaining estimates unchanged); measures mid-March payroll employment at employer establishments, classified by enterprise (firm) employment size; primary split firms <500 vs 500+ employees (SBA cutoff). File: https://www2.census.gov/programs-surveys/susb/datasets/2022/msa_3digitnaics_2022.txt Landing page: https://www.census.gov/data/datasets/2022/econ/susb/2022-susb.html",68780,2450,2840,4200,10853,12042,20343,32385,36395,3.5620820005815643,4.129107298633324,6.106426286711253,15.779296307066007,17.507996510613552,29.57691189299215,47.0849084036057,52.9150915963943,False,68780,0,68780,0,
43620,"Sioux Falls, SD-MN Metro Area",metro,2022,standard_01_09,RETRIEVED,U.S. Census Bureau,Statistics of U.S. Businesses (SUSB),U.S. Census Bureau Statistics of U.S. Businesses (SUSB) 2022,msa_3digitnaics_2022.txt,https://www2.census.gov/programs-surveys/susb/datasets/2022/msa_3digitnaics_2022.txt,https://www.census.gov/data/datasets/2022/econ/susb/2022-susb.html,"reference year 2022; MSA dataset originally released 2025-05-29, revised 2025-07-22 (extraneous estimates removed; remaining estimates unchanged)","mid-March payroll employment at employer establishments, classified by enterprise (firm) employment size; primary split firms <500 vs 500+ employees (SBA cutoff)","U.S. Census Bureau, Statistics of U.S. Businesses (SUSB), 2022 Annual Datasets by Establishment Industry — msa_3digitnaics_2022.txt (all-industry NAICS=--, enterprise employment size); reference year 2022; MSA dataset originally released 2025-05-29, revised 2025-07-22 (extraneous estimates removed; remaining estimates unchanged); measures mid-March payroll employment at employer establishments, classified by enterprise (firm) employment size; primary split firms <500 vs 500+ employees (SBA cutoff). File: https://www2.census.gov/programs-surveys/susb/datasets/2022/msa_3digitnaics_2022.txt Landing page: https://www.census.gov/data/datasets/2022/econ/susb/2022-susb.html",154840,6368,7107,10021,27186,24858,50682,75540,79300,4.112632394730044,4.589899250839577,6.471841901317489,17.5574786876776,16.05399121673986,32.73185223456471,48.78584345130457,51.21415654869543,False,154840,0,154840,0,
43640,"Slidell-Mandeville-Covington, LA Metro Area",metro,2022,standard_01_09,RETRIEVED,U.S. Census Bureau,Statistics of U.S. Businesses (SUSB),U.S. Census Bureau Statistics of U.S. Businesses (SUSB) 2022,msa_3digitnaics_2022.txt,https://www2.census.gov/programs-surveys/susb/datasets/2022/msa_3digitnaics_2022.txt,https://www.census.gov/data/datasets/2022/econ/susb/2022-susb.html,"reference year 2022; MSA dataset originally released 2025-05-29, revised 2025-07-22 (extraneous estimates removed; remaining estimates unchanged)","mid-March payroll employment at employer establishments, classified by enterprise (firm) employment size; primary split firms <500 vs 500+ employees (SBA cutoff)","U.S. Census Bureau, Statistics of U.S. Businesses (SUSB), 2022 Annual Datasets by Establishment Industry — msa_3digitnaics_2022.txt (all-industry NAICS=--, enterprise employment size); reference year 2022; MSA dataset originally released 2025-05-29, revised 2025-07-22 (extraneous estimates removed; remaining estimates unchanged); measures mid-March payroll employment at employer establishments, classified by enterprise (firm) employment size; primary split firms <500 vs 500+ employees (SBA cutoff). File: https://www2.census.gov/programs-surveys/susb/datasets/2022/msa_3digitnaics_2022.txt Landing page: https://www.census.gov/data/datasets/2022/econ/susb/2022-susb.html",85333,5294,5902,7470,19175,11124,37841,48965,36368,6.203930484103454,6.9164332673174505,8.753940445079863,22.47079090152696,13.035988421829773,44.34509509802773,57.3810835198575,42.6189164801425,False,85333,0,85333,0,
43780,"South Bend-Mishawaka, IN-MI Metro Area",metro,2022,standard_01_09,RETRIEVED,U.S. Census Bureau,Statistics of U.S. Businesses (SUSB),U.S. Census Bureau Statistics of U.S. Businesses (SUSB) 2022,msa_3digitnaics_2022.txt,https://www2.census.gov/programs-surveys/susb/datasets/2022/msa_3digitnaics_2022.txt,https://www.census.gov/data/datasets/2022/econ/susb/2022-susb.html,"reference year 2022; MSA dataset originally released 2025-05-29, revised 2025-07-22 (extraneous estimates removed; remaining estimates unchanged)","mid-March payroll employment at employer establishments, classified by enterprise (firm) employment size; primary split firms <500 vs 500+ employees (SBA cutoff)","U.S. Census Bureau, Statistics of U.S. Businesses (SUSB), 2022 Annual Datasets by Establishment Industry — msa_3digitnaics_2022.txt (all-industry NAICS=--, enterprise employment size); reference year 2022; MSA dataset originally released 2025-05-29, revised 2025-07-22 (extraneous estimates removed; remaining estimates unchanged); measures mid-March payroll employment at employer establishments, classified by enterprise (firm) employment size; primary split firms <500 vs 500+ employees (SBA cutoff). File: https://www2.census.gov/programs-surveys/susb/datasets/2022/msa_3digitnaics_2022.txt Landing page: https://www.census.gov/data/datasets/2022/econ/susb/2022-susb.html",128199,4356,5440,7801,22054,16952,39651,56603,71596,3.397842416867526,4.243402834655496,6.085070866387413,17.202942300641972,13.223192068580879,30.929258418552408,44.15245048713329,55.84754951286671,False,128199,0,128199,0,
43900,"Spartanburg, SC Metro Area",metro,2022,standard_01_09,RETRIEVED,U.S. Census Bureau,Statistics of U.S. Businesses (SUSB),U.S. Census Bureau Statistics of U.S. Businesses (SUSB) 2022,msa_3digitnaics_2022.txt,https://www2.census.gov/programs-surveys/susb/datasets/2022/msa_3digitnaics_2022.txt,https://www.census.gov/data/datasets/2022/econ/susb/2022-susb.html,"reference year 2022; MSA dataset originally released 2025-05-29, revised 2025-07-22 (extraneous estimates removed; remaining estimates unchanged)","mid-March payroll employment at employer establishments, classified by enterprise (firm) employment size; primary split firms <500 vs 500+ employees (SBA cutoff)","U.S. Census Bureau, Statistics of U.S. Businesses (SUSB), 2022 Annual Datasets by Establishment Industry — msa_3digitnaics_2022.txt (all-industry NAICS=--, enterprise employment size); reference year 2022; MSA dataset originally released 2025-05-29, revised 2025-07-22 (extraneous estimates removed; remaining estimates unchanged); measures mid-March payroll employment at employer establishments, classified by enterprise (firm) employment size; primary split firms <500 vs 500+ employees (SBA cutoff). File: https://www2.census.gov/programs-surveys/susb/datasets/2022/msa_3digitnaics_2022.txt Landing page: https://www.census.gov/data/datasets/2022/econ/susb/2022-susb.html",151851,5410,5908,7584,20579,17597,39481,57078,94773,3.562702912723657,3.8906559719725258,4.994369480609281,13.552100414221837,11.588333300406319,25.9998287795273,37.58816207993362,62.41183792006638,False,151851,0,151851,0,
44060,"Spokane-Spokane Valley, WA Metro Area",metro,2022,standard_01_09,RETRIEVED,U.S. Census Bureau,Statistics of U.S. Businesses (SUSB),U.S. Census Bureau Statistics of U.S. Businesses (SUSB) 2022,msa_3digitnaics_2022.txt,https://www2.census.gov/programs-surveys/susb/datasets/2022/msa_3digitnaics_2022.txt,https://www.census.gov/data/datasets/2022/econ/susb/2022-susb.html,"reference year 2022; MSA dataset originally released 2025-05-29, revised 2025-07-22 (extraneous estimates removed; remaining estimates unchanged)","mid-March payroll employment at employer establishments, classified by enterprise (firm) employment size; primary split firms <500 vs 500+ employees (SBA cutoff)","U.S. Census Bureau, Statistics of U.S. Businesses (SUSB), 2022 Annual Datasets by Establishment Industry — msa_3digitnaics_2022.txt (all-industry NAICS=--, enterprise employment size); reference year 2022; MSA dataset originally released 2025-05-29, revised 2025-07-22 (extraneous estimates removed; remaining estimates unchanged); measures mid-March payroll employment at employer establishments, classified by enterprise (firm) employment size; primary split firms <500 vs 500+ employees (SBA cutoff). File: https://www2.census.gov/programs-surveys/susb/datasets/2022/msa_3digitnaics_2022.txt Landing page: https://www.census.gov/data/datasets/2022/econ/susb/2022-susb.html",212637,10610,12802,17913,41644,29765,82969,112734,99903,4.989724271881188,6.020589079040807,8.424215917267455,19.584550195873717,13.998034208533792,39.01907946406317,53.01711367259696,46.98288632740304,False,212637,0,212637,0,
44100,"Springfield, IL Metro Area",metro,2022,standard_01_09,RETRIEVED,U.S. Census Bureau,Statistics of U.S. Businesses (SUSB),U.S. Census Bureau Statistics of U.S. Businesses (SUSB) 2022,msa_3digitnaics_2022.txt,https://www2.census.gov/programs-surveys/susb/datasets/2022/msa_3digitnaics_2022.txt,https://www.census.gov/data/datasets/2022/econ/susb/2022-susb.html,"reference year 2022; MSA dataset originally released 2025-05-29, revised 2025-07-22 (extraneous estimates removed; remaining estimates unchanged)","mid-March payroll employment at employer establishments, classified by enterprise (firm) employment size; primary split firms <500 vs 500+ employees (SBA cutoff)","U.S. Census Bureau, Statistics of U.S. Businesses (SUSB), 2022 Annual Datasets by Establishment Industry — msa_3digitnaics_2022.txt (all-industry NAICS=--, enterprise employment size); reference year 2022; MSA dataset originally released 2025-05-29, revised 2025-07-22 (extraneous estimates removed; remaining estimates unchanged); measures mid-March payroll employment at employer establishments, classified by enterprise (firm) employment size; primary split firms <500 vs 500+ employees (SBA cutoff). File: https://www2.census.gov/programs-surveys/susb/datasets/2022/msa_3digitnaics_2022.txt Landing page: https://www.census.gov/data/datasets/2022/econ/susb/2022-susb.html",80458,3590,4239,5251,13634,11340,26714,38054,42404,4.461955305873872,5.268587337492853,6.526386437644486,16.945487086430187,14.094310074821646,33.2024161674414,47.29672624226304,52.70327375773696,False,80458,0,80458,0,
44140,"Springfield, MA Metro Area",metro,2022,standard_01_09,RETRIEVED,U.S. Census Bureau,Statistics of U.S. Businesses (SUSB),U.S. Census Bureau Statistics of U.S. Businesses (SUSB) 2022,msa_3digitnaics_2022.txt,https://www2.census.gov/programs-surveys/susb/datasets/2022/msa_3digitnaics_2022.txt,https://www.census.gov/data/datasets/2022/econ/susb/2022-susb.html,"reference year 2022; MSA dataset originally released 2025-05-29, revised 2025-07-22 (extraneous estimates removed; remaining estimates unchanged)","mid-March payroll employment at employer establishments, classified by enterprise (firm) employment size; primary split firms <500 vs 500+ employees (SBA cutoff)","U.S. Census Bureau, Statistics of U.S. Businesses (SUSB), 2022 Annual Datasets by Establishment Industry — msa_3digitnaics_2022.txt (all-industry NAICS=--, enterprise employment size); reference year 2022; MSA dataset originally released 2025-05-29, revised 2025-07-22 (extraneous estimates removed; remaining estimates unchanged); measures mid-March payroll employment at employer establishments, classified by enterprise (firm) employment size; primary split firms <500 vs 500+ employees (SBA cutoff). File: https://www2.census.gov/programs-surveys/susb/datasets/2022/msa_3digitnaics_2022.txt Landing page: https://www.census.gov/data/datasets/2022/econ/susb/2022-susb.html",168312,6812,8372,10952,30167,27102,56303,83405,84907,4.047245591520509,4.974095726983221,6.506963258710015,17.923261561861306,16.102238699557965,33.45156613907505,49.55380483863301,50.44619516136699,False,168312,0,168312,0,
44180,"Springfield, MO Metro Area",metro,2022,standard_01_09,RETRIEVED,U.S. Census Bureau,Statistics of U.S. Businesses (SUSB),U.S. Census Bureau Statistics of U.S. Businesses (SUSB) 2022,msa_3digitnaics_2022.txt,https://www2.census.gov/programs-surveys/susb/datasets/2022/msa_3digitnaics_2022.txt,https://www.census.gov/data/datasets/2022/econ/susb/2022-susb.html,"reference year 2022; MSA dataset originally released 2025-05-29, revised 2025-07-22 (extraneous estimates removed; remaining estimates unchanged)","mid-March payroll employment at employer establishments, classified by enterprise (firm) employment size; primary split firms <500 vs 500+ employees (SBA cutoff)","U.S. Census Bureau, Statistics of U.S. Businesses (SUSB), 2022 Annual Datasets by Establishment Industry — msa_3digitnaics_2022.txt (all-industry NAICS=--, enterprise employment size); reference year 2022; MSA dataset originally released 2025-05-29, revised 2025-07-22 (extraneous estimates removed; remaining estimates unchanged); measures mid-March payroll employment at employer establishments, classified by enterprise (firm) employment size; primary split firms <500 vs 500+ employees (SBA cutoff). File: https://www2.census.gov/programs-surveys/susb/datasets/2022/msa_3digitnaics_2022.txt Landing page: https://www.census.gov/data/datasets/2022/econ/susb/2022-susb.html",196974,9165,10267,13525,35054,23314,68011,91325,105649,4.65289835206677,5.2123630529917655,6.866388457359855,17.796257374069675,11.836079888716277,34.52790723648806,46.36398712520434,53.63601287479566,False,196974,0,196974,0,
44220,"Springfield, OH Metro Area",metro,2022,standard_01_09,RETRIEVED,U.S. Census Bureau,Statistics of U.S. Businesses (SUSB),U.S. Census Bureau Statistics of U.S. Businesses (SUSB) 2022,msa_3digitnaics_2022.txt,https://www2.census.gov/programs-surveys/susb/datasets/2022/msa_3digitnaics_2022.txt,https://www.census.gov/data/datasets/2022/econ/susb/2022-susb.html,"reference year 2022; MSA dataset originally released 2025-05-29, revised 2025-07-22 (extraneous estimates removed; remaining estimates unchanged)","mid-March payroll employment at employer establishments, classified by enterprise (firm) employment size; primary split firms <500 vs 500+ employees (SBA cutoff)","U.S. Census Bureau, Statistics of U.S. Businesses (SUSB), 2022 Annual Datasets by Establishment Industry — msa_3digitnaics_2022.txt (all-industry NAICS=--, enterprise employment size); reference year 2022; MSA dataset originally released 2025-05-29, revised 2025-07-22 (extraneous estimates removed; remaining estimates unchanged); measures mid-March payroll employment at employer establishments, classified by enterprise (firm) employment size; primary split firms <500 vs 500+ employees (SBA cutoff). File: https://www2.census.gov/programs-surveys/susb/datasets/2022/msa_3digitnaics_2022.txt Landing page: https://www.census.gov/data/datasets/2022/econ/susb/2022-susb.html",41763,1512,2169,2662,6688,5822,13031,18853,22910,3.6204295668414623,5.193592414338051,6.3740631659603,16.014175226875462,13.940569403539017,31.202260374015278,45.1428297775543,54.8571702224457,False,41763,0,41763,0,
41060,"St. Cloud, MN Metro Area",metro,2022,standard_01_09,RETRIEVED,U.S. Census Bureau,Statistics of U.S. Businesses (SUSB),U.S. Census Bureau Statistics of U.S. Businesses (SUSB) 2022,msa_3digitnaics_2022.txt,https://www2.census.gov/programs-surveys/susb/datasets/2022/msa_3digitnaics_2022.txt,https://www.census.gov/data/datasets/2022/econ/susb/2022-susb.html,"reference year 2022; MSA dataset originally released 2025-05-29, revised 2025-07-22 (extraneous estimates removed; remaining estimates unchanged)","mid-March payroll employment at employer establishments, classified by enterprise (firm) employment size; primary split firms <500 vs 500+ employees (SBA cutoff)","U.S. Census Bureau, Statistics of U.S. Businesses (SUSB), 2022 Annual Datasets by Establishment Industry — msa_3digitnaics_2022.txt (all-industry NAICS=--, enterprise employment size); reference year 2022; MSA dataset originally released 2025-05-29, revised 2025-07-22 (extraneous estimates removed; remaining estimates unchanged); measures mid-March payroll employment at employer establishments, classified by enterprise (firm) employment size; primary split firms <500 vs 500+ employees (SBA cutoff). File: https://www2.census.gov/programs-surveys/susb/datasets/2022/msa_3digitnaics_2022.txt Landing page: https://www.census.gov/data/datasets/2022/econ/susb/2022-susb.html",98182,3719,4448,6417,18043,15576,32627,48203,49979,3.7878633558086006,4.530361980811147,6.5358212299606855,18.377095597971113,15.864415065898026,33.23114216455155,49.09555723044957,50.90444276955043,False,98182,0,98182,0,
41100,"St. George, UT Metro Area",metro,2022,standard_01_09,RETRIEVED,U.S. Census Bureau,Statistics of U.S. Businesses (SUSB),U.S. Census Bureau Statistics of U.S. Businesses (SUSB) 2022,msa_3digitnaics_2022.txt,https://www2.census.gov/programs-surveys/susb/datasets/2022/msa_3digitnaics_2022.txt,https://www.census.gov/data/datasets/2022/econ/susb/2022-susb.html,"reference year 2022; MSA dataset originally released 2025-05-29, revised 2025-07-22 (extraneous estimates removed; remaining estimates unchanged)","mid-March payroll employment at employer establishments, classified by enterprise (firm) employment size; primary split firms <500 vs 500+ employees (SBA cutoff)","U.S. Census Bureau, Statistics of U.S. Businesses (SUSB), 2022 Annual Datasets by Establishment Industry — msa_3digitnaics_2022.txt (all-industry NAICS=--, enterprise employment size); reference year 2022; MSA dataset originally released 2025-05-29, revised 2025-07-22 (extraneous estimates removed; remaining estimates unchanged); measures mid-March payroll employment at employer establishments, classified by enterprise (firm) employment size; primary split firms <500 vs 500+ employees (SBA cutoff). File: https://www2.census.gov/programs-surveys/susb/datasets/2022/msa_3digitnaics_2022.txt Landing page: https://www.census.gov/data/datasets/2022/econ/susb/2022-susb.html",67024,5926,5658,7569,17345,9905,36498,46403,20621,8.841608975889233,8.441752208164239,11.29296968250179,25.8787896872762,14.778288374313679,54.45512055383146,69.23340892814514,30.766591071854858,False,67024,0,67024,0,
41140,"St. Joseph, MO-KS Metro Area",metro,2022,standard_01_09,RETRIEVED,U.S. Census Bureau,Statistics of U.S. Businesses (SUSB),U.S. Census Bureau Statistics of U.S. Businesses (SUSB) 2022,msa_3digitnaics_2022.txt,https://www2.census.gov/programs-surveys/susb/datasets/2022/msa_3digitnaics_2022.txt,https://www.census.gov/data/datasets/2022/econ/susb/2022-susb.html,"reference year 2022; MSA dataset originally released 2025-05-29, revised 2025-07-22 (extraneous estimates removed; remaining estimates unchanged)","mid-March payroll employment at employer establishments, classified by enterprise (firm) employment size; primary split firms <500 vs 500+ employees (SBA cutoff)","U.S. Census Bureau, Statistics of U.S. Businesses (SUSB), 2022 Annual Datasets by Establishment Industry — msa_3digitnaics_2022.txt (all-industry NAICS=--, enterprise employment size); reference year 2022; MSA dataset originally released 2025-05-29, revised 2025-07-22 (extraneous estimates removed; remaining estimates unchanged); measures mid-March payroll employment at employer establishments, classified by enterprise (firm) employment size; primary split firms <500 vs 500+ employees (SBA cutoff). File: https://www2.census.gov/programs-surveys/susb/datasets/2022/msa_3digitnaics_2022.txt Landing page: https://www.census.gov/data/datasets/2022/econ/susb/2022-susb.html",47855,1998,2223,2882,7285,5780,14388,20168,27687,4.175112318462021,4.645282624595131,6.022359210113886,15.223069689687598,12.078152753108348,30.065823842858634,42.14397659596698,57.85602340403302,False,47855,0,47855,0,
41180,"St. Louis, MO-IL Metro Area",metro,2022,standard_01_09,RETRIEVED,U.S. Census Bureau,Statistics of U.S. Businesses (SUSB),U.S. Census Bureau Statistics of U.S. Businesses (SUSB) 2022,msa_3digitnaics_2022.txt,https://www2.census.gov/programs-surveys/susb/datasets/2022/msa_3digitnaics_2022.txt,https://www.census.gov/data/datasets/2022/econ/susb/2022-susb.html,"reference year 2022; MSA dataset originally released 2025-05-29, revised 2025-07-22 (extraneous estimates removed; remaining estimates unchanged)","mid-March payroll employment at employer establishments, classified by enterprise (firm) employment size; primary split firms <500 vs 500+ employees (SBA cutoff)","U.S. Census Bureau, Statistics of U.S. Businesses (SUSB), 2022 Annual Datasets by Establishment Industry — msa_3digitnaics_2022.txt (all-industry NAICS=--, enterprise employment size); reference year 2022; MSA dataset originally released 2025-05-29, revised 2025-07-22 (extraneous estimates removed; remaining estimates unchanged); measures mid-March payroll employment at employer establishments, classified by enterprise (firm) employment size; primary split firms <500 vs 500+ employees (SBA cutoff). File: https://www2.census.gov/programs-surveys/susb/datasets/2022/msa_3digitnaics_2022.txt Landing page: https://www.census.gov/data/datasets/2022/econ/susb/2022-susb.html",1244433,50862,53193,75289,207016,165916,386360,552276,692157,4.087162587298794,4.274476809920663,6.050064567558077,16.635367271681158,13.332658327125687,31.04707123645869,44.37972956358438,55.62027043641562,False,1244433,0,1244433,0,
44300,"State College, PA Metro Area",metro,2022,standard_01_09,RETRIEVED,U.S. Census Bureau,Statistics of U.S. Businesses (SUSB),U.S. Census Bureau Statistics of U.S. Businesses (SUSB) 2022,msa_3digitnaics_2022.txt,https://www2.census.gov/programs-surveys/susb/datasets/2022/msa_3digitnaics_2022.txt,https://www.census.gov/data/datasets/2022/econ/susb/2022-susb.html,"reference year 2022; MSA dataset originally released 2025-05-29, revised 2025-07-22 (extraneous estimates removed; remaining estimates unchanged)","mid-March payroll employment at employer establishments, classified by enterprise (firm) employment size; primary split firms <500 vs 500+ employees (SBA cutoff)","U.S. Census Bureau, Statistics of U.S. Businesses (SUSB), 2022 Annual Datasets by Establishment Industry — msa_3digitnaics_2022.txt (all-industry NAICS=--, enterprise employment size); reference year 2022; MSA dataset originally released 2025-05-29, revised 2025-07-22 (extraneous estimates removed; remaining estimates unchanged); measures mid-March payroll employment at employer establishments, classified by enterprise (firm) employment size; primary split firms <500 vs 500+ employees (SBA cutoff). File: https://www2.census.gov/programs-surveys/susb/datasets/2022/msa_3digitnaics_2022.txt Landing page: https://www.census.gov/data/datasets/2022/econ/susb/2022-susb.html",44379,2361,2860,4056,10281,6609,19558,26167,18212,5.320083823430001,6.44448951080466,9.13945785168661,23.166362468735212,14.892178733184615,44.070393654656485,58.9625723878411,41.0374276121589,False,44379,0,44379,0,
44420,"Staunton-Stuarts Draft, VA Metro Area",metro,2022,standard_01_09,RETRIEVED,U.S. Census Bureau,Statistics of U.S. Businesses (SUSB),U.S. Census Bureau Statistics of U.S. Businesses (SUSB) 2022,msa_3digitnaics_2022.txt,https://www2.census.gov/programs-surveys/susb/datasets/2022/msa_3digitnaics_2022.txt,https://www.census.gov/data/datasets/2022/econ/susb/2022-susb.html,"reference year 2022; MSA dataset originally released 2025-05-29, revised 2025-07-22 (extraneous estimates removed; remaining estimates unchanged)","mid-March payroll employment at employer establishments, classified by enterprise (firm) employment size; primary split firms <500 vs 500+ employees (SBA cutoff)","U.S. Census Bureau, Statistics of U.S. Businesses (SUSB), 2022 Annual Datasets by Establishment Industry — msa_3digitnaics_2022.txt (all-industry NAICS=--, enterprise employment size); reference year 2022; MSA dataset originally released 2025-05-29, revised 2025-07-22 (extraneous estimates removed; remaining estimates unchanged); measures mid-March payroll employment at employer establishments, classified by enterprise (firm) employment size; primary split firms <500 vs 500+ employees (SBA cutoff). File: https://www2.census.gov/programs-surveys/susb/datasets/2022/msa_3digitnaics_2022.txt Landing page: https://www.census.gov/data/datasets/2022/econ/susb/2022-susb.html",41755,2269,2607,3232,6596,4888,14704,19592,22163,5.434079750928032,6.243563645072446,7.74039037241049,15.796910549634774,11.70638246916537,35.214944318045745,46.921326787211115,53.078673212788885,False,41755,0,41755,0,
44700,"Stockton-Lodi, CA Metro Area",metro,2022,standard_01_09,RETRIEVED,U.S. Census Bureau,Statistics of U.S. Businesses (SUSB),U.S. Census Bureau Statistics of U.S. Businesses (SUSB) 2022,msa_3digitnaics_2022.txt,https://www2.census.gov/programs-surveys/susb/datasets/2022/msa_3digitnaics_2022.txt,https://www.census.gov/data/datasets/2022/econ/susb/2022-susb.html,"reference year 2022; MSA dataset originally released 2025-05-29, revised 2025-07-22 (extraneous estimates removed; remaining estimates unchanged)","mid-March payroll employment at employer establishments, classified by enterprise (firm) employment size; primary split firms <500 vs 500+ employees (SBA cutoff)","U.S. Census Bureau, Statistics of U.S. Businesses (SUSB), 2022 Annual Datasets by Establishment Industry — msa_3digitnaics_2022.txt (all-industry NAICS=--, enterprise employment size); reference year 2022; MSA dataset originally released 2025-05-29, revised 2025-07-22 (extraneous estimates removed; remaining estimates unchanged); measures mid-March payroll employment at employer establishments, classified by enterprise (firm) employment size; primary split firms <500 vs 500+ employees (SBA cutoff). File: https://www2.census.gov/programs-surveys/susb/datasets/2022/msa_3digitnaics_2022.txt Landing page: https://www.census.gov/data/datasets/2022/econ/susb/2022-susb.html",214027,9842,11978,14464,37248,28566,73532,102098,111929,4.598485237843823,5.5964901624561385,6.758025856550809,17.40341171908217,13.346914174379869,34.35641297593294,47.70332715031281,52.29667284968719,False,214027,0,214027,0,
44940,"Sumter, SC Metro Area",metro,2022,standard_01_09,RETRIEVED,U.S. Census Bureau,Statistics of U.S. Businesses (SUSB),U.S. Census Bureau Statistics of U.S. Businesses (SUSB) 2022,msa_3digitnaics_2022.txt,https://www2.census.gov/programs-surveys/susb/datasets/2022/msa_3digitnaics_2022.txt,https://www.census.gov/data/datasets/2022/econ/susb/2022-susb.html,"reference year 2022; MSA dataset originally released 2025-05-29, revised 2025-07-22 (extraneous estimates removed; remaining estimates unchanged)","mid-March payroll employment at employer establishments, classified by enterprise (firm) employment size; primary split firms <500 vs 500+ employees (SBA cutoff)","U.S. Census Bureau, Statistics of U.S. Businesses (SUSB), 2022 Annual Datasets by Establishment Industry — msa_3digitnaics_2022.txt (all-industry NAICS=--, enterprise employment size); reference year 2022; MSA dataset originally released 2025-05-29, revised 2025-07-22 (extraneous estimates removed; remaining estimates unchanged); measures mid-March payroll employment at employer establishments, classified by enterprise (firm) employment size; primary split firms <500 vs 500+ employees (SBA cutoff). File: https://www2.census.gov/programs-surveys/susb/datasets/2022/msa_3digitnaics_2022.txt Landing page: https://www.census.gov/data/datasets/2022/econ/susb/2022-susb.html",30656,1235,1767,2093,5072,3655,10167,13822,16834,4.0285751565762,5.763961377870563,6.827374739039666,16.544885177453025,11.922625260960334,33.164796450939455,45.08742171189979,54.91257828810021,False,30656,0,30656,0,
45060,"Syracuse, NY Metro Area",metro,2022,standard_01_09,RETRIEVED,U.S. Census Bureau,Statistics of U.S. Businesses (SUSB),U.S. Census Bureau Statistics of U.S. Businesses (SUSB) 2022,msa_3digitnaics_2022.txt,https://www2.census.gov/programs-surveys/susb/datasets/2022/msa_3digitnaics_2022.txt,https://www.census.gov/data/datasets/2022/econ/susb/2022-susb.html,"reference year 2022; MSA dataset originally released 2025-05-29, revised 2025-07-22 (extraneous estimates removed; remaining estimates unchanged)","mid-March payroll employment at employer establishments, classified by enterprise (firm) employment size; primary split firms <500 vs 500+ employees (SBA cutoff)","U.S. Census Bureau, Statistics of U.S. Businesses (SUSB), 2022 Annual Datasets by Establishment Industry — msa_3digitnaics_2022.txt (all-industry NAICS=--, enterprise employment size); reference year 2022; MSA dataset originally released 2025-05-29, revised 2025-07-22 (extraneous estimates removed; remaining estimates unchanged); measures mid-March payroll employment at employer establishments, classified by enterprise (firm) employment size; primary split firms <500 vs 500+ employees (SBA cutoff). File: https://www2.census.gov/programs-surveys/susb/datasets/2022/msa_3digitnaics_2022.txt Landing page: https://www.census.gov/data/datasets/2022/econ/susb/2022-susb.html",256247,10553,12681,16639,41621,37336,81494,118830,137417,4.118292116590633,4.948740863307668,6.493344312323656,16.242531619882378,14.570316920783462,31.802908912104336,46.3732258328878,53.6267741671122,False,256247,0,256247,0,
45220,"Tallahassee, FL Metro Area",metro,2022,standard_01_09,RETRIEVED,U.S. Census Bureau,Statistics of U.S. Businesses (SUSB),U.S. Census Bureau Statistics of U.S. Businesses (SUSB) 2022,msa_3digitnaics_2022.txt,https://www2.census.gov/programs-surveys/susb/datasets/2022/msa_3digitnaics_2022.txt,https://www.census.gov/data/datasets/2022/econ/susb/2022-susb.html,"reference year 2022; MSA dataset originally released 2025-05-29, revised 2025-07-22 (extraneous estimates removed; remaining estimates unchanged)","mid-March payroll employment at employer establishments, classified by enterprise (firm) employment size; primary split firms <500 vs 500+ employees (SBA cutoff)","U.S. Census Bureau, Statistics of U.S. Businesses (SUSB), 2022 Annual Datasets by Establishment Industry — msa_3digitnaics_2022.txt (all-industry NAICS=--, enterprise employment size); reference year 2022; MSA dataset originally released 2025-05-29, revised 2025-07-22 (extraneous estimates removed; remaining estimates unchanged); measures mid-March payroll employment at employer establishments, classified by enterprise (firm) employment size; primary split firms <500 vs 500+ employees (SBA cutoff). File: https://www2.census.gov/programs-surveys/susb/datasets/2022/msa_3digitnaics_2022.txt Landing page: https://www.census.gov/data/datasets/2022/econ/susb/2022-susb.html",119574,7082,7706,10774,25613,14007,51175,65182,54392,5.922692224062087,6.444544800709184,9.01031996922408,21.420208406509776,11.714085001756235,42.79776540050513,54.51185040226136,45.48814959773864,False,119574,0,119574,0,
45300,"Tampa-St. Petersburg-Clearwater, FL Metro Area",metro,2022,standard_01_09,RETRIEVED,U.S. Census Bureau,Statistics of U.S. Businesses (SUSB),U.S. Census Bureau Statistics of U.S. Businesses (SUSB) 2022,msa_3digitnaics_2022.txt,https://www2.census.gov/programs-surveys/susb/datasets/2022/msa_3digitnaics_2022.txt,https://www.census.gov/data/datasets/2022/econ/susb/2022-susb.html,"reference year 2022; MSA dataset originally released 2025-05-29, revised 2025-07-22 (extraneous estimates removed; remaining estimates unchanged)","mid-March payroll employment at employer establishments, classified by enterprise (firm) employment size; primary split firms <500 vs 500+ employees (SBA cutoff)","U.S. Census Bureau, Statistics of U.S. Businesses (SUSB), 2022 Annual Datasets by Establishment Industry — msa_3digitnaics_2022.txt (all-industry NAICS=--, enterprise employment size); reference year 2022; MSA dataset originally released 2025-05-29, revised 2025-07-22 (extraneous estimates removed; remaining estimates unchanged); measures mid-March payroll employment at employer establishments, classified by enterprise (firm) employment size; primary split firms <500 vs 500+ employees (SBA cutoff). File: https://www2.census.gov/programs-surveys/susb/datasets/2022/msa_3digitnaics_2022.txt Landing page: https://www.census.gov/data/datasets/2022/econ/susb/2022-susb.html",1230894,72881,61783,79485,183236,156675,397385,554060,676834,5.920981010550055,5.0193599123888815,6.457501620773194,14.886415889589193,12.728553392899794,32.284258433301325,45.012811826201116,54.987188173798884,False,1230894,0,1230894,0,
45460,"Terre Haute, IN Metro Area",metro,2022,standard_01_09,RETRIEVED,U.S. Census Bureau,Statistics of U.S. Businesses (SUSB),U.S. Census Bureau Statistics of U.S. Businesses (SUSB) 2022,msa_3digitnaics_2022.txt,https://www2.census.gov/programs-surveys/susb/datasets/2022/msa_3digitnaics_2022.txt,https://www.census.gov/data/datasets/2022/econ/susb/2022-susb.html,"reference year 2022; MSA dataset originally released 2025-05-29, revised 2025-07-22 (extraneous estimates removed; remaining estimates unchanged)","mid-March payroll employment at employer establishments, classified by enterprise (firm) employment size; primary split firms <500 vs 500+ employees (SBA cutoff)","U.S. Census Bureau, Statistics of U.S. Businesses (SUSB), 2022 Annual Datasets by Establishment Industry — msa_3digitnaics_2022.txt (all-industry NAICS=--, enterprise employment size); reference year 2022; MSA dataset originally released 2025-05-29, revised 2025-07-22 (extraneous estimates removed; remaining estimates unchanged); measures mid-March payroll employment at employer establishments, classified by enterprise (firm) employment size; primary split firms <500 vs 500+ employees (SBA cutoff). File: https://www2.census.gov/programs-surveys/susb/datasets/2022/msa_3digitnaics_2022.txt Landing page: https://www.census.gov/data/datasets/2022/econ/susb/2022-susb.html",55293,2413,2903,4230,8668,7687,18214,25901,29392,4.3640243792161755,5.250212504295299,7.6501546307850905,15.676487077930298,13.902302280578011,32.940878592226866,46.84318087280488,53.15681912719512,False,55293,0,55293,0,
45500,"Texarkana, TX-AR Metro Area",metro,2022,standard_01_09,RETRIEVED,U.S. Census Bureau,Statistics of U.S. Businesses (SUSB),U.S. Census Bureau Statistics of U.S. Businesses (SUSB) 2022,msa_3digitnaics_2022.txt,https://www2.census.gov/programs-surveys/susb/datasets/2022/msa_3digitnaics_2022.txt,https://www.census.gov/data/datasets/2022/econ/susb/2022-susb.html,"reference year 2022; MSA dataset originally released 2025-05-29, revised 2025-07-22 (extraneous estimates removed; remaining estimates unchanged)","mid-March payroll employment at employer establishments, classified by enterprise (firm) employment size; primary split firms <500 vs 500+ employees (SBA cutoff)","U.S. Census Bureau, Statistics of U.S. Businesses (SUSB), 2022 Annual Datasets by Establishment Industry — msa_3digitnaics_2022.txt (all-industry NAICS=--, enterprise employment size); reference year 2022; MSA dataset originally released 2025-05-29, revised 2025-07-22 (extraneous estimates removed; remaining estimates unchanged); measures mid-March payroll employment at employer establishments, classified by enterprise (firm) employment size; primary split firms <500 vs 500+ employees (SBA cutoff). File: https://www2.census.gov/programs-surveys/susb/datasets/2022/msa_3digitnaics_2022.txt Landing page: https://www.census.gov/data/datasets/2022/econ/susb/2022-susb.html",46422,2166,2626,3736,10367,6273,18895,25168,21254,4.665891172289001,5.656800654861919,8.047908319331352,22.332083925724874,13.512989530825902,40.70268407220714,54.215673603033046,45.784326396966954,False,46422,0,46422,0,
45780,"Toledo, OH Metro Area",metro,2022,standard_01_09,RETRIEVED,U.S. Census Bureau,Statistics of U.S. Businesses (SUSB),U.S. Census Bureau Statistics of U.S. Businesses (SUSB) 2022,msa_3digitnaics_2022.txt,https://www2.census.gov/programs-surveys/susb/datasets/2022/msa_3digitnaics_2022.txt,https://www.census.gov/data/datasets/2022/econ/susb/2022-susb.html,"reference year 2022; MSA dataset originally released 2025-05-29, revised 2025-07-22 (extraneous estimates removed; remaining estimates unchanged)","mid-March payroll employment at employer establishments, classified by enterprise (firm) employment size; primary split firms <500 vs 500+ employees (SBA cutoff)","U.S. Census Bureau, Statistics of U.S. Businesses (SUSB), 2022 Annual Datasets by Establishment Industry — msa_3digitnaics_2022.txt (all-industry NAICS=--, enterprise employment size); reference year 2022; MSA dataset originally released 2025-05-29, revised 2025-07-22 (extraneous estimates removed; remaining estimates unchanged); measures mid-March payroll employment at employer establishments, classified by enterprise (firm) employment size; primary split firms <500 vs 500+ employees (SBA cutoff). File: https://www2.census.gov/programs-surveys/susb/datasets/2022/msa_3digitnaics_2022.txt Landing page: https://www.census.gov/data/datasets/2022/econ/susb/2022-susb.html",261747,8109,11690,15663,45115,37700,80577,118277,143470,3.09802977684558,4.466144788669975,5.984022739515639,17.236109678429933,14.403221431382212,30.78430698346113,45.18752841484334,54.81247158515666,False,261747,0,261747,0,
45820,"Topeka, KS Metro Area",metro,2022,standard_01_09,RETRIEVED,U.S. Census Bureau,Statistics of U.S. Businesses (SUSB),U.S. Census Bureau Statistics of U.S. Businesses (SUSB) 2022,msa_3digitnaics_2022.txt,https://www2.census.gov/programs-surveys/susb/datasets/2022/msa_3digitnaics_2022.txt,https://www.census.gov/data/datasets/2022/econ/susb/2022-susb.html,"reference year 2022; MSA dataset originally released 2025-05-29, revised 2025-07-22 (extraneous estimates removed; remaining estimates unchanged)","mid-March payroll employment at employer establishments, classified by enterprise (firm) employment size; primary split firms <500 vs 500+ employees (SBA cutoff)","U.S. Census Bureau, Statistics of U.S. Businesses (SUSB), 2022 Annual Datasets by Establishment Industry — msa_3digitnaics_2022.txt (all-industry NAICS=--, enterprise employment size); reference year 2022; MSA dataset originally released 2025-05-29, revised 2025-07-22 (extraneous estimates removed; remaining estimates unchanged); measures mid-March payroll employment at employer establishments, classified by enterprise (firm) employment size; primary split firms <500 vs 500+ employees (SBA cutoff). File: https://www2.census.gov/programs-surveys/susb/datasets/2022/msa_3digitnaics_2022.txt Landing page: https://www.census.gov/data/datasets/2022/econ/susb/2022-susb.html",84424,3526,4336,5732,14983,12627,28577,41204,43220,4.176537477494551,5.135980289964939,6.789538519852175,17.747323036103477,14.95664739884393,33.84937932341514,48.80602672225908,51.19397327774092,False,84424,0,84424,0,
45900,"Traverse City, MI Metro Area",metro,2022,standard_01_09,RETRIEVED,U.S. Census Bureau,Statistics of U.S. Businesses (SUSB),U.S. Census Bureau Statistics of U.S. Businesses (SUSB) 2022,msa_3digitnaics_2022.txt,https://www2.census.gov/programs-surveys/susb/datasets/2022/msa_3digitnaics_2022.txt,https://www.census.gov/data/datasets/2022/econ/susb/2022-susb.html,"reference year 2022; MSA dataset originally released 2025-05-29, revised 2025-07-22 (extraneous estimates removed; remaining estimates unchanged)","mid-March payroll employment at employer establishments, classified by enterprise (firm) employment size; primary split firms <500 vs 500+ employees (SBA cutoff)","U.S. Census Bureau, Statistics of U.S. Businesses (SUSB), 2022 Annual Datasets by Establishment Industry — msa_3digitnaics_2022.txt (all-industry NAICS=--, enterprise employment size); reference year 2022; MSA dataset originally released 2025-05-29, revised 2025-07-22 (extraneous estimates removed; remaining estimates unchanged); measures mid-March payroll employment at employer establishments, classified by enterprise (firm) employment size; primary split firms <500 vs 500+ employees (SBA cutoff). File: https://www2.census.gov/programs-surveys/susb/datasets/2022/msa_3digitnaics_2022.txt Landing page: https://www.census.gov/data/datasets/2022/econ/susb/2022-susb.html",58957,3933,4781,6342,13424,9160,28480,37640,21317,6.670963583628747,8.109299998303849,10.756992384280068,22.769136828536052,15.536747120782943,48.30639279474872,63.84313991553166,36.15686008446834,False,58957,0,58957,0,
45940,"Trenton-Princeton, NJ Metro Area",metro,2022,standard_01_09,RETRIEVED,U.S. Census Bureau,Statistics of U.S. Businesses (SUSB),U.S. Census Bureau Statistics of U.S. Businesses (SUSB) 2022,msa_3digitnaics_2022.txt,https://www2.census.gov/programs-surveys/susb/datasets/2022/msa_3digitnaics_2022.txt,https://www.census.gov/data/datasets/2022/econ/susb/2022-susb.html,"reference year 2022; MSA dataset originally released 2025-05-29, revised 2025-07-22 (extraneous estimates removed; remaining estimates unchanged)","mid-March payroll employment at employer establishments, classified by enterprise (firm) employment size; primary split firms <500 vs 500+ employees (SBA cutoff)","U.S. Census Bureau, Statistics of U.S. Businesses (SUSB), 2022 Annual Datasets by Establishment Industry — msa_3digitnaics_2022.txt (all-industry NAICS=--, enterprise employment size); reference year 2022; MSA dataset originally released 2025-05-29, revised 2025-07-22 (extraneous estimates removed; remaining estimates unchanged); measures mid-March payroll employment at employer establishments, classified by enterprise (firm) employment size; primary split firms <500 vs 500+ employees (SBA cutoff). File: https://www2.census.gov/programs-surveys/susb/datasets/2022/msa_3digitnaics_2022.txt Landing page: https://www.census.gov/data/datasets/2022/econ/susb/2022-susb.html",200283,7402,8289,11384,28742,27141,55817,82958,117325,3.6957704847640587,4.138643818996121,5.683957200561206,14.35069376831783,13.551324875301448,27.869065272639215,41.420390147940665,58.579609852059335,False,200283,0,200283,0,
46060,"Tucson, AZ Metro Area",metro,2022,standard_01_09,RETRIEVED,U.S. Census Bureau,Statistics of U.S. Businesses (SUSB),U.S. Census Bureau Statistics of U.S. Businesses (SUSB) 2022,msa_3digitnaics_2022.txt,https://www2.census.gov/programs-surveys/susb/datasets/2022/msa_3digitnaics_2022.txt,https://www.census.gov/data/datasets/2022/econ/susb/2022-susb.html,"reference year 2022; MSA dataset originally released 2025-05-29, revised 2025-07-22 (extraneous estimates removed; remaining estimates unchanged)","mid-March payroll employment at employer establishments, classified by enterprise (firm) employment size; primary split firms <500 vs 500+ employees (SBA cutoff)","U.S. Census Bureau, Statistics of U.S. Businesses (SUSB), 2022 Annual Datasets by Establishment Industry — msa_3digitnaics_2022.txt (all-industry NAICS=--, enterprise employment size); reference year 2022; MSA dataset originally released 2025-05-29, revised 2025-07-22 (extraneous estimates removed; remaining estimates unchanged); measures mid-March payroll employment at employer establishments, classified by enterprise (firm) employment size; primary split firms <500 vs 500+ employees (SBA cutoff). File: https://www2.census.gov/programs-surveys/susb/datasets/2022/msa_3digitnaics_2022.txt Landing page: https://www.census.gov/data/datasets/2022/econ/susb/2022-susb.html",331786,14240,16608,21858,53746,45983,106452,152435,179351,4.291923107062987,5.005636163068966,6.587981409703845,16.1989957382168,13.859234566859362,32.0845364180526,45.943770984911964,54.056229015088036,False,331786,0,331786,0,
46140,"Tulsa, OK Metro Area",metro,2022,standard_01_09,RETRIEVED,U.S. Census Bureau,Statistics of U.S. Businesses (SUSB),U.S. Census Bureau Statistics of U.S. Businesses (SUSB) 2022,msa_3digitnaics_2022.txt,https://www2.census.gov/programs-surveys/susb/datasets/2022/msa_3digitnaics_2022.txt,https://www.census.gov/data/datasets/2022/econ/susb/2022-susb.html,"reference year 2022; MSA dataset originally released 2025-05-29, revised 2025-07-22 (extraneous estimates removed; remaining estimates unchanged)","mid-March payroll employment at employer establishments, classified by enterprise (firm) employment size; primary split firms <500 vs 500+ employees (SBA cutoff)","U.S. Census Bureau, Statistics of U.S. Businesses (SUSB), 2022 Annual Datasets by Establishment Industry — msa_3digitnaics_2022.txt (all-industry NAICS=--, enterprise employment size); reference year 2022; MSA dataset originally released 2025-05-29, revised 2025-07-22 (extraneous estimates removed; remaining estimates unchanged); measures mid-March payroll employment at employer establishments, classified by enterprise (firm) employment size; primary split firms <500 vs 500+ employees (SBA cutoff). File: https://www2.census.gov/programs-surveys/susb/datasets/2022/msa_3digitnaics_2022.txt Landing page: https://www.census.gov/data/datasets/2022/econ/susb/2022-susb.html",390711,18647,20564,27084,72408,60349,138703,199052,191659,4.772581268507925,5.263225248329328,6.931977855755277,18.53236791388008,15.44594342109641,35.50015228647261,50.94609570756902,49.05390429243098,False,390711,0,390711,0,
46220,"Tuscaloosa, AL Metro Area",metro,2022,standard_01_09,RETRIEVED,U.S. Census Bureau,Statistics of U.S. Businesses (SUSB),U.S. Census Bureau Statistics of U.S. Businesses (SUSB) 2022,msa_3digitnaics_2022.txt,https://www2.census.gov/programs-surveys/susb/datasets/2022/msa_3digitnaics_2022.txt,https://www.census.gov/data/datasets/2022/econ/susb/2022-susb.html,"reference year 2022; MSA dataset originally released 2025-05-29, revised 2025-07-22 (extraneous estimates removed; remaining estimates unchanged)","mid-March payroll employment at employer establishments, classified by enterprise (firm) employment size; primary split firms <500 vs 500+ employees (SBA cutoff)","U.S. Census Bureau, Statistics of U.S. Businesses (SUSB), 2022 Annual Datasets by Establishment Industry — msa_3digitnaics_2022.txt (all-industry NAICS=--, enterprise employment size); reference year 2022; MSA dataset originally released 2025-05-29, revised 2025-07-22 (extraneous estimates removed; remaining estimates unchanged); measures mid-March payroll employment at employer establishments, classified by enterprise (firm) employment size; primary split firms <500 vs 500+ employees (SBA cutoff). File: https://www2.census.gov/programs-surveys/susb/datasets/2022/msa_3digitnaics_2022.txt Landing page: https://www.census.gov/data/datasets/2022/econ/susb/2022-susb.html",87005,3208,4454,5840,16293,10056,29795,39851,47154,3.6871444169875294,5.119246020343659,6.712257916211712,18.72650997069134,11.557956439285098,34.24515832423424,45.80311476351934,54.19688523648066,False,87005,0,87005,0,
46300,"Twin Falls, ID Metro Area",metro,2022,standard_01_09,RETRIEVED,U.S. Census Bureau,Statistics of U.S. Businesses (SUSB),U.S. Census Bureau Statistics of U.S. Businesses (SUSB) 2022,msa_3digitnaics_2022.txt,https://www2.census.gov/programs-surveys/susb/datasets/2022/msa_3digitnaics_2022.txt,https://www.census.gov/data/datasets/2022/econ/susb/2022-susb.html,"reference year 2022; MSA dataset originally released 2025-05-29, revised 2025-07-22 (extraneous estimates removed; remaining estimates unchanged)","mid-March payroll employment at employer establishments, classified by enterprise (firm) employment size; primary split firms <500 vs 500+ employees (SBA cutoff)","U.S. Census Bureau, Statistics of U.S. Businesses (SUSB), 2022 Annual Datasets by Establishment Industry — msa_3digitnaics_2022.txt (all-industry NAICS=--, enterprise employment size); reference year 2022; MSA dataset originally released 2025-05-29, revised 2025-07-22 (extraneous estimates removed; remaining estimates unchanged); measures mid-March payroll employment at employer establishments, classified by enterprise (firm) employment size; primary split firms <500 vs 500+ employees (SBA cutoff). File: https://www2.census.gov/programs-surveys/susb/datasets/2022/msa_3digitnaics_2022.txt Landing page: https://www.census.gov/data/datasets/2022/econ/susb/2022-susb.html",41927,2674,2901,3619,8711,5560,17905,23465,18462,6.377751806711665,6.919169031888759,8.631669330025998,20.776587878932432,13.261144369976387,42.70517804755885,55.96632241753524,44.03367758246476,False,41927,0,41927,0,
46340,"Tyler, TX Metro Area",metro,2022,standard_01_09,RETRIEVED,U.S. Census Bureau,Statistics of U.S. Businesses (SUSB),U.S. Census Bureau Statistics of U.S. Businesses (SUSB) 2022,msa_3digitnaics_2022.txt,https://www2.census.gov/programs-surveys/susb/datasets/2022/msa_3digitnaics_2022.txt,https://www.census.gov/data/datasets/2022/econ/susb/2022-susb.html,"reference year 2022; MSA dataset originally released 2025-05-29, revised 2025-07-22 (extraneous estimates removed; remaining estimates unchanged)","mid-March payroll employment at employer establishments, classified by enterprise (firm) employment size; primary split firms <500 vs 500+ employees (SBA cutoff)","U.S. Census Bureau, Statistics of U.S. Businesses (SUSB), 2022 Annual Datasets by Establishment Industry — msa_3digitnaics_2022.txt (all-industry NAICS=--, enterprise employment size); reference year 2022; MSA dataset originally released 2025-05-29, revised 2025-07-22 (extraneous estimates removed; remaining estimates unchanged); measures mid-March payroll employment at employer establishments, classified by enterprise (firm) employment size; primary split firms <500 vs 500+ employees (SBA cutoff). File: https://www2.census.gov/programs-surveys/susb/datasets/2022/msa_3digitnaics_2022.txt Landing page: https://www.census.gov/data/datasets/2022/econ/susb/2022-susb.html",98083,4542,5091,6877,18263,13478,34773,48251,49832,4.630771897270679,5.1905019218417054,7.011408704872404,18.619944332860943,13.74142308045227,35.45262685684573,49.194049937298004,50.805950062701996,False,98083,0,98083,0,
46520,"Urban Honolulu, HI Metro Area",metro,2022,standard_01_09,RETRIEVED,U.S. Census Bureau,Statistics of U.S. Businesses (SUSB),U.S. Census Bureau Statistics of U.S. Businesses (SUSB) 2022,msa_3digitnaics_2022.txt,https://www2.census.gov/programs-surveys/susb/datasets/2022/msa_3digitnaics_2022.txt,https://www.census.gov/data/datasets/2022/econ/susb/2022-susb.html,"reference year 2022; MSA dataset originally released 2025-05-29, revised 2025-07-22 (extraneous estimates removed; remaining estimates unchanged)","mid-March payroll employment at employer establishments, classified by enterprise (firm) employment size; primary split firms <500 vs 500+ employees (SBA cutoff)","U.S. Census Bureau, Statistics of U.S. Businesses (SUSB), 2022 Annual Datasets by Establishment Industry — msa_3digitnaics_2022.txt (all-industry NAICS=--, enterprise employment size); reference year 2022; MSA dataset originally released 2025-05-29, revised 2025-07-22 (extraneous estimates removed; remaining estimates unchanged); measures mid-March payroll employment at employer establishments, classified by enterprise (firm) employment size; primary split firms <500 vs 500+ employees (SBA cutoff). File: https://www2.census.gov/programs-surveys/susb/datasets/2022/msa_3digitnaics_2022.txt Landing page: https://www.census.gov/data/datasets/2022/econ/susb/2022-susb.html",330476,15440,18388,23722,57190,54663,114740,169403,161073,4.672048802333603,5.5640954259916,7.178130938403999,17.30534138636391,16.540686766966438,34.71961655309311,51.26030332005955,48.73969667994045,False,330476,0,330476,0,
46540,"Utica-Rome, NY Metro Area",metro,2022,standard_01_09,RETRIEVED,U.S. Census Bureau,Statistics of U.S. Businesses (SUSB),U.S. Census Bureau Statistics of U.S. Businesses (SUSB) 2022,msa_3digitnaics_2022.txt,https://www2.census.gov/programs-surveys/susb/datasets/2022/msa_3digitnaics_2022.txt,https://www.census.gov/data/datasets/2022/econ/susb/2022-susb.html,"reference year 2022; MSA dataset originally released 2025-05-29, revised 2025-07-22 (extraneous estimates removed; remaining estimates unchanged)","mid-March payroll employment at employer establishments, classified by enterprise (firm) employment size; primary split firms <500 vs 500+ employees (SBA cutoff)","U.S. Census Bureau, Statistics of U.S. Businesses (SUSB), 2022 Annual Datasets by Establishment Industry — msa_3digitnaics_2022.txt (all-industry NAICS=--, enterprise employment size); reference year 2022; MSA dataset originally released 2025-05-29, revised 2025-07-22 (extraneous estimates removed; remaining estimates unchanged); measures mid-March payroll employment at employer establishments, classified by enterprise (firm) employment size; primary split firms <500 vs 500+ employees (SBA cutoff). File: https://www2.census.gov/programs-surveys/susb/datasets/2022/msa_3digitnaics_2022.txt Landing page: https://www.census.gov/data/datasets/2022/econ/susb/2022-susb.html",94440,4297,5305,6319,16404,13418,32325,45743,48697,4.549978822532825,5.617323168149089,6.691020753917831,17.369758576874204,14.207962727657772,34.22808132147395,48.43604404913172,51.56395595086828,False,94440,0,94440,0,
46660,"Valdosta, GA Metro Area",metro,2022,standard_01_09,RETRIEVED,U.S. Census Bureau,Statistics of U.S. Businesses (SUSB),U.S. Census Bureau Statistics of U.S. Businesses (SUSB) 2022,msa_3digitnaics_2022.txt,https://www2.census.gov/programs-surveys/susb/datasets/2022/msa_3digitnaics_2022.txt,https://www.census.gov/data/datasets/2022/econ/susb/2022-susb.html,"reference year 2022; MSA dataset originally released 2025-05-29, revised 2025-07-22 (extraneous estimates removed; remaining estimates unchanged)","mid-March payroll employment at employer establishments, classified by enterprise (firm) employment size; primary split firms <500 vs 500+ employees (SBA cutoff)","U.S. Census Bureau, Statistics of U.S. Businesses (SUSB), 2022 Annual Datasets by Establishment Industry — msa_3digitnaics_2022.txt (all-industry NAICS=--, enterprise employment size); reference year 2022; MSA dataset originally released 2025-05-29, revised 2025-07-22 (extraneous estimates removed; remaining estimates unchanged); measures mid-March payroll employment at employer establishments, classified by enterprise (firm) employment size; primary split firms <500 vs 500+ employees (SBA cutoff). File: https://www2.census.gov/programs-surveys/susb/datasets/2022/msa_3digitnaics_2022.txt Landing page: https://www.census.gov/data/datasets/2022/econ/susb/2022-susb.html",43952,2332,2568,3243,8771,6184,16914,23098,20854,5.305788132508191,5.84273753185293,7.378503822351656,19.955860939206406,14.069894430287587,38.48289042591919,52.55278485620677,47.44721514379323,False,43952,0,43952,0,
46700,"Vallejo, CA Metro Area",metro,2022,standard_01_09,RETRIEVED,U.S. Census Bureau,Statistics of U.S. Businesses (SUSB),U.S. Census Bureau Statistics of U.S. Businesses (SUSB) 2022,msa_3digitnaics_2022.txt,https://www2.census.gov/programs-surveys/susb/datasets/2022/msa_3digitnaics_2022.txt,https://www.census.gov/data/datasets/2022/econ/susb/2022-susb.html,"reference year 2022; MSA dataset originally released 2025-05-29, revised 2025-07-22 (extraneous estimates removed; remaining estimates unchanged)","mid-March payroll employment at employer establishments, classified by enterprise (firm) employment size; primary split firms <500 vs 500+ employees (SBA cutoff)","U.S. Census Bureau, Statistics of U.S. Businesses (SUSB), 2022 Annual Datasets by Establishment Industry — msa_3digitnaics_2022.txt (all-industry NAICS=--, enterprise employment size); reference year 2022; MSA dataset originally released 2025-05-29, revised 2025-07-22 (extraneous estimates removed; remaining estimates unchanged); measures mid-March payroll employment at employer establishments, classified by enterprise (firm) employment size; primary split firms <500 vs 500+ employees (SBA cutoff). File: https://www2.census.gov/programs-surveys/susb/datasets/2022/msa_3digitnaics_2022.txt Landing page: https://www.census.gov/data/datasets/2022/econ/susb/2022-susb.html",119655,5592,7108,8748,19933,16359,41381,57740,61915,4.673436128870502,5.940412017884752,7.311019180142911,16.658727173958464,13.671806443525135,34.58359450085663,48.25540094438176,51.74459905561824,False,119655,0,119655,0,
47020,"Victoria, TX Metro Area",metro,2022,standard_01_09,RETRIEVED,U.S. Census Bureau,Statistics of U.S. Businesses (SUSB),U.S. Census Bureau Statistics of U.S. Businesses (SUSB) 2022,msa_3digitnaics_2022.txt,https://www2.census.gov/programs-surveys/susb/datasets/2022/msa_3digitnaics_2022.txt,https://www.census.gov/data/datasets/2022/econ/susb/2022-susb.html,"reference year 2022; MSA dataset originally released 2025-05-29, revised 2025-07-22 (extraneous estimates removed; remaining estimates unchanged)","mid-March payroll employment at employer establishments, classified by enterprise (firm) employment size; primary split firms <500 vs 500+ employees (SBA cutoff)","U.S. Census Bureau, Statistics of U.S. Businesses (SUSB), 2022 Annual Datasets by Establishment Industry — msa_3digitnaics_2022.txt (all-industry NAICS=--, enterprise employment size); reference year 2022; MSA dataset originally released 2025-05-29, revised 2025-07-22 (extraneous estimates removed; remaining estimates unchanged); measures mid-March payroll employment at employer establishments, classified by enterprise (firm) employment size; primary split firms <500 vs 500+ employees (SBA cutoff). File: https://www2.census.gov/programs-surveys/susb/datasets/2022/msa_3digitnaics_2022.txt Landing page: https://www.census.gov/data/datasets/2022/econ/susb/2022-susb.html",32229,1692,2156,3216,6332,3843,13396,17239,14990,5.249930187098576,6.689627354246176,9.978590710229916,19.646901858574576,11.924043563250489,41.565050110149244,53.489093673399736,46.510906326600264,False,32229,0,32229,0,
47220,"Vineland, NJ Metro Area",metro,2022,standard_01_09,RETRIEVED,U.S. Census Bureau,Statistics of U.S. Businesses (SUSB),U.S. Census Bureau Statistics of U.S. Businesses (SUSB) 2022,msa_3digitnaics_2022.txt,https://www2.census.gov/programs-surveys/susb/datasets/2022/msa_3digitnaics_2022.txt,https://www.census.gov/data/datasets/2022/econ/susb/2022-susb.html,"reference year 2022; MSA dataset originally released 2025-05-29, revised 2025-07-22 (extraneous estimates removed; remaining estimates unchanged)","mid-March payroll employment at employer establishments, classified by enterprise (firm) employment size; primary split firms <500 vs 500+ employees (SBA cutoff)","U.S. Census Bureau, Statistics of U.S. Businesses (SUSB), 2022 Annual Datasets by Establishment Industry — msa_3digitnaics_2022.txt (all-industry NAICS=--, enterprise employment size); reference year 2022; MSA dataset originally released 2025-05-29, revised 2025-07-22 (extraneous estimates removed; remaining estimates unchanged); measures mid-March payroll employment at employer establishments, classified by enterprise (firm) employment size; primary split firms <500 vs 500+ employees (SBA cutoff). File: https://www2.census.gov/programs-surveys/susb/datasets/2022/msa_3digitnaics_2022.txt Landing page: https://www.census.gov/data/datasets/2022/econ/susb/2022-susb.html",46006,2034,2736,3505,8553,7791,16828,24619,21387,4.421162457070817,5.947050384732426,7.618571490675129,18.591053340868584,16.934747641611963,36.577837673346956,53.51258531495892,46.48741468504108,False,46006,0,46006,0,
47260,"Virginia Beach-Chesapeake-Norfolk, VA-NC Metro Area",metro,2022,standard_01_09,RETRIEVED,U.S. Census Bureau,Statistics of U.S. Businesses (SUSB),U.S. Census Bureau Statistics of U.S. Businesses (SUSB) 2022,msa_3digitnaics_2022.txt,https://www2.census.gov/programs-surveys/susb/datasets/2022/msa_3digitnaics_2022.txt,https://www.census.gov/data/datasets/2022/econ/susb/2022-susb.html,"reference year 2022; MSA dataset originally released 2025-05-29, revised 2025-07-22 (extraneous estimates removed; remaining estimates unchanged)","mid-March payroll employment at employer establishments, classified by enterprise (firm) employment size; primary split firms <500 vs 500+ employees (SBA cutoff)","U.S. Census Bureau, Statistics of U.S. Businesses (SUSB), 2022 Annual Datasets by Establishment Industry — msa_3digitnaics_2022.txt (all-industry NAICS=--, enterprise employment size); reference year 2022; MSA dataset originally released 2025-05-29, revised 2025-07-22 (extraneous estimates removed; remaining estimates unchanged); measures mid-March payroll employment at employer establishments, classified by enterprise (firm) employment size; primary split firms <500 vs 500+ employees (SBA cutoff). File: https://www2.census.gov/programs-surveys/susb/datasets/2022/msa_3digitnaics_2022.txt Landing page: https://www.census.gov/data/datasets/2022/econ/susb/2022-susb.html",633601,27446,31704,44972,110409,84095,214531,298626,334975,4.331748213781228,5.003779981407858,7.097842332950863,17.42563537620679,13.272548496609065,33.859005904346745,47.13155440095581,52.86844559904419,False,633601,0,633601,0,
47300,"Visalia, CA Metro Area",metro,2022,standard_01_09,RETRIEVED,U.S. Census Bureau,Statistics of U.S. Businesses (SUSB),U.S. Census Bureau Statistics of U.S. Businesses (SUSB) 2022,msa_3digitnaics_2022.txt,https://www2.census.gov/programs-surveys/susb/datasets/2022/msa_3digitnaics_2022.txt,https://www.census.gov/data/datasets/2022/econ/susb/2022-susb.html,"reference year 2022; MSA dataset originally released 2025-05-29, revised 2025-07-22 (extraneous estimates removed; remaining estimates unchanged)","mid-March payroll employment at employer establishments, classified by enterprise (firm) employment size; primary split firms <500 vs 500+ employees (SBA cutoff)","U.S. Census Bureau, Statistics of U.S. Businesses (SUSB), 2022 Annual Datasets by Establishment Industry — msa_3digitnaics_2022.txt (all-industry NAICS=--, enterprise employment size); reference year 2022; MSA dataset originally released 2025-05-29, revised 2025-07-22 (extraneous estimates removed; remaining estimates unchanged); measures mid-March payroll employment at employer establishments, classified by enterprise (firm) employment size; primary split firms <500 vs 500+ employees (SBA cutoff). File: https://www2.census.gov/programs-surveys/susb/datasets/2022/msa_3digitnaics_2022.txt Landing page: https://www.census.gov/data/datasets/2022/econ/susb/2022-susb.html",103600,5217,7104,8793,18492,14161,39606,53767,49833,5.035714285714286,6.857142857142857,8.487451737451737,17.84942084942085,13.66891891891892,38.229729729729726,51.898648648648646,48.101351351351354,False,103600,0,103600,0,
47380,"Waco, TX Metro Area",metro,2022,standard_01_09,RETRIEVED,U.S. Census Bureau,Statistics of U.S. Businesses (SUSB),U.S. Census Bureau Statistics of U.S. Businesses (SUSB) 2022,msa_3digitnaics_2022.txt,https://www2.census.gov/programs-surveys/susb/datasets/2022/msa_3digitnaics_2022.txt,https://www.census.gov/data/datasets/2022/econ/susb/2022-susb.html,"reference year 2022; MSA dataset originally released 2025-05-29, revised 2025-07-22 (extraneous estimates removed; remaining estimates unchanged)","mid-March payroll employment at employer establishments, classified by enterprise (firm) employment size; primary split firms <500 vs 500+ employees (SBA cutoff)","U.S. Census Bureau, Statistics of U.S. Businesses (SUSB), 2022 Annual Datasets by Establishment Industry — msa_3digitnaics_2022.txt (all-industry NAICS=--, enterprise employment size); reference year 2022; MSA dataset originally released 2025-05-29, revised 2025-07-22 (extraneous estimates removed; remaining estimates unchanged); measures mid-March payroll employment at employer establishments, classified by enterprise (firm) employment size; primary split firms <500 vs 500+ employees (SBA cutoff). File: https://www2.census.gov/programs-surveys/susb/datasets/2022/msa_3digitnaics_2022.txt Landing page: https://www.census.gov/data/datasets/2022/econ/susb/2022-susb.html",113393,4491,5438,7537,20458,13152,37924,51076,62317,3.960561939449525,4.795710493593079,6.646794775691621,18.041678057728433,11.598599560819451,33.444745266462654,45.043344827282105,54.956655172717895,False,113393,0,113393,0,
47460,"Walla Walla, WA Metro Area",metro,2022,standard_01_09,RETRIEVED,U.S. Census Bureau,Statistics of U.S. Businesses (SUSB),U.S. Census Bureau Statistics of U.S. Businesses (SUSB) 2022,msa_3digitnaics_2022.txt,https://www2.census.gov/programs-surveys/susb/datasets/2022/msa_3digitnaics_2022.txt,https://www.census.gov/data/datasets/2022/econ/susb/2022-susb.html,"reference year 2022; MSA dataset originally released 2025-05-29, revised 2025-07-22 (extraneous estimates removed; remaining estimates unchanged)","mid-March payroll employment at employer establishments, classified by enterprise (firm) employment size; primary split firms <500 vs 500+ employees (SBA cutoff)","U.S. Census Bureau, Statistics of U.S. Businesses (SUSB), 2022 Annual Datasets by Establishment Industry — msa_3digitnaics_2022.txt (all-industry NAICS=--, enterprise employment size); reference year 2022; MSA dataset originally released 2025-05-29, revised 2025-07-22 (extraneous estimates removed; remaining estimates unchanged); measures mid-March payroll employment at employer establishments, classified by enterprise (firm) employment size; primary split firms <500 vs 500+ employees (SBA cutoff). File: https://www2.census.gov/programs-surveys/susb/datasets/2022/msa_3digitnaics_2022.txt Landing page: https://www.census.gov/data/datasets/2022/econ/susb/2022-susb.html",21382,1159,1480,1743,3490,2583,7872,10455,10927,5.420447105041624,6.921709849406042,8.151716396969414,16.32214011785614,12.080254419605275,36.81601346927322,48.8962678888785,51.1037321111215,False,21382,0,21382,0,
47580,"Warner Robins, GA Metro Area",metro,2022,standard_01_09,RETRIEVED,U.S. Census Bureau,Statistics of U.S. Businesses (SUSB),U.S. Census Bureau Statistics of U.S. Businesses (SUSB) 2022,msa_3digitnaics_2022.txt,https://www2.census.gov/programs-surveys/susb/datasets/2022/msa_3digitnaics_2022.txt,https://www.census.gov/data/datasets/2022/econ/susb/2022-susb.html,"reference year 2022; MSA dataset originally released 2025-05-29, revised 2025-07-22 (extraneous estimates removed; remaining estimates unchanged)","mid-March payroll employment at employer establishments, classified by enterprise (firm) employment size; primary split firms <500 vs 500+ employees (SBA cutoff)","U.S. Census Bureau, Statistics of U.S. Businesses (SUSB), 2022 Annual Datasets by Establishment Industry — msa_3digitnaics_2022.txt (all-industry NAICS=--, enterprise employment size); reference year 2022; MSA dataset originally released 2025-05-29, revised 2025-07-22 (extraneous estimates removed; remaining estimates unchanged); measures mid-March payroll employment at employer establishments, classified by enterprise (firm) employment size; primary split firms <500 vs 500+ employees (SBA cutoff). File: https://www2.census.gov/programs-surveys/susb/datasets/2022/msa_3digitnaics_2022.txt Landing page: https://www.census.gov/data/datasets/2022/econ/susb/2022-susb.html",49355,2264,2710,3757,9742,6158,18473,24631,24724,4.587174551717151,5.490831729308074,7.612197345760308,19.738628305136256,12.476952689697093,37.42883193192179,49.905784621618885,50.094215378381115,False,49355,0,49355,0,
47900,"Washington-Arlington-Alexandria, DC-VA-MD-WV Metro Area",metro,2022,standard_01_09,RETRIEVED,U.S. Census Bureau,Statistics of U.S. Businesses (SUSB),U.S. Census Bureau Statistics of U.S. Businesses (SUSB) 2022,msa_3digitnaics_2022.txt,https://www2.census.gov/programs-surveys/susb/datasets/2022/msa_3digitnaics_2022.txt,https://www.census.gov/data/datasets/2022/econ/susb/2022-susb.html,"reference year 2022; MSA dataset originally released 2025-05-29, revised 2025-07-22 (extraneous estimates removed; remaining estimates unchanged)","mid-March payroll employment at employer establishments, classified by enterprise (firm) employment size; primary split firms <500 vs 500+ employees (SBA cutoff)","U.S. Census Bureau, Statistics of U.S. Businesses (SUSB), 2022 Annual Datasets by Establishment Industry — msa_3digitnaics_2022.txt (all-industry NAICS=--, enterprise employment size); reference year 2022; MSA dataset originally released 2025-05-29, revised 2025-07-22 (extraneous estimates removed; remaining estimates unchanged); measures mid-March payroll employment at employer establishments, classified by enterprise (firm) employment size; primary split firms <500 vs 500+ employees (SBA cutoff). File: https://www2.census.gov/programs-surveys/susb/datasets/2022/msa_3digitnaics_2022.txt Landing page: https://www.census.gov/data/datasets/2022/econ/susb/2022-susb.html",2775367,115247,124127,170897,490625,463028,900896,1363924,1411443,4.152495868114019,4.472453552989569,6.157636089209102,17.677842245728222,16.683487264927486,32.460427756040914,49.1439150209684,50.8560849790316,False,2775367,0,2775367,0,
47930,"Waterbury-Shelton, CT Metro Area",metro,2022,standard_01_09,RETRIEVED,U.S. Census Bureau,Statistics of U.S. Businesses (SUSB),U.S. Census Bureau Statistics of U.S. Businesses (SUSB) 2022,msa_3digitnaics_2022.txt,https://www2.census.gov/programs-surveys/susb/datasets/2022/msa_3digitnaics_2022.txt,https://www.census.gov/data/datasets/2022/econ/susb/2022-susb.html,"reference year 2022; MSA dataset originally released 2025-05-29, revised 2025-07-22 (extraneous estimates removed; remaining estimates unchanged)","mid-March payroll employment at employer establishments, classified by enterprise (firm) employment size; primary split firms <500 vs 500+ employees (SBA cutoff)","U.S. Census Bureau, Statistics of U.S. Businesses (SUSB), 2022 Annual Datasets by Establishment Industry — msa_3digitnaics_2022.txt (all-industry NAICS=--, enterprise employment size); reference year 2022; MSA dataset originally released 2025-05-29, revised 2025-07-22 (extraneous estimates removed; remaining estimates unchanged); measures mid-March payroll employment at employer establishments, classified by enterprise (firm) employment size; primary split firms <500 vs 500+ employees (SBA cutoff). File: https://www2.census.gov/programs-surveys/susb/datasets/2022/msa_3digitnaics_2022.txt Landing page: https://www.census.gov/data/datasets/2022/econ/susb/2022-susb.html",144240,6941,8443,10887,28206,24424,54477,78901,65339,4.812118691070438,5.853438713255685,7.54783693843594,19.554908485856906,16.932889628397117,37.76830282861897,54.701192457016084,45.298807542983916,False,144240,0,144240,0,
47940,"Waterloo-Cedar Falls, IA Metro Area",metro,2022,standard_01_09,RETRIEVED,U.S. Census Bureau,Statistics of U.S. Businesses (SUSB),U.S. Census Bureau Statistics of U.S. Businesses (SUSB) 2022,msa_3digitnaics_2022.txt,https://www2.census.gov/programs-surveys/susb/datasets/2022/msa_3digitnaics_2022.txt,https://www.census.gov/data/datasets/2022/econ/susb/2022-susb.html,"reference year 2022; MSA dataset originally released 2025-05-29, revised 2025-07-22 (extraneous estimates removed; remaining estimates unchanged)","mid-March payroll employment at employer establishments, classified by enterprise (firm) employment size; primary split firms <500 vs 500+ employees (SBA cutoff)","U.S. Census Bureau, Statistics of U.S. Businesses (SUSB), 2022 Annual Datasets by Establishment Industry — msa_3digitnaics_2022.txt (all-industry NAICS=--, enterprise employment size); reference year 2022; MSA dataset originally released 2025-05-29, revised 2025-07-22 (extraneous estimates removed; remaining estimates unchanged); measures mid-March payroll employment at employer establishments, classified by enterprise (firm) employment size; primary split firms <500 vs 500+ employees (SBA cutoff). File: https://www2.census.gov/programs-surveys/susb/datasets/2022/msa_3digitnaics_2022.txt Landing page: https://www.census.gov/data/datasets/2022/econ/susb/2022-susb.html",74069,2493,3537,4501,13219,11488,23750,35238,38831,3.365780555968084,4.775277106481794,6.076766258488706,17.84687251076699,15.509862425576152,32.06469643170557,47.57455885728172,52.42544114271828,False,74069,0,74069,0,
48060,"Watertown-Fort Drum, NY Metro Area",metro,2022,standard_01_09,RETRIEVED,U.S. Census Bureau,Statistics of U.S. Businesses (SUSB),U.S. Census Bureau Statistics of U.S. Businesses (SUSB) 2022,msa_3digitnaics_2022.txt,https://www2.census.gov/programs-surveys/susb/datasets/2022/msa_3digitnaics_2022.txt,https://www.census.gov/data/datasets/2022/econ/susb/2022-susb.html,"reference year 2022; MSA dataset originally released 2025-05-29, revised 2025-07-22 (extraneous estimates removed; remaining estimates unchanged)","mid-March payroll employment at employer establishments, classified by enterprise (firm) employment size; primary split firms <500 vs 500+ employees (SBA cutoff)","U.S. Census Bureau, Statistics of U.S. Businesses (SUSB), 2022 Annual Datasets by Establishment Industry — msa_3digitnaics_2022.txt (all-industry NAICS=--, enterprise employment size); reference year 2022; MSA dataset originally released 2025-05-29, revised 2025-07-22 (extraneous estimates removed; remaining estimates unchanged); measures mid-March payroll employment at employer establishments, classified by enterprise (firm) employment size; primary split firms <500 vs 500+ employees (SBA cutoff). File: https://www2.census.gov/programs-surveys/susb/datasets/2022/msa_3digitnaics_2022.txt Landing page: https://www.census.gov/data/datasets/2022/econ/susb/2022-susb.html",28821,1657,1859,2987,5208,5280,11711,16991,11830,5.749280038860553,6.450157870996843,10.363970715797509,18.070157177058395,18.319975018215885,40.6335658027133,58.953540820929184,41.046459179070816,False,28821,0,28821,0,
48140,"Wausau, WI Metro Area",metro,2022,standard_01_09,RETRIEVED,U.S. Census Bureau,Statistics of U.S. Businesses (SUSB),U.S. Census Bureau Statistics of U.S. Businesses (SUSB) 2022,msa_3digitnaics_2022.txt,https://www2.census.gov/programs-surveys/susb/datasets/2022/msa_3digitnaics_2022.txt,https://www.census.gov/data/datasets/2022/econ/susb/2022-susb.html,"reference year 2022; MSA dataset originally released 2025-05-29, revised 2025-07-22 (extraneous estimates removed; remaining estimates unchanged)","mid-March payroll employment at employer establishments, classified by enterprise (firm) employment size; primary split firms <500 vs 500+ employees (SBA cutoff)","U.S. Census Bureau, Statistics of U.S. Businesses (SUSB), 2022 Annual Datasets by Establishment Industry — msa_3digitnaics_2022.txt (all-industry NAICS=--, enterprise employment size); reference year 2022; MSA dataset originally released 2025-05-29, revised 2025-07-22 (extraneous estimates removed; remaining estimates unchanged); measures mid-March payroll employment at employer establishments, classified by enterprise (firm) employment size; primary split firms <500 vs 500+ employees (SBA cutoff). File: https://www2.census.gov/programs-surveys/susb/datasets/2022/msa_3digitnaics_2022.txt Landing page: https://www.census.gov/data/datasets/2022/econ/susb/2022-susb.html",65241,2304,2850,4317,11605,9240,21076,30316,34925,3.531521589184715,4.368418632455051,6.617004644318756,17.787894115663462,14.162873039959536,32.304838981621984,46.46771202158152,53.53228797841848,False,65241,0,65241,0,
48260,"Weirton-Steubenville, WV-OH Metro Area",metro,2022,standard_01_09,RETRIEVED,U.S. Census Bureau,Statistics of U.S. Businesses (SUSB),U.S. Census Bureau Statistics of U.S. Businesses (SUSB) 2022,msa_3digitnaics_2022.txt,https://www2.census.gov/programs-surveys/susb/datasets/2022/msa_3digitnaics_2022.txt,https://www.census.gov/data/datasets/2022/econ/susb/2022-susb.html,"reference year 2022; MSA dataset originally released 2025-05-29, revised 2025-07-22 (extraneous estimates removed; remaining estimates unchanged)","mid-March payroll employment at employer establishments, classified by enterprise (firm) employment size; primary split firms <500 vs 500+ employees (SBA cutoff)","U.S. Census Bureau, Statistics of U.S. Businesses (SUSB), 2022 Annual Datasets by Establishment Industry — msa_3digitnaics_2022.txt (all-industry NAICS=--, enterprise employment size); reference year 2022; MSA dataset originally released 2025-05-29, revised 2025-07-22 (extraneous estimates removed; remaining estimates unchanged); measures mid-March payroll employment at employer establishments, classified by enterprise (firm) employment size; primary split firms <500 vs 500+ employees (SBA cutoff). File: https://www2.census.gov/programs-surveys/susb/datasets/2022/msa_3digitnaics_2022.txt Landing page: https://www.census.gov/data/datasets/2022/econ/susb/2022-susb.html",32907,1510,2118,2297,5612,3316,11537,14853,18054,4.588689336615309,6.436320539702799,6.980277752453885,17.05412222323518,10.076883337891633,35.05940985200717,45.13629318989881,54.86370681010119,False,32907,0,32907,0,
48300,"Wenatchee-East Wenatchee, WA Metro Area",metro,2022,standard_01_09,RETRIEVED,U.S. Census Bureau,Statistics of U.S. Businesses (SUSB),U.S. Census Bureau Statistics of U.S. Businesses (SUSB) 2022,msa_3digitnaics_2022.txt,https://www2.census.gov/programs-surveys/susb/datasets/2022/msa_3digitnaics_2022.txt,https://www.census.gov/data/datasets/2022/econ/susb/2022-susb.html,"reference year 2022; MSA dataset originally released 2025-05-29, revised 2025-07-22 (extraneous estimates removed; remaining estimates unchanged)","mid-March payroll employment at employer establishments, classified by enterprise (firm) employment size; primary split firms <500 vs 500+ employees (SBA cutoff)","U.S. Census Bureau, Statistics of U.S. Businesses (SUSB), 2022 Annual Datasets by Establishment Industry — msa_3digitnaics_2022.txt (all-industry NAICS=--, enterprise employment size); reference year 2022; MSA dataset originally released 2025-05-29, revised 2025-07-22 (extraneous estimates removed; remaining estimates unchanged); measures mid-March payroll employment at employer establishments, classified by enterprise (firm) employment size; primary split firms <500 vs 500+ employees (SBA cutoff). File: https://www2.census.gov/programs-surveys/susb/datasets/2022/msa_3digitnaics_2022.txt Landing page: https://www.census.gov/data/datasets/2022/econ/susb/2022-susb.html",41248,2874,3621,4639,7859,7480,18993,26473,14775,6.967610550814585,8.778607447633824,11.246605896043445,19.053044996121024,18.13421256788208,46.04586889061288,64.18008145849495,35.81991854150504,False,41248,0,41248,0,
48540,"Wheeling, WV-OH Metro Area",metro,2022,standard_01_09,RETRIEVED,U.S. Census Bureau,Statistics of U.S. Businesses (SUSB),U.S. Census Bureau Statistics of U.S. Businesses (SUSB) 2022,msa_3digitnaics_2022.txt,https://www2.census.gov/programs-surveys/susb/datasets/2022/msa_3digitnaics_2022.txt,https://www.census.gov/data/datasets/2022/econ/susb/2022-susb.html,"reference year 2022; MSA dataset originally released 2025-05-29, revised 2025-07-22 (extraneous estimates removed; remaining estimates unchanged)","mid-March payroll employment at employer establishments, classified by enterprise (firm) employment size; primary split firms <500 vs 500+ employees (SBA cutoff)","U.S. Census Bureau, Statistics of U.S. Businesses (SUSB), 2022 Annual Datasets by Establishment Industry — msa_3digitnaics_2022.txt (all-industry NAICS=--, enterprise employment size); reference year 2022; MSA dataset originally released 2025-05-29, revised 2025-07-22 (extraneous estimates removed; remaining estimates unchanged); measures mid-March payroll employment at employer establishments, classified by enterprise (firm) employment size; primary split firms <500 vs 500+ employees (SBA cutoff). File: https://www2.census.gov/programs-surveys/susb/datasets/2022/msa_3digitnaics_2022.txt Landing page: https://www.census.gov/data/datasets/2022/econ/susb/2022-susb.html",51369,2020,2929,3490,9244,6841,17683,24524,26845,3.9323327298565283,5.701882458291966,6.7939808055442,17.995288987521658,13.317370398489361,34.42348498121435,47.74085537970371,52.25914462029629,False,51369,0,51369,0,
48660,"Wichita Falls, TX Metro Area",metro,2022,standard_01_09,RETRIEVED,U.S. Census Bureau,Statistics of U.S. Businesses (SUSB),U.S. Census Bureau Statistics of U.S. Businesses (SUSB) 2022,msa_3digitnaics_2022.txt,https://www2.census.gov/programs-surveys/susb/datasets/2022/msa_3digitnaics_2022.txt,https://www.census.gov/data/datasets/2022/econ/susb/2022-susb.html,"reference year 2022; MSA dataset originally released 2025-05-29, revised 2025-07-22 (extraneous estimates removed; remaining estimates unchanged)","mid-March payroll employment at employer establishments, classified by enterprise (firm) employment size; primary split firms <500 vs 500+ employees (SBA cutoff)","U.S. Census Bureau, Statistics of U.S. Businesses (SUSB), 2022 Annual Datasets by Establishment Industry — msa_3digitnaics_2022.txt (all-industry NAICS=--, enterprise employment size); reference year 2022; MSA dataset originally released 2025-05-29, revised 2025-07-22 (extraneous estimates removed; remaining estimates unchanged); measures mid-March payroll employment at employer establishments, classified by enterprise (firm) employment size; primary split firms <500 vs 500+ employees (SBA cutoff). File: https://www2.census.gov/programs-surveys/susb/datasets/2022/msa_3digitnaics_2022.txt Landing page: https://www.census.gov/data/datasets/2022/econ/susb/2022-susb.html",46664,2637,2911,3877,8998,6481,18423,24904,21760,5.651037202125836,6.238213612206412,8.308331904680267,19.282530430310302,13.888650780044573,39.48011314932282,53.36876392936739,46.63123607063261,False,46664,0,46664,0,
48620,"Wichita, KS Metro Area",metro,2022,standard_01_09,RETRIEVED,U.S. Census Bureau,Statistics of U.S. Businesses (SUSB),U.S. Census Bureau Statistics of U.S. Businesses (SUSB) 2022,msa_3digitnaics_2022.txt,https://www2.census.gov/programs-surveys/susb/datasets/2022/msa_3digitnaics_2022.txt,https://www.census.gov/data/datasets/2022/econ/susb/2022-susb.html,"reference year 2022; MSA dataset originally released 2025-05-29, revised 2025-07-22 (extraneous estimates removed; remaining estimates unchanged)","mid-March payroll employment at employer establishments, classified by enterprise (firm) employment size; primary split firms <500 vs 500+ employees (SBA cutoff)","U.S. Census Bureau, Statistics of U.S. Businesses (SUSB), 2022 Annual Datasets by Establishment Industry — msa_3digitnaics_2022.txt (all-industry NAICS=--, enterprise employment size); reference year 2022; MSA dataset originally released 2025-05-29, revised 2025-07-22 (extraneous estimates removed; remaining estimates unchanged); measures mid-March payroll employment at employer establishments, classified by enterprise (firm) employment size; primary split firms <500 vs 500+ employees (SBA cutoff). File: https://www2.census.gov/programs-surveys/susb/datasets/2022/msa_3digitnaics_2022.txt Landing page: https://www.census.gov/data/datasets/2022/econ/susb/2022-susb.html",260626,10230,12634,16774,46555,43963,86193,130156,130470,3.9251647955307605,4.847559337901821,6.436042451635677,17.86276119803857,16.868232639874762,33.07152778310683,49.93976042298159,50.06023957701841,False,260626,0,260626,0,
48680,"Wildwood-The Villages, FL Metro Area",metro,2022,standard_01_09,RETRIEVED,U.S. Census Bureau,Statistics of U.S. Businesses (SUSB),U.S. Census Bureau Statistics of U.S. Businesses (SUSB) 2022,msa_3digitnaics_2022.txt,https://www2.census.gov/programs-surveys/susb/datasets/2022/msa_3digitnaics_2022.txt,https://www.census.gov/data/datasets/2022/econ/susb/2022-susb.html,"reference year 2022; MSA dataset originally released 2025-05-29, revised 2025-07-22 (extraneous estimates removed; remaining estimates unchanged)","mid-March payroll employment at employer establishments, classified by enterprise (firm) employment size; primary split firms <500 vs 500+ employees (SBA cutoff)","U.S. Census Bureau, Statistics of U.S. Businesses (SUSB), 2022 Annual Datasets by Establishment Industry — msa_3digitnaics_2022.txt (all-industry NAICS=--, enterprise employment size); reference year 2022; MSA dataset originally released 2025-05-29, revised 2025-07-22 (extraneous estimates removed; remaining estimates unchanged); measures mid-March payroll employment at employer establishments, classified by enterprise (firm) employment size; primary split firms <500 vs 500+ employees (SBA cutoff). File: https://www2.census.gov/programs-surveys/susb/datasets/2022/msa_3digitnaics_2022.txt Landing page: https://www.census.gov/data/datasets/2022/econ/susb/2022-susb.html",31573,1429,1291,1836,5137,6278,9693,15971,15602,4.52601906692427,4.088936749754537,5.815095176258195,16.27023089348494,19.884078168054984,30.700281886421944,50.584360054476925,49.415639945523075,False,31573,0,31573,0,
48700,"Williamsport, PA Metro Area",metro,2022,standard_01_09,RETRIEVED,U.S. Census Bureau,Statistics of U.S. Businesses (SUSB),U.S. Census Bureau Statistics of U.S. Businesses (SUSB) 2022,msa_3digitnaics_2022.txt,https://www2.census.gov/programs-surveys/susb/datasets/2022/msa_3digitnaics_2022.txt,https://www.census.gov/data/datasets/2022/econ/susb/2022-susb.html,"reference year 2022; MSA dataset originally released 2025-05-29, revised 2025-07-22 (extraneous estimates removed; remaining estimates unchanged)","mid-March payroll employment at employer establishments, classified by enterprise (firm) employment size; primary split firms <500 vs 500+ employees (SBA cutoff)","U.S. Census Bureau, Statistics of U.S. Businesses (SUSB), 2022 Annual Datasets by Establishment Industry — msa_3digitnaics_2022.txt (all-industry NAICS=--, enterprise employment size); reference year 2022; MSA dataset originally released 2025-05-29, revised 2025-07-22 (extraneous estimates removed; remaining estimates unchanged); measures mid-March payroll employment at employer establishments, classified by enterprise (firm) employment size; primary split firms <500 vs 500+ employees (SBA cutoff). File: https://www2.census.gov/programs-surveys/susb/datasets/2022/msa_3digitnaics_2022.txt Landing page: https://www.census.gov/data/datasets/2022/econ/susb/2022-susb.html",45401,1777,2422,3694,8843,6170,16736,22906,22495,3.9140107046100305,5.33468425805599,8.136384661130812,19.477544547476928,13.590009030638091,36.86262417127376,50.45263320191185,49.54736679808815,False,45401,0,45401,0,
48900,"Wilmington, NC Metro Area",metro,2022,standard_01_09,RETRIEVED,U.S. Census Bureau,Statistics of U.S. Businesses (SUSB),U.S. Census Bureau Statistics of U.S. Businesses (SUSB) 2022,msa_3digitnaics_2022.txt,https://www2.census.gov/programs-surveys/susb/datasets/2022/msa_3digitnaics_2022.txt,https://www.census.gov/data/datasets/2022/econ/susb/2022-susb.html,"reference year 2022; MSA dataset originally released 2025-05-29, revised 2025-07-22 (extraneous estimates removed; remaining estimates unchanged)","mid-March payroll employment at employer establishments, classified by enterprise (firm) employment size; primary split firms <500 vs 500+ employees (SBA cutoff)","U.S. Census Bureau, Statistics of U.S. Businesses (SUSB), 2022 Annual Datasets by Establishment Industry — msa_3digitnaics_2022.txt (all-industry NAICS=--, enterprise employment size); reference year 2022; MSA dataset originally released 2025-05-29, revised 2025-07-22 (extraneous estimates removed; remaining estimates unchanged); measures mid-March payroll employment at employer establishments, classified by enterprise (firm) employment size; primary split firms <500 vs 500+ employees (SBA cutoff). File: https://www2.census.gov/programs-surveys/susb/datasets/2022/msa_3digitnaics_2022.txt Landing page: https://www.census.gov/data/datasets/2022/econ/susb/2022-susb.html",156846,9361,11031,15276,34453,17389,70121,87510,69336,5.968274613314971,7.0330132741670175,9.739489690524463,21.966132384632058,11.086671002129478,44.70690996263851,55.79358096476799,44.20641903523201,False,156846,0,156846,0,
49020,"Winchester, VA-WV Metro Area",metro,2022,standard_01_09,RETRIEVED,U.S. Census Bureau,Statistics of U.S. Businesses (SUSB),U.S. Census Bureau Statistics of U.S. Businesses (SUSB) 2022,msa_3digitnaics_2022.txt,https://www2.census.gov/programs-surveys/susb/datasets/2022/msa_3digitnaics_2022.txt,https://www.census.gov/data/datasets/2022/econ/susb/2022-susb.html,"reference year 2022; MSA dataset originally released 2025-05-29, revised 2025-07-22 (extraneous estimates removed; remaining estimates unchanged)","mid-March payroll employment at employer establishments, classified by enterprise (firm) employment size; primary split firms <500 vs 500+ employees (SBA cutoff)","U.S. Census Bureau, Statistics of U.S. Businesses (SUSB), 2022 Annual Datasets by Establishment Industry — msa_3digitnaics_2022.txt (all-industry NAICS=--, enterprise employment size); reference year 2022; MSA dataset originally released 2025-05-29, revised 2025-07-22 (extraneous estimates removed; remaining estimates unchanged); measures mid-March payroll employment at employer establishments, classified by enterprise (firm) employment size; primary split firms <500 vs 500+ employees (SBA cutoff). File: https://www2.census.gov/programs-surveys/susb/datasets/2022/msa_3digitnaics_2022.txt Landing page: https://www.census.gov/data/datasets/2022/econ/susb/2022-susb.html",57878,2349,3077,3650,9971,6608,19047,25655,32223,4.058536922492139,5.316355091744704,6.3063685683679465,17.22761671101282,11.417118767061751,32.90887729361761,44.32599606067936,55.67400393932064,False,57878,0,57878,0,
49180,"Winston-Salem, NC Metro Area",metro,2022,standard_01_09,RETRIEVED,U.S. Census Bureau,Statistics of U.S. Businesses (SUSB),U.S. Census Bureau Statistics of U.S. Businesses (SUSB) 2022,msa_3digitnaics_2022.txt,https://www2.census.gov/programs-surveys/susb/datasets/2022/msa_3digitnaics_2022.txt,https://www.census.gov/data/datasets/2022/econ/susb/2022-susb.html,"reference year 2022; MSA dataset originally released 2025-05-29, revised 2025-07-22 (extraneous estimates removed; remaining estimates unchanged)","mid-March payroll employment at employer establishments, classified by enterprise (firm) employment size; primary split firms <500 vs 500+ employees (SBA cutoff)","U.S. Census Bureau, Statistics of U.S. Businesses (SUSB), 2022 Annual Datasets by Establishment Industry — msa_3digitnaics_2022.txt (all-industry NAICS=--, enterprise employment size); reference year 2022; MSA dataset originally released 2025-05-29, revised 2025-07-22 (extraneous estimates removed; remaining estimates unchanged); measures mid-March payroll employment at employer establishments, classified by enterprise (firm) employment size; primary split firms <500 vs 500+ employees (SBA cutoff). File: https://www2.census.gov/programs-surveys/susb/datasets/2022/msa_3digitnaics_2022.txt Landing page: https://www.census.gov/data/datasets/2022/econ/susb/2022-susb.html",249687,10900,11573,14877,40917,27831,78267,106098,143589,4.365465562884732,4.63500302378578,5.9582597411959775,16.387316920784823,11.146355236756419,31.34604524865131,42.49240048540773,57.50759951459227,False,249687,0,249687,0,
49340,"Worcester, MA Metro Area",metro,2022,standard_01_09,RETRIEVED,U.S. Census Bureau,Statistics of U.S. Businesses (SUSB),U.S. Census Bureau Statistics of U.S. Businesses (SUSB) 2022,msa_3digitnaics_2022.txt,https://www2.census.gov/programs-surveys/susb/datasets/2022/msa_3digitnaics_2022.txt,https://www.census.gov/data/datasets/2022/econ/susb/2022-susb.html,"reference year 2022; MSA dataset originally released 2025-05-29, revised 2025-07-22 (extraneous estimates removed; remaining estimates unchanged)","mid-March payroll employment at employer establishments, classified by enterprise (firm) employment size; primary split firms <500 vs 500+ employees (SBA cutoff)","U.S. Census Bureau, Statistics of U.S. Businesses (SUSB), 2022 Annual Datasets by Establishment Industry — msa_3digitnaics_2022.txt (all-industry NAICS=--, enterprise employment size); reference year 2022; MSA dataset originally released 2025-05-29, revised 2025-07-22 (extraneous estimates removed; remaining estimates unchanged); measures mid-March payroll employment at employer establishments, classified by enterprise (firm) employment size; primary split firms <500 vs 500+ employees (SBA cutoff). File: https://www2.census.gov/programs-surveys/susb/datasets/2022/msa_3digitnaics_2022.txt Landing page: https://www.census.gov/data/datasets/2022/econ/susb/2022-susb.html",311959,14970,16515,20204,50966,44764,102655,147419,164540,4.7987075224628875,5.293964912055751,6.476492103128937,16.3374033126148,14.3493215454595,32.90656785026238,47.25588939572187,52.74411060427813,False,311959,0,311959,0,
49420,"Yakima, WA Metro Area",metro,2022,standard_01_09,RETRIEVED,U.S. Census Bureau,Statistics of U.S. Businesses (SUSB),U.S. Census Bureau Statistics of U.S. Businesses (SUSB) 2022,msa_3digitnaics_2022.txt,https://www2.census.gov/programs-surveys/susb/datasets/2022/msa_3digitnaics_2022.txt,https://www.census.gov/data/datasets/2022/econ/susb/2022-susb.html,"reference year 2022; MSA dataset originally released 2025-05-29, revised 2025-07-22 (extraneous estimates removed; remaining estimates unchanged)","mid-March payroll employment at employer establishments, classified by enterprise (firm) employment size; primary split firms <500 vs 500+ employees (SBA cutoff)","U.S. Census Bureau, Statistics of U.S. Businesses (SUSB), 2022 Annual Datasets by Establishment Industry — msa_3digitnaics_2022.txt (all-industry NAICS=--, enterprise employment size); reference year 2022; MSA dataset originally released 2025-05-29, revised 2025-07-22 (extraneous estimates removed; remaining estimates unchanged); measures mid-March payroll employment at employer establishments, classified by enterprise (firm) employment size; primary split firms <500 vs 500+ employees (SBA cutoff). File: https://www2.census.gov/programs-surveys/susb/datasets/2022/msa_3digitnaics_2022.txt Landing page: https://www.census.gov/data/datasets/2022/econ/susb/2022-susb.html",71783,3587,4835,6648,12157,15706,27227,42933,28850,4.997004861875374,6.735578061658053,9.261245698842345,16.935764735383028,21.87983227226502,37.9295933577588,59.809425630023824,40.190574369976176,False,71783,0,71783,0,
49620,"York-Hanover, PA Metro Area",metro,2022,standard_01_09,RETRIEVED,U.S. Census Bureau,Statistics of U.S. Businesses (SUSB),U.S. Census Bureau Statistics of U.S. Businesses (SUSB) 2022,msa_3digitnaics_2022.txt,https://www2.census.gov/programs-surveys/susb/datasets/2022/msa_3digitnaics_2022.txt,https://www.census.gov/data/datasets/2022/econ/susb/2022-susb.html,"reference year 2022; MSA dataset originally released 2025-05-29, revised 2025-07-22 (extraneous estimates removed; remaining estimates unchanged)","mid-March payroll employment at employer establishments, classified by enterprise (firm) employment size; primary split firms <500 vs 500+ employees (SBA cutoff)","U.S. Census Bureau, Statistics of U.S. Businesses (SUSB), 2022 Annual Datasets by Establishment Industry — msa_3digitnaics_2022.txt (all-industry NAICS=--, enterprise employment size); reference year 2022; MSA dataset originally released 2025-05-29, revised 2025-07-22 (extraneous estimates removed; remaining estimates unchanged); measures mid-March payroll employment at employer establishments, classified by enterprise (firm) employment size; primary split firms <500 vs 500+ employees (SBA cutoff). File: https://www2.census.gov/programs-surveys/susb/datasets/2022/msa_3digitnaics_2022.txt Landing page: https://www.census.gov/data/datasets/2022/econ/susb/2022-susb.html",175009,5781,7736,10507,25629,27976,49653,77629,97380,3.303258689553109,4.420344096589318,6.003691238736294,14.644389717100264,15.9854636047289,28.371683741978984,44.35714734670788,55.64285265329212,False,175009,0,175009,0,
49660,"Youngstown-Warren, OH Metro Area",metro,2022,standard_01_09,RETRIEVED,U.S. Census Bureau,Statistics of U.S. Businesses (SUSB),U.S. Census Bureau Statistics of U.S. Businesses (SUSB) 2022,msa_3digitnaics_2022.txt,https://www2.census.gov/programs-surveys/susb/datasets/2022/msa_3digitnaics_2022.txt,https://www.census.gov/data/datasets/2022/econ/susb/2022-susb.html,"reference year 2022; MSA dataset originally released 2025-05-29, revised 2025-07-22 (extraneous estimates removed; remaining estimates unchanged)","mid-March payroll employment at employer establishments, classified by enterprise (firm) employment size; primary split firms <500 vs 500+ employees (SBA cutoff)","U.S. Census Bureau, Statistics of U.S. Businesses (SUSB), 2022 Annual Datasets by Establishment Industry — msa_3digitnaics_2022.txt (all-industry NAICS=--, enterprise employment size); reference year 2022; MSA dataset originally released 2025-05-29, revised 2025-07-22 (extraneous estimates removed; remaining estimates unchanged); measures mid-March payroll employment at employer establishments, classified by enterprise (firm) employment size; primary split firms <500 vs 500+ employees (SBA cutoff). File: https://www2.census.gov/programs-surveys/susb/datasets/2022/msa_3digitnaics_2022.txt Landing page: https://www.census.gov/data/datasets/2022/econ/susb/2022-susb.html",138368,6459,8450,11569,30916,23704,57394,81098,57270,4.667986817761332,6.106903330249769,8.361037234042554,22.34331637372803,17.131128584643847,41.47924375578168,58.610372340425535,41.389627659574465,False,138368,0,138368,0,
49700,"Yuba City, CA Metro Area",metro,2022,standard_01_09,RETRIEVED,U.S. Census Bureau,Statistics of U.S. Businesses (SUSB),U.S. Census Bureau Statistics of U.S. Businesses (SUSB) 2022,msa_3digitnaics_2022.txt,https://www2.census.gov/programs-surveys/susb/datasets/2022/msa_3digitnaics_2022.txt,https://www.census.gov/data/datasets/2022/econ/susb/2022-susb.html,"reference year 2022; MSA dataset originally released 2025-05-29, revised 2025-07-22 (extraneous estimates removed; remaining estimates unchanged)","mid-March payroll employment at employer establishments, classified by enterprise (firm) employment size; primary split firms <500 vs 500+ employees (SBA cutoff)","U.S. Census Bureau, Statistics of U.S. Businesses (SUSB), 2022 Annual Datasets by Establishment Industry — msa_3digitnaics_2022.txt (all-industry NAICS=--, enterprise employment size); reference year 2022; MSA dataset originally released 2025-05-29, revised 2025-07-22 (extraneous estimates removed; remaining estimates unchanged); measures mid-March payroll employment at employer establishments, classified by enterprise (firm) employment size; primary split firms <500 vs 500+ employees (SBA cutoff). File: https://www2.census.gov/programs-surveys/susb/datasets/2022/msa_3digitnaics_2022.txt Landing page: https://www.census.gov/data/datasets/2022/econ/susb/2022-susb.html",36945,2432,2945,3134,7209,5765,15720,21485,15460,6.582758154012722,7.97130870212478,8.482879956692381,19.51278928136419,15.604276627419136,42.549736094194074,58.154012721613206,41.845987278386794,False,36945,0,36945,0,
49740,"Yuma, AZ Metro Area",metro,2022,standard_01_09,RETRIEVED,U.S. Census Bureau,Statistics of U.S. Businesses (SUSB),U.S. Census Bureau Statistics of U.S. Businesses (SUSB) 2022,msa_3digitnaics_2022.txt,https://www2.census.gov/programs-surveys/susb/datasets/2022/msa_3digitnaics_2022.txt,https://www.census.gov/data/datasets/2022/econ/susb/2022-susb.html,"reference year 2022; MSA dataset originally released 2025-05-29, revised 2025-07-22 (extraneous estimates removed; remaining estimates unchanged)","mid-March payroll employment at employer establishments, classified by enterprise (firm) employment size; primary split firms <500 vs 500+ employees (SBA cutoff)","U.S. Census Bureau, Statistics of U.S. Businesses (SUSB), 2022 Annual Datasets by Establishment Industry — msa_3digitnaics_2022.txt (all-industry NAICS=--, enterprise employment size); reference year 2022; MSA dataset originally released 2025-05-29, revised 2025-07-22 (extraneous estimates removed; remaining estimates unchanged); measures mid-March payroll employment at employer establishments, classified by enterprise (firm) employment size; primary split firms <500 vs 500+ employees (SBA cutoff). File: https://www2.census.gov/programs-surveys/susb/datasets/2022/msa_3digitnaics_2022.txt Landing page: https://www.census.gov/data/datasets/2022/econ/susb/2022-susb.html",51328,2295,3128,3882,9105,7249,18410,25659,25669,4.471243765586035,6.094139650872818,7.563123441396509,17.738855985037407,14.122895885286782,35.86736284289277,49.99025872817955,50.00974127182045,False,51328,0,51328,0,
