frn,provider_id,holding_company
0000012609,240058,Mid-Hudson Cablevision
0000012781,240068,"Neu Ventures, Inc."
0000013722,131087,"Rainbow Telecommunications Association, Inc."
0000014936,240058,Mid-Hudson Cablevision
0000017640,131060,"TPC ACC Acquisition, LLC"
0001513068,430166,"United Electric Cooperative Services, Inc."
0001514090,131161,"Waimana Enterprises, Inc."
0001520980,130254,Cincinnati Bell Inc.
0001537133,130171,Bryan Family Inc.
0001543347,130189,Calaveras Communications Company
0001545748,131057,"Ponderosa Communications, Inc."
0001546068,131173,Sebastian Enterprises
0001546746,131416,"Varcomm Holdings, Inc."
0001549914,131441,Volcano Communications Company
0001551241,131195,"Siskiyou Communications, Inc."
0001551423,130784,"Martell Enterprises, Inc."
0001551530,130077,AT&T Inc.
0001551837,131173,Sebastian Enterprises
0001552173,130077,AT&T Inc.
0001553585,130206,Day Management Corporation
0001559798,131130,Roome Telecommunications Inc.
0001562388,131259,Stayton Cooperative Telephone Company
0001564186,140020,PUD No. 1 of Chelan County
0001564293,300112,Okanogan County PUD No. 1
0001565316,131046,Pioneer Telephone Cooperative (OR)
0001565829,130104,Beaver Creek Cooperative Telephone Company
0001566165,430130,Hood River Electric Cooperative
0001566306,190126,Douglas Electric Cooperative Inc.
0001566983,131043,"Pinpoint Holdings, Inc."
0001568880,130534,GCI Holdings LLC
0001569466,150307,"Remote Control, Inc."
0001570936,130067,"Arctic Slope Telephone Association Cooperative, Inc."
0001571181,130352,"Cordova Telephone Cooperative, Inc."
0001571561,130534,GCI Holdings LLC
0001572932,130349,Copper Valley Telephone Cooperative
0001573427,130791,"Matanuska Telecom Association, Inc."
0001576628,130303,Coast Communications Co. Inc.
0001581297,130786,Palisade America's Investment LLC
0001583194,131475,Wahkiakum West Inc.
0001583350,130651,Western Elite Incorporated Services
0001583962,520000,"Okanogan County Electric Cooperative, Inc."
0001584267,240031,Davis Communications Inc.
0001584275,131047,Pioneer Telephone Holding Company
0001584960,130029,Alaska Power & Telephone Company
0001585397,130252,"Churchill County, State of Nevada"
0001587625,130132,"Blackfoot Telephone Cooperative, Inc."
0001590595,130580,Gunnison Telephone Company
0001596667,130206,Day Management Corporation
0001596717,130743,"Lincoln Communications, Inc."
0001598457,260069,Spanish Fork City
0001598598,520001,"City of Salem, Utah"
0001601079,131387,"UBTA-UBET Communications, Inc."
0001601996,131357,Tohono O'Odham Utility Authority
0001603042,131411,"Valley Telephone Cooperative, Inc. (AZ/NM)"
0001604404,300132,Royce's Electronics Inc.
0001607175,131219,"South Central Utah Telephone Association, Inc."
0001607225,130886,"NE Colorado Cellular, Inc."
0001607340,130453,Emery Telcom
0001607829,131131,"Roosevelt County Rural Telephone Cooperative, Inc."
0001607845,130458,"ENMR Telephone Cooperative, Inc."
0001611334,130692,"Kentec Communications, Inc."
0001615095,131190,"Horizon Communications, Inc."
0001615665,300192,"ITC Broadband Operating, LLC"
0001615889,131049,"Plains Cooperative Telephone Association, Inc."
0001616192,131481,Wiggins Telephone Association
0001616200,131362,"Townes Telecommunications, Inc."
0001616754,370162,"San Luis Valley Rural Electric Cooperative, Inc."
0001616937,130708,La Jicarita Rural Telephone Cooperative
0001618008,130728,"Leaco Rural Telephone Cooperative, Inc."
0001621127,190084,City of Glenwood Springs
0001621531,470109,J and R Electronics Inc.
0001623321,130378,Custer Telephone Cooperative Inc.
0001623818,131075,"Project Mutual Telephone Cooperative Association, Inc."
0001628288,250028,"Collins Communications, LLC"
0001629294,300125,"Richon, Inc."
0001629781,131090,"Range Telephone Cooperative, Inc."
0001630201,360114,Union Holding Corp.
0001630532,131190,"Horizon Communications, Inc."
0001631084,220073,Mountain West Technologies Corporation
0001631134,300182,Bridger Valley Electric Association Inc.
0001637222,131367,"Triangle Telephone Cooperative Assn., Inc."
0001643006,131129,"CommunityTel, Inc."
0001644798,131476,"Wes-Tex Telephone Cooperative, Inc."
0001646140,131090,"Range Telephone Cooperative, Inc."
0001646165,130132,"Blackfoot Telephone Cooperative, Inc."
0001646454,130002,"3 Rivers Telephone Cooperative, Inc."
0001646470,130890,"Nemont Telephone Cooperative, Inc."
0001646587,130826,"Mid-Rivers Telephone Cooperative, Inc."
0001647734,130744,"Lincoln Telephone Company, Inc."
0001648039,131231,Southern Montana Telephone Company
0001649078,130327,"Community Telephone Co., Inc."
0001649847,131057,"Ponderosa Communications, Inc."
0001650233,131512,"XIT Rural Telephone Cooperative, Inc."
0001651009,390008,"Applied Technology Group, Inc."
0001655125,131466,West Texas Rural Telephone Cooperative Inc.
0001664481,130400,"Dell Telephone Cooperative, Inc."
0001665835,130464,"Etex Telephone Cooperative, Inc."
0001667765,160127,LICT Corporation
0001675461,131383,"Tularosa Basin Telephone Company, Inc."
0001676519,130199,"Cap Rock Telephone Cooperative, Inc."
0001677335,190233,"Hilliary Communications, LLC"
0001678044,130307,"Coleman County Telephone Cooperative, Inc."
0001678788,131031,Peoples Telephone Cooperative
0001678804,131512,"XIT Rural Telephone Cooperative, Inc."
0001683630,130645,Industry Telephone Company
0001684166,130123,"Nevill Holdings, Inc."
0001685718,340001,"Valley Telephone Cooperative, Inc. (TX)"
0001685841,130612,"Hill Country Telephone Cooperative, Inc."
0001687326,150335,"Wharton County Electric Cooperative, Inc."
0001687557,131234,"Southwest Texas Telcom, Inc."
0001687813,131413,Uniti Group Inc.
0001687979,450052,"Guadalupe Valley Electric Cooperative, Inc."
0001692268,440018,City of Sallisaw
0001698752,130195,Canadian Valley Telephone Company
0001699412,190233,"Hilliary Communications, LLC"
0001699578,440000,"First American Holdings, Inc."
0001699693,130794,"NBVDS Investment, LLC"
0001699776,131039,Pine Telephone Company
0001700186,130201,Carnegie Telephone Company
0001700418,131007,"Panhandle Telephone Cooperative, Inc."
0001700459,130561,Grand Telephone Company
0001700616,130794,"NBVDS Investment, LLC"
0001700632,130425,"Dobson Technologies, Inc."
0001700855,130130,Bixby Telephone Company
0001700863,131045,Pioneer Telephone Cooperative (OK)
0001700905,130226,"Central Oklahoma Telephone Co., LLC"
0001700947,130107,"Beggs Telephone Company, Inc."
0001701275,130794,"NBVDS Investment, LLC"
0001704246,131007,"Panhandle Telephone Cooperative, Inc."
0001714146,130685,"Kaplan Telephone Company, Inc."
0001714567,130939,"Northeast Louisiana Telephone Co., Inc."
0001715937,131226,American Broadband Holding Company
0001717743,130340,Conway Corporation
0001717859,460041,Hope Water & Light Commission
0001730126,131362,"Townes Telecommunications, Inc."
0001730142,131214,South Arkansas Telephone Co.
0001730944,131518,"Yelcot Holding Group, Inc."
0001730969,130768,MADCO Holding Company
0001731280,131518,"Yelcot Holding Group, Inc."
0001731470,170001,"Puerto Rico Telephone Company, Inc."
0001731710,130427,"E. Ritter Communications Holdings, Inc."
0001731785,131232,"Southwest Arkansas Telephone Cooperative, Inc."
0001731850,130882,"NATCO Communications, Inc."
0001732668,130386,"D D & B, Inc."
0001742170,131302,"Telapex, Inc."
0001742501,140030,Fail Telecommunication Corporation
0001745603,190367,The Utilities Board of the City of Sylacauga
0001753557,131480,"WideOpenWest Finance, LLC"
0001753870,131038,Pine Belt Communications Co. Inc.
0001753938,131226,American Broadband Holding Company
0001754209,131038,Pine Belt Communications Co. Inc.
0001754738,260000,"Farmers Telecommunications Cooperative, Inc."
0001756089,130844,Millry Corporation
0001758705,500010,"City of Dickson, TN"
0001758846,370127,Tullahoma Utilities Authority
0001762582,260009,Columbia Power and Water Systems
0001762939,160108,Bristol Tennessee Essential Services
0001768159,130396,"DeKalb Telephone Cooperative, Inc."
0001769405,370129,Union City Energy Authority
0001772888,130068,West Kentucky Rural Telephone Cooperative Corp. Inc.
0001773225,131611,"Highland Telephone Cooperative, Inc. (KY & TN)"
0001773464,130112,"Ben Lomand Rural Telephone Coop., Inc."
0001773670,131384,Twin Lakes Telephone Cooperative Corporation
0001775295,131378,"Future Fiber FinCo, LLC"
0001778893,130446,"Electric Plant Board of the City of Glasgow, KY"
0001778935,510013,"Electric Plant Board of the City of Paducah, Kentucky"
0001779420,190184,Henderson Municipal Power & Light
0001779594,190089,City of Williamstown
0001783414,190282,Owensboro Municipal Utilities
0001783612,150312,Russellville Electric Plant Board
0001783653,330031,Franklin Electric Plant Board
0001786607,130434,East Kentucky Network LLC
0001791995,130655,Gearheart Communications
0001792563,190182,"Harlan Community Television, Inc."
0001792621,130068,West Kentucky Rural Telephone Cooperative Corp. Inc.
0001792696,131216,South Central Rural Telecommunications Cooperative Inc.
0001792787,130865,"Mountain Rural Telephone Cooperative Corporation, Inc."
0001813369,240037,Fort Pierce Utilities Authority
0001824325,180014,City of LaGrange
0001833193,131051,Plant Telephone Company
0001834696,130360,"Cox Communications, Inc."
0001835073,131227,Southern Company
0001844554,300086,MCNC
0001855287,131113,Ringgold Telephone Company
0001855337,130265,Citizens Mutual Telephone Cooperative (GA)
0001856145,131413,Uniti Group Inc.
0001856236,131076,"Public Service Communications, Inc."
0001856400,130391,"Darien Telephone Company, Inc."
0001856426,130151,"Strickland Communications, Inc."
0001856483,140030,Fail Telecommunication Corporation
0001856566,130746,"Lintel, Inc."
0001856673,131041,"Pineland Telephone Cooperative, Inc."
0001857598,131485,"Dycom Holding, Inc."
0001857952,130077,AT&T Inc.
0001858760,150258,Ellijay Telephone Company
0001858927,470018,Coastal Electric Membership Corporation
0001859339,460645,Altamaha Electric Corporation
0001886464,131158,"Sandhill Telephone Cooperative, Inc."
0001886704,130183,"Cable One, Inc."
0001886860,131005,"Palmetto Rural Telephone Cooperative, Inc."
0001886944,130620,"Horry Telephone Cooperative, Inc."
0001886977,131459,"West Carolina Rural Telephone Cooperative, Inc."
0001887025,130490,"Farmers Telephone Cooperative, Inc. (SC)"
0001887116,130242,"TruVista Communications, Inc."
0001887140,131036,"Piedmont Rural Telephone Cooperative, Inc."
0001887728,131125,"Comporium, Inc."
0001888718,131125,"Comporium, Inc."
0001889245,131125,"Comporium, Inc."
0001889617,131125,"Comporium, Inc."
0001912138,131486,Wilkes Telephone Membership Corporation
0001913979,131042,Town of Pineville
0001940022,130926,North Carolina RSA 3 Cellular Telephone Company
0001951144,130082,Atlantic Telephone Membership Corporation
0001951284,131089,Randolph Telephone Membership Corporation
0001952555,131199,Skyline Telephone Membership Corporation
0001952605,131283,Surry Telephone Membership Corporation
0001959758,131413,Uniti Group Inc.
0001960673,380045,French Broad Electric Membership Corporation
0001960962,131252,Star Telephone Membership Corporation
0001961416,131125,"Comporium, Inc."
0002008043,130588,"Hardy Telecommunications, Inc."
0002009405,131303,"TelAtlantic, Inc."
0002061653,131024,Pembroke Telephone Cooperative
0002064145,131181,Shenandoah Telecommunications Company
0002069862,131170,Scott County Telephone Cooperative
0002071579,130901,New Hope Telephone Cooperative (VA)
0002072668,131181,Shenandoah Telecommunications Company
0002072916,440025,Craig-Botetourt Electric Cooperative
0002073203,131425,Verizon Communications Inc.
0002073427,380016,BARC Electric Cooperative
0002109213,131425,Verizon Communications Inc.
0002154367,131167,"Schurz Communications, Inc."
0002154706,131208,"Smith Bagley, Inc."
0002166825,131425,Verizon Communications Inc.
0002212314,130697,Kingdom Telephone Company
0002285260,131145,S&T Telephone Cooperative Association
0002295400,230006,City of Chanute Kansas
0002320430,131141,Rural Telephone Service Company
0002323731,130684,"KanOkla Telephone Association, Inc."
0002327153,131395,"United Telephone Association, Inc."
0002329662,300192,"ITC Broadband Operating, LLC"
0002330843,130460,Epic Touch Company
0002331262,130144,"Blue Valley Tele-Communications, Inc."
0002332930,131900,"Cunningham Management, Inc."
0002333649,131087,"Rainbow Telecommunications Association, Inc."
0002333672,130551,"Golden Wheat, Inc."
0002333839,420187,"Golden Belt Telephone Association, Inc"
0002333888,140092,"Twin Valley Management, Inc."
0002334225,130364,Craw-Kan Telephone Cooperative Inc.
0002334407,140092,"Twin Valley Management, Inc."
0002334795,131044,"Pioneer Telephone Association, Inc."
0002335099,131395,"United Telephone Association, Inc."
0002336105,131141,Rural Telephone Service Company
0002339976,130860,The Moundridge Telephone Company
0002387033,130546,Glenwood Telephone Membership Corp.
0002387264,130114,BW Telcom
0002387868,130361,Cozad Telephone Company
0002388262,130546,Glenwood Telephone Membership Corp.
0002388684,131349,Three River Telco
0002388882,130941,Northeast Nebraska Telephone Company
0002392249,131461,West Iowa Telephone Company
0002393379,150250,DTC Holding Company
0002393544,131043,"Pinpoint Holdings, Inc."
0002405215,130274,City of Faith Municipal Telephone Company
0002426831,130243,Cheyenne River Sioux Tribe Telephone Authority
0002429686,270099,"Western Communications, Inc."
0002430163,140101,West River Cooperative Telephone Company
0002430510,131409,"Valley Telecommunications Cooperative Association, Inc."
0002430536,130828,"Midstate Communications, Inc. (SD)"
0002430684,130550,"Golden West Telecommunications Cooperative, Inc."
0002430916,130797,"TrioTel Communications, Inc."
0002432672,130040,"Alliance Communications Cooperative, Inc."
0002475168,130184,"Cable Services, Inc."
0002476281,130337,Consolidated Telcom
0002477503,131407,UTMA
0002477636,130108,BEK Communications Cooperative
0002477651,131465,West River Telecommunications Cooperative
0002477693,130950,Northwest Communications Cooperative
0002477743,131102,Reservation Telephone Cooperative
0002487908,300087,Marshall Municipal Utilities
0002490472,130736,STEL-CO
0002504058,130798,McDonald County Telephone Company
0002504298,130263,Green Hills Telephone Corporation
0002505519,130560,Grand River Mutual Telephone Corporation
0002506384,360007,Barry Electric Cooperative
0002513240,430203,Kennett Board of Public Works
0002531879,130781,Mark Twain Rural Telephone Company
0002533297,280047,"Rayfield Communications, Inc."
0002545929,130833,McCammon Enterprises
0002549228,130781,Mark Twain Rural Telephone Company
0002549665,131260,"Steelville Telephone Exchange, Inc."
0002550309,130183,"Cable One, Inc."
0002557627,130433,East Buchanan Telephone Cooperative
0002557742,130290,Clear Lake Independent Telephone Company
0002561884,131239,Spencer Municipal Communications Utility
0002564870,190085,City of Hawarden
0002565059,190180,Grundy Center Municipal Light & Power
0002575777,131008,Panora Communications Cooperative
0002576452,130757,Long Lines
0002586998,130877,Mutual Telephone Company (IA)
0002587707,130877,Mutual Telephone Company (IA)
0002587863,131222,"South Slope Cooperative Telephone Company, Inc."
0002587954,130598,Heart of Iowa Communications Cooperative
0002588051,130849,Modern Cooperative Telephone Company
0002588192,130346,Cooperative Telephone Company
0002588606,130223,"Center Junction Telephone Company, Inc."
0002589281,130092,"Baldwin Nashville Telephone Company, Inc."
0002589307,131457,Webster-Calhoun Cooperative Telephone Association
0002589604,130732,Lehigh Valley Cooperative Telephone Association
0002590032,131507,Woolstock Mutual Telephone Association
0002590057,131494,Winnebago Cooperative Telecom Association
0002590073,131472,Western Iowa Telephone Association
0002590586,130979,Onslow Cooperative Telephone Association
0002591063,130475,Farmers Cooperative Telephone Company-Dysart
0002591154,130682,Kalona Cooperative Telephone Company
0002592061,130846,"Minerva Valley Telephone Company, Inc."
0002592285,130302,C-M-L Telephone Cooperative Association
0002592384,131463,West Liberty Telephone Company
0002592392,131461,West Iowa Telephone Company
0002592426,131458,Wellman Cooperative Telephone Association
0002592509,131085,"Radcliffe Telephone Company, Inc."
0002592517,130353,Corn Belt Telephone Company
0002592640,131414,"Van Buren Telephone Co., Inc."
0002592897,131613,Sully Telephone Association
0002592921,131267,Stratford Mutual Telephone Company
0002593358,130344,"Coon Valley Cooperative Telephone Association, Inc."
0002593440,131166,Schaller Telephone Company
0002593481,131146,Sac County Mutual Telephone Company
0002593655,131096,Readlyn Telephone Company
0002593986,130906,"Nuvera Communications, Inc."
0002594067,130983,Oran Mutual Telephone Company
0002594125,130321,"Communications 1 Network, Inc."
0002594190,130877,Mutual Telephone Company (IA)
0002594216,130805,MTC Technologies
0002594752,130782,Marne & Elk Horn Telephone Company
0002594778,130969,Ogden Telephone Company
0002594893,130938,Northeast Iowa Telephone Company
0002594976,130756,Lone Rock Cooperative Telephone Company
0002595106,130045,"Alpine Communications, LLC"
0002595452,130419,Dumont Telephone Company
0002595734,130596,Hawkeye Telephone Company
0002595858,130877,Mutual Telephone Company (IA)
0002595874,131494,Winnebago Cooperative Telecom Association
0002596195,130495,Fenton Cooperative Telephone Company
0002596344,130485,Farmers Mutual Telephone Cooperative of Shellsburg
0002596377,130483,Farmers Mutual Telephone Company-Jesup
0002598076,131171,Scranton Telephone Company
0002598209,130290,Clear Lake Independent Telephone Company
0002598225,130677,Jefferson Telephone Company
0002598407,130179,Butler-Bremer Mutual Telephone Company
0002598464,130169,Brooklyn Mutual Telecommunications Cooperative
0002598779,340004,Allamakee-Clayton Electric Cooperative Inc.
0002621951,130821,Midcontinent Communications
0002623635,130906,"Nuvera Communications, Inc."
0002626984,130008,Ace Telephone Association
0002638641,130885,North Dakota Telephone Company
0002644284,130074,"Arvig Enterprises, Inc."
0002644953,131014,Paul Bunyan Rural Telephone Cooperative
0002645497,130115,Benton Cooperative Telephone Company
0002645612,131460,West Central Telephone Assn.
0002645729,130074,"Arvig Enterprises, Inc."
0002645778,130031,Albany Mutual Telephone Association
0002645927,130008,Ace Telephone Association
0002647287,130074,"Arvig Enterprises, Inc."
0002647857,130074,"Arvig Enterprises, Inc."
0002648285,130906,"Nuvera Communications, Inc."
0002650422,131009,Park Region Mutual Telephone Company
0002650828,130074,"Arvig Enterprises, Inc."
0002652048,130906,"Nuvera Communications, Inc."
0002652519,130526,Garden Valley Telephone Company
0002652741,470029,Federated Rural Electric Association
0002707875,130919,Wittenberg Telephone Company
0002713626,131427,"Vernon Telephone Cooperative, Inc."
0002713683,130239,"Chequamegon Communications Cooperative, Inc."
0002716561,130077,AT&T Inc.
0002717031,130058,Amherst Telephone Company
0002719045,130862,Mount Horeb Telephone Company
0002719458,130291,"Clear Lake Telephone Company, Inc."
0002720977,130057,"Amery Telcom, Inc."
0002721157,130726,"LaValle Telephone Cooperative, Inc."
0002721629,130613,"Hillsboro Telephone Company, Inc."
0002722049,131467,"West Wisconsin Telcom Cooperative, Inc."
0002723336,130138,Bloomer Telephone Company
0002723534,130093,"Baldwin Telecom, Inc."
0002723732,130058,Amherst Telephone Company
0002723773,130057,"Amery Telcom, Inc."
0002733897,370050,Holland Board of Public Works
0002733921,190096,Coldwater Board of Public Utilities
0002735751,440121,"Board of Trustees, Northern Michigan University"
0002751881,130018,"Agri-Valley Communications, Inc."
0002756187,130008,Ace Telephone Association
0002771228,130097,Barry County Services Company
0002771244,130385,"D & P Communications, Inc."
0002776599,130607,"Hiawatha Communications, Inc."
0002776771,130077,AT&T Inc.
0002801256,131123,Robinson Communications Corporation
0002813848,410161,Graymont Cooperative Assn.
0002816411,131180,"Shawnee Communications, Inc."
0002817500,130799,McDonough Telephone Cooperative Inc.
0002817823,130444,Egyptian Telephone Cooperative Association
0002818177,130819,Mid Century Telephone Co-operative
0002821221,350088,"Shelby Electric Cooperative, Inc."
0002860468,300074,Jo-Carroll Electric Cooperative Inc.
0002860856,130077,AT&T Inc.
0002871754,270023,"City of Richmond, Indiana"
0002884963,130569,"Great Plains Communications, Inc."
0002898724,131225,Southeastern Indiana Rural Telephone Cooperative
0002898856,131078,"Pulaski White Rural Telephone Cooperative, Inc."
0002899060,130586,Hancock Rural Telephone Corporation
0002901791,131286,"Sweetser Rural Telephone Company, Inc."
0002901817,131285,Fiberhawk
0002901833,130569,"Great Plains Communications, Inc."
0002901957,450151,Southeastern Indiana Rural Electric Membership Corporation
0002902955,130905,"New Paris Telephone Company, Inc."
0002903045,130853,Monon Telephone Company Inc.
0002903839,460050,LaGrange County Rural Membership Corporation
0002904654,130077,AT&T Inc.
0002922201,131342,The Ottoville Mutual Telephone Company
0002924751,150266,"Hanson Communications, Inc."
0002924777,131290,Sycamore Telephone Company
0002926582,131329,The Champaign Telephone Company
0002930980,130116,Benton Ridge Telephone Company
0002934974,190071,Cable Co-Op
0002946986,130077,AT&T Inc.
0003007481,130619,The Chillicothe Telephone Co
0003020146,130316,"Combined Technologies, Inc."
0003188133,440152,"Mobile Communication Service, Inc."
0003189172,480114,Youngsville Television Corporation
0003193000,131362,"Townes Telecommunications, Inc."
0003194776,130609,"Hickory Utility Services, Inc."
0003219227,131026,"Pencor Services, Inc."
0003222213,131026,"Pencor Services, Inc."
0003271798,131425,Verizon Communications Inc.
0003271871,131413,Uniti Group Inc.
0003273505,131425,Verizon Communications Inc.
0003316692,131425,Verizon Communications Inc.
0003412871,131378,"Future Fiber FinCo, LLC"
0003433323,130780,"Margaretville Telephone Company, Inc."
0003435633,131339,The Middleburgh Telephone Company
0003436367,131337,The Hancock Telephone Company
0003469442,131425,Verizon Communications Inc.
0003473709,130741,Liberty Latin America Ltd.
0003474327,130183,"Cable One, Inc."
0003510195,130370,Optimum Communications
0003628971,131425,Verizon Communications Inc.
0003645843,460632,"VTel Wireless, Inc."
0003666435,430060,"New Hampshire Electric Cooperative, Inc."
0003666708,131517,Granite State Communications
0003707767,130887,"Nedelco, Inc."
0003707775,130242,"TruVista Communications, Inc."
0003708013,130887,"Nedelco, Inc."
0003708104,130734,Lennon Telephone Company
0003708120,130921,NITCO Holding Corporation
0003708203,131074,"Progressive Voice & Data, Inc."
0003708237,131074,"Progressive Voice & Data, Inc."
0003708575,131413,Uniti Group Inc.
0003709458,131152,Salina Spavinaw Telephone Company Inc.
0003709888,130673,James Valley Cooperative Telephone Company
0003710100,130545,Glenwood Telephone Company
0003710597,390138,"Egyptian Communication Services, Inc."
0003713906,131378,"Future Fiber FinCo, LLC"
0003713963,130877,Mutual Telephone Company (IA)
0003714805,130032,"Albion Telephone Company, Inc."
0003715877,130603,Henderson Cooperative Telephone Company
0003715885,131023,"Pembroke Telephone Company, Inc."
0003715968,240063,Murray Electric System
0003716164,131476,"Wes-Tex Telephone Cooperative, Inc."
0003716255,130206,Day Management Corporation
0003716263,130206,Day Management Corporation
0003717709,131125,"Comporium, Inc."
0003717725,131125,"Comporium, Inc."
0003717949,131261,Stelle Telephone Company
0003718426,131486,Wilkes Telephone Membership Corporation
0003719929,131186,Sierra Tel Communications Group
0003720968,130535,"Geneseo Communications, Inc."
0003720984,130192,"Cambridge TelCom, Inc."
0003720992,130192,"Cambridge TelCom, Inc."
0003721008,130604,"Henry County Communications, Inc."
0003721495,130802,"McNabb Communications, Inc."
0003722113,130488,Farmers Telephone Company-Batavia
0003722121,160127,LICT Corporation
0003722188,130374,Cumberland Telephone Company
0003722410,130953,Northwest Communications Cooperative Association
0003722444,130565,Grauer Management Inc.
0003722485,131114,Ringsted Telephone Company
0003722758,131321,Terril Telephone Cooperative
0003722790,130484,Farmers Mutual Telephone Company-Nora Springs
0003722824,130484,Farmers Mutual Telephone Company-Nora Springs
0003722840,130845,Minburn Telephone Company
0003722865,130484,Farmers Mutual Telephone Company-Nora Springs
0003722907,140106,"WTC Communications, Inc."
0003722949,130953,Northwest Communications Cooperative Association
0003722998,130953,Northwest Communications Cooperative Association
0003723053,130794,"NBVDS Investment, LLC"
0003723129,130794,"NBVDS Investment, LLC"
0003723640,131311,Telephone Electronics Corporation
0003723665,131311,Telephone Electronics Corporation
0003723681,131311,Telephone Electronics Corporation
0003723699,280069,ZMP Holding Company
0003723707,131311,Telephone Electronics Corporation
0003723715,131311,Telephone Electronics Corporation
0003723723,131311,Telephone Electronics Corporation
0003723731,280069,ZMP Holding Company
0003723756,131008,Panora Communications Cooperative
0003723780,131311,Telephone Electronics Corporation
0003724655,131510,Wyoming Mutual Telephone Company
0003726288,130482,"Farmers Mutual Telephone Company of Stanton, Iowa"
0003726759,130473,"F&B Communications, Inc."
0003727146,131114,Ringsted Telephone Company
0003728284,130674,"JED Enterprises, Inc."
0003728615,131045,Pioneer Telephone Cooperative (OK)
0003728680,131122,Roberts County Telephone Cooperative Association
0003729142,130112,"Ben Lomand Rural Telephone Coop., Inc."
0003729316,131367,"Triangle Telephone Cooperative Assn., Inc."
0003729324,131367,"Triangle Telephone Cooperative Assn., Inc."
0003730702,130930,North English Cooperative Telephone Company
0003730728,130819,Mid Century Telephone Co-operative
0003730835,130492,FDF Communications Co.
0003730850,130363,"Craigville Telephone Company, Inc."
0003730959,131116,River Valley Telecommunications Cooperative
0003731114,131226,American Broadband Holding Company
0003731759,130310,Colo Telephone Company
0003731791,131378,"Future Fiber FinCo, LLC"
0003731882,131125,"Comporium, Inc."
0003731940,190380,"Troy Cablevision, Inc."
0003732302,130069,"Arkansas Telephone Company, Inc."
0003732484,130784,"Martell Enterprises, Inc."
0003732609,130245,Chickasaw Holding Company
0003732633,130045,"Alpine Communications, LLC"
0003732773,130132,"Blackfoot Telephone Cooperative, Inc."
0003733029,130259,Citizens Mutual Telephone Cooperative
0003733201,130385,"D & P Communications, Inc."
0003733284,130699,Kinsman Mutual Telephone Co.
0003733367,430041,Hancock Telephone Company
0003733813,131386,U.S. TelePacific Holdings Corp.
0003733847,131362,"Townes Telecommunications, Inc."
0003734167,130314,Columbus Telephone Company
0003734183,300097,"XTel Communications, Inc."
0003734803,130624,HTC Holding Co.
0003734951,130837,Miles Cooperative Telephone Association
0003735016,130079,"Radiate Holdings, LP"
0003735784,130079,"Radiate Holdings, LP"
0003735867,130264,Citizens Telephone Company of Kecksburg
0003736246,130263,Green Hills Telephone Corporation
0003737194,131340,The Nebraska Central Telephone Co.
0003737673,330002,Service Electric Television Inc.
0003737699,170002,Bristol Bay Cellular Partnership
0003738416,131413,Uniti Group Inc.
0003738465,131413,Uniti Group Inc.
0003738655,130432,EATEL Corp.
0003738739,300192,"ITC Broadband Operating, LLC"
0003738986,130986,Oregon Telephone Corporation
0003738994,130986,Oregon Telephone Corporation
0003739075,130481,Farmers Mutual Telephone Company (OH)
0003739208,131032,"Perry-Spencer Rural Telephone Cooperative, Inc."
0003739216,131032,"Perry-Spencer Rural Telephone Cooperative, Inc."
0003739380,130507,"Foothills Rural Telephone Cooperative Corporation, Inc."
0003739430,130906,"Nuvera Communications, Inc."
0003739513,131226,American Broadband Holding Company
0003739521,131226,American Broadband Holding Company
0003739554,131226,American Broadband Holding Company
0003739976,130691,"Kennebec Telephone Company, Inc."
0003740008,130906,"Nuvera Communications, Inc."
0003740040,131056,Polar Communication Mutual Aid Corporation
0003740396,130337,Consolidated Telcom
0003740412,131358,"Tonica Technologies, Inc."
0003740446,131358,"Tonica Technologies, Inc."
0003740610,130108,BEK Communications Cooperative
0003740628,131407,UTMA
0003740701,130733,Lemonweir Valley Telephone Company
0003740768,131226,American Broadband Holding Company
0003741253,130405,Dickey Rural Telephone Cooperative
0003741386,131005,"Palmetto Rural Telephone Cooperative, Inc."
0003741436,130748,Lismore Cooperative Telephone Company
0003741493,130074,"Arvig Enterprises, Inc."
0003741535,130686,Kasson & Mantorville Telephone Company
0003741550,130662,"Interstate Telecommunications Cooperative, Inc."
0003741576,450001,Federated Telephone Cooperative
0003741642,130347,Cooperative Telephone Exchange
0003741857,130769,"Schwartz Ventures, Inc."
0003741956,130449,Ellington Telephone Company
0003741964,131127,Rockwell Cooperative Telephone Association
0003742038,130450,Ellsworth Cooperative Telephone Association
0003742046,130142,Rural Communications Holding Corporation
0003742103,130502,"Five Area Telephone Cooperative, Inc."
0003742343,130502,"Five Area Telephone Cooperative, Inc."
0003742384,131097,Red River Rural Telephone Association
0003742467,130338,Consolidated Telephone Company
0003742475,130590,Harmony Telephone Company
0003742806,130142,Rural Communications Holding Corporation
0003742954,131180,"Shawnee Communications, Inc."
0003743358,130605,Hershey Cooperative Telephone Company
0003744125,130239,"Chequamegon Communications Cooperative, Inc."
0003744133,130239,"Chequamegon Communications Cooperative, Inc."
0003744141,150317,Wood County Telephone Company
0003744224,130583,Halstad Telephone Company
0003744273,130074,"Arvig Enterprises, Inc."
0003744398,130714,"Lakeland Communications, Inc."
0003744463,131366,"BHT Holdings, Inc."
0003744513,130142,Rural Communications Holding Corporation
0003744547,130142,Rural Communications Holding Corporation
0003744562,130074,"Arvig Enterprises, Inc."
0003744570,130074,"Arvig Enterprises, Inc."
0003744596,130142,Rural Communications Holding Corporation
0003745130,131240,Spring Grove Communications
0003745700,131344,Ridgeville Telephone Company
0003745734,130403,"T-Mobile USA, Inc."
0003745767,190275,Oak Run Associates Ltd.
0003745791,300192,"ITC Broadband Operating, LLC"
0003745825,130096,Barnes City Cooperative Telephone Company
0003745908,130115,Benton Cooperative Telephone Company
0003745957,130390,Danville Mutual Telephone Company
0003746013,130906,"Nuvera Communications, Inc."
0003746088,131448,"Wamego Telephone Company, Inc."
0003746898,130039,"Allen's TV Cable Service, Inc."
0003746989,131197,Sjoberg's Inc.
0003747672,130503,"Flat Rock Telephone Co-Op, Inc."
0003747722,130494,Farmers Mutual Telephone Company (MN)
0003748043,130986,Oregon Telephone Corporation
0003748068,130478,Farmers Mutual Cooperative Telephone Company-Moulton
0003748084,130559,Grand Mound Cooperative Telephone Association
0003748167,130626,Hubbard Cooperative Telephone Association
0003748191,130709,La Motte Telephone Company
0003748258,130878,"Mutual Telephone Company of Morning Sun, Iowa"
0003748266,131089,Randolph Telephone Membership Corporation
0003748282,130766,Lynnville Telephone Company
0003748340,130803,Mechanicsville Telephone Company
0003748407,130878,"Mutual Telephone Company of Morning Sun, Iowa"
0003748449,130974,"Olin Telephone Company, Inc."
0003748506,131003,Palmer Mutual Telephone Company
0003748514,131006,Palo Cooperative Telephone Association
0003748522,190233,"Hilliary Communications, LLC"
0003748589,131071,Preston Telephone Company
0003749082,240102,Jefferson County Cable
0003749108,130484,Farmers Mutual Telephone Company-Nora Springs
0003749116,240102,Jefferson County Cable
0003749215,130421,Dunkerton Telephone Cooperative
0003749264,130267,"Citizens Telephone Cooperative, Inc. (WI)"
0003749413,131339,The Middleburgh Telephone Company
0003749512,131172,Searsboro Telephone Company
0003749538,131612,Sharon Telephone Company (IA)
0003749561,131243,"Springville Cooperative Telephone Association, Inc."
0003749587,131354,Titonka Telephone Company
0003749678,130079,"Radiate Holdings, LP"
0003750171,130799,McDonough Telephone Cooperative Inc.
0003752466,160118,Eastern Cable Corporation
0003752508,160129,Manning Municipal Communications and Television Systems Utility
0003752730,130668,"Irvine Community Television, Inc."
0003753639,130427,"E. Ritter Communications Holdings, Inc."
0003754652,130126,Bijou Telephone Cooperative Association Inc.
0003754686,130685,"Kaplan Telephone Company, Inc."
0003754785,330002,Service Electric Television Inc.
0003756764,130485,Farmers Mutual Telephone Cooperative of Shellsburg
0003756798,130485,Farmers Mutual Telephone Cooperative of Shellsburg
0003757341,130137,"Block Communications, Inc."
0003757432,131362,"Townes Telecommunications, Inc."
0003757556,310033,Demopolis CATV Co.
0003757564,190233,"Hilliary Communications, LLC"
0003757580,190233,"Hilliary Communications, LLC"
0003757788,131276,Superior Telephone Cooperative
0003757838,131135,Royal Telephone Company
0003758109,131415,Van Horne Cooperative Telephone Company
0003758877,131163,Santel Communications Cooperative
0003759099,410126,Ocracoke Cable TV LLC
0003759859,131139,Runestone Telephone Association
0003759917,130387,Dakota Central Telecommunications Cooperative
0003762010,131413,Uniti Group Inc.
0003762465,131118,RJB Telecommunications Corp.
0003763489,131486,Wilkes Telephone Membership Corporation
0003764487,130499,"First Communications, LLC"
0003764735,130036,"Alhambra-Grantfork Communications, Inc."
0003764966,131057,"Ponderosa Communications, Inc."
0003765617,130071,"Armstrong Holdings, Inc."
0003765781,131249,"Standard Tobacco Company, Inc."
0003766201,130133,Blanca Telephone Company/Jade Communications LLC
0003766532,130077,AT&T Inc.
0003766623,130133,Blanca Telephone Company/Jade Communications LLC
0003766680,131448,"Wamego Telephone Company, Inc."
0003767639,131310,"Telephone and Data Systems, Inc."
0003768025,130154,Breda Telephone Corp.
0003768165,130317,Comcast Corporation
0003768215,131267,Stratford Mutual Telephone Company
0003770401,510051,"Trans-Video, Inc."
0003770815,131009,Park Region Mutual Telephone Company
0003770948,131009,Park Region Mutual Telephone Company
0003771169,131218,"South Central Telephone Association, Inc."
0003772274,150316,Socket Telecom LLC
0003772290,150316,Socket Telecom LLC
0003772787,130285,"Clarence Telephone Company, Inc."
0003772993,131505,"Woodhull Communications, Inc."
0003773025,131505,"Woodhull Communications, Inc."
0003773405,130057,"Amery Telcom, Inc."
0003773454,130119,Bergen Telephone Company
0003773504,130120,"Bernard Telephone Company, Inc."
0003773520,130170,"Bruce Telephone Company, Inc."
0003773579,130305,Cochrane Cooperative Telephone Company
0003773629,130345,Coon Valley Farmers Telephone Company
0003773702,130476,Farmers Independent Telephone Company
0003773751,130074,"Arvig Enterprises, Inc."
0003773777,130074,"Arvig Enterprises, Inc."
0003773827,130759,Lost Nation-Elwood Telephone Company
0003773975,130767,Mabel Cooperative Telephone Company
0003773991,130250,Christensen Communications Company
0003774023,130783,"Marquette-Adams Telephone Cooperative, Inc."
0003774056,130718,"Larson Utilities, Inc."
0003774072,130889,Nelson Telephone Cooperative
0003774098,230021,"Ind. Co. Cable TV, Inc."
0003774262,130944,Northern Telephone Company/Wilderness Valley Telephone Company
0003774296,131109,"Richland-Grant Telephone Cooperative, Inc."
0003774320,131179,Sharon Telephone Company (IL & WI)
0003774338,131241,"Spring Valley Telephone Company, Inc."
0003774403,131368,"Tri-County Communications Cooperative, Inc."
0003774429,131467,"West Wisconsin Telcom Cooperative, Inc."
0003774460,130944,Northern Telephone Company/Wilderness Valley Telephone Company
0003774478,130718,"Larson Utilities, Inc."
0003774494,130919,Wittenberg Telephone Company
0003775244,130403,"T-Mobile USA, Inc."
0003775400,190181,Haefele TV Inc.
0003775749,131109,"Richland-Grant Telephone Cooperative, Inc."
0003776069,130574,Griswold Cooperative Telephone Company
0003776507,130546,Glenwood Telephone Membership Corp.
0003777448,130037,"All West Communications, Inc."
0003777885,130244,"Chibardun Telephone Cooperative, Inc."
0003777919,130244,"Chibardun Telephone Cooperative, Inc."
0003778594,130070,"Spectracomm, Inc."
0003778628,150266,"Hanson Communications, Inc."
0003779675,131330,Champlain Telephone Company
0003781200,131286,"Sweetser Rural Telephone Company, Inc."
0003781556,130489,Farmers Telephone Company-Essex
0003783123,131413,Uniti Group Inc.
0003783255,190365,"Tel-Star Cablevision, Inc."
0003784477,131422,"Venture Communications Cooperative, Inc."
0003785300,190406,Westgate Communications LLC
0003785318,130606,"Hiawatha Broadband Communications, Inc."
0003786936,130090,"Baca Valley Telephone Company, Inc."
0003788940,130454,Emily Cooperative Telephone Company
0003789765,130084,"Atwood Cable Systems, Inc."
0003790003,130724,Laurens Municipal Communications Utility
0003792686,130757,Long Lines
0003793726,190131,Easton Utilities Commission
0003794765,170050,Harlan Municipal Utilities
0003795697,130208,"Cass Communications Management, Inc."
0003795739,130742,"Ligonier Telephone Co., Inc."
0003795747,130977,"Oneida Telephone Exchange, Inc."
0003795754,130977,"Oneida Telephone Exchange, Inc."
0003800117,130029,Alaska Power & Telephone Company
0003800570,130458,"ENMR Telephone Cooperative, Inc."
0003801651,130077,AT&T Inc.
0003801891,310042,"Helmsco, Inc."
0003801909,130193,"Cambridge Telephone Company, Inc."
0003801925,140033,Filer Mutual Telephone Company
0003805041,470045,"City of Knoxville, TN"
0003806668,131302,"Telapex, Inc."
0003911385,131413,Uniti Group Inc.
0003911567,130757,Long Lines
0003936994,131451,Washington County Rural Telephone Cooperative
0003944527,190155,"Fisher Wireless Services, Inc."
0004052577,190265,Nittany Media Inc.
0004052791,130542,"Gila River Telecommunications, Inc."
0004056248,170014,Atkins Telephone Company
0004057147,190013,Adams CATV Inc.
0004068474,130538,"Germantown Telephone Company, Inc."
0004073680,131506,Woodstock Telephone Company
0004074779,260000,"Farmers Telecommunications Cooperative, Inc."
0004074845,380099,Paragould Light and Water Commission
0004112835,131341,The North-Eastern Pennsylvania Telephone Company
0004119376,410135,"City of Sandy, Oregon"
0004142683,130921,NITCO Holding Corporation
0004155883,470060,Presque Isle Electric & Gas Co-op
0004156139,130095,Baraga Telephone Company Inc.
0004207239,131413,Uniti Group Inc.
0004242723,130999,"NTT DoCoMo, Inc."
0004246898,130754,"Logan Telephone Cooperative, Inc."
0004251419,130578,"Guadalupe Valley Telephone Cooperative, Inc."
0004255303,130479,Farmers Mutual Telephone Company (ID)
0004260436,130929,"North Central Telephone Cooperative, Inc."
0004261061,130423,Duo County Telephone Cooperative Inc.
0004262853,130602,Hemingford Cooperative Telephone Company
0004266664,190428,"San Carlos Apache Telecommunications Utility, Inc."
0004268918,130224,"Central Arkansas Telephone Cooperative, Inc."
0004269528,131303,"TelAtlantic, Inc."
0004269718,131412,"Valliant Telephone Company, Inc."
0004269775,130986,Oregon Telephone Corporation
0004269809,130986,Oregon Telephone Corporation
0004269817,130986,Oregon Telephone Corporation
0004269833,450174,Wyyerd Group LLC
0004273454,130850,Molalla Communications Company
0004273728,130034,"Alenco Communications, Inc."
0004273751,390139,"American Georgetown, Inc."
0004273850,130034,"Alenco Communications, Inc."
0004274007,440186,Direct Management Company
0004274890,131199,Skyline Telephone Membership Corporation
0004275137,131117,"Riviera Telephone Company, Inc."
0004278339,130440,"Eastex Telephone Cooperative, Inc."
0004278453,131466,West Texas Rural Telephone Cooperative Inc.
0004279154,131379,"City of Muscatine, Iowa"
0004280665,131221,"South Plains Telephone Cooperative, Inc."
0004283917,130425,"Dobson Technologies, Inc."
0004285466,130925,Nortex Communications
0004285474,130925,Nortex Communications
0004285623,130153,"Brazos Telephone Cooperative, Inc."
0004287538,130772,"Magazine Telephone Company, Inc."
0004296356,290057,"Interstate Wireless, Inc."
0004301339,130872,MTCO Corporation
0004301370,130872,MTCO Corporation
0004301388,130872,MTCO Corporation
0004306825,131052,"Planters Rural Telephone Cooperative, Inc."
0004309522,190233,"Hilliary Communications, LLC"
0004309548,130427,"E. Ritter Communications Holdings, Inc."
0004310298,130856,Griggs County Telephone Company
0004310694,131030,"Peoples Telecommunications, LLC"
0004311304,130678,Johnson Telephone Company
0004311320,130733,Lemonweir Valley Telephone Company
0004311528,130071,"Armstrong Holdings, Inc."
0004311627,130017,Agate Mutual Telephone Cooperative Association
0004311809,130963,Nunn Telephone Company
0004312187,130962,Nucla-Naturita Telephone Company
0004313243,130074,"Arvig Enterprises, Inc."
0004313342,131246,"SRT Communications, Inc."
0004313953,131013,Pattersonville Telephone Company (NY)
0004314100,130679,"K & M Telephone Company, Inc."
0004314316,131034,Phillips County Telephone Company
0004314605,130455,Empire Telephone Corporation/North Penn Telephone Company
0004315362,131378,"Future Fiber FinCo, LLC"
0004315461,130986,Oregon Telephone Corporation
0004317368,130210,Castleberry Communications
0004317731,130439,"Eastern Slope Rural Telephone Association, Inc."
0004318556,130074,"Arvig Enterprises, Inc."
0004318846,130610,Highland Telephone Cooperative (VA)
0004318929,130862,Mount Horeb Telephone Company
0004319026,130142,Rural Communications Holding Corporation
0004319117,130368,"Crossville Consolidated Communications, Inc."
0004319372,131482,"Wikstrom Telephone Company, Inc."
0004319406,130137,"Block Communications, Inc."
0004319703,130098,Bascom Mutual Telephone Company
0004319737,130098,Bascom Mutual Telephone Company
0004320065,130490,"Farmers Telephone Cooperative, Inc. (SC)"
0004320107,130490,"Farmers Telephone Cooperative, Inc. (SC)"
0004320164,130527,Gardonville Cooperative Telephone Association
0004320297,130090,"Baca Valley Telephone Company, Inc."
0004320362,131131,"Roosevelt County Rural Telephone Cooperative, Inc."
0004320412,131320,Terral Telephone Company
0004320545,130937,"Northeast Communications of Wisconsin, Inc."
0004320883,130710,"La Ward Telephone Exchange, Inc."
0004320909,130524,"Ganado Telephone Company, Inc."
0004321113,130747,Lipan Telecommunications Inc.
0004321451,131478,"Abound Ventures, Inc."
0004321733,130375,"Cumby Telephone Cooperative, Inc."
0004321790,440186,Direct Management Company
0004322053,130711,"LaHarpe Telephone Company, Inc. (KS)"
0004322079,130771,"Madison Telephone, LLC"
0004322095,130074,"Arvig Enterprises, Inc."
0004322178,130937,"Northeast Communications of Wisconsin, Inc."
0004322269,130532,Geetingsville Telephone Company Inc.
0004322335,130757,Long Lines
0004322350,131459,"West Carolina Rural Telephone Cooperative, Inc."
0004322665,130074,"Arvig Enterprises, Inc."
0004322889,130555,"Gorham Communications, Inc."
0004322897,131108,"Smithville Holding Company, Inc."
0004322913,131108,"Smithville Holding Company, Inc."
0004323499,130584,Hamilton County Telephone Co-Op
0004323507,130584,Hamilton County Telephone Co-Op
0004323556,130956,"KCL Enterprises, Inc."
0004324570,170044,Fishers Island Telephone Corporation
0004324620,130956,"KCL Enterprises, Inc."
0004324661,130622,Hot Springs Telephone Company
0004324802,130455,Empire Telephone Corporation/North Penn Telephone Company
0004324828,130796,McClure Telephone Company
0004325148,130275,City of Ketchikan
0004325205,170067,Monmouth Internet Corporation
0004325403,130427,"E. Ritter Communications Holdings, Inc."
0004326070,131265,Stoneham Cooperative Telephone Corporation
0004326815,130142,Rural Communications Holding Corporation
0004326849,130142,Rural Communications Holding Corporation
0004326872,130142,Rural Communications Holding Corporation
0004327201,131445,"Wabash Telephone Cooperative, Inc."
0004327417,300192,"ITC Broadband Operating, LLC"
0004327961,130777,Manchester-Hartland Telephone Company
0004328118,130245,Chickasaw Holding Company
0004328134,150266,"Hanson Communications, Inc."
0004328472,131128,Roggen Telephone Cooperative Company
0004328654,130087,Ayersville Telephone Company
0004328688,130903,"New Knoxville Telephone Company/GoldStar Communications, LLC"
0004328704,130393,Daviess-Martin County Rural Telephone Corporation
0004329223,130416,Doylestown Telephone Company
0004329264,131161,"Waimana Enterprises, Inc."
0004329314,130065,Arapahoe Telephone Company
0004329330,130073,Arthur Mutual Telephone Company
0004329348,130114,BW Telcom
0004329538,130268,Citizens Telephone Corporation
0004329587,150266,"Hanson Communications, Inc."
0004329611,150266,"Hanson Communications, Inc."
0004329629,150266,"Hanson Communications, Inc."
0004329652,150266,"Hanson Communications, Inc."
0004329710,130289,Clear Creek Mutual Telephone Company
0004329785,130735,"Leonore Mutual Telephone Co., Inc."
0004329884,131165,Scatter Creek Ltd.
0004330007,131124,"Rochester Telephone Company, Inc."
0004330205,130139,Bloomingdale Home Telephone Company
0004330353,131165,Scatter Creek Ltd.
0004330387,130834,"Midwest Telecom of America, Inc."
0004330866,131050,Plainview Telephone Company Inc.
0004330874,130227,"Central Texas Telephone Cooperative, Inc."
0004330890,131050,Plainview Telephone Company Inc.
0004330908,130204,Cascade Communications Company
0004330940,130285,"Clarence Telephone Company, Inc."
0004330965,130207,Casey Mutual Telephone Company
0004331039,130693,Keystone Farmers Cooperative Telephone Company
0004331047,131328,"Thacker-Grigsby Telephone Company, Inc."
0004331062,130787,Massena Telephone Company
0004331070,130114,BW Telcom
0004331724,130945,"Northern Telephone Cooperative, Inc."
0004332128,130544,Glasford Telephone Company
0004332912,131124,"Rochester Telephone Company, Inc."
0004333035,130311,"Colorado Valley Telephone Cooperative, Inc."
0004333043,300192,"ITC Broadband Operating, LLC"
0004333050,130630,Huxley Communications Cooperative
0004333266,131444,Wabash Mutual Telephone Company
0004333407,130152,Brazoria Telephone Company
0004333589,130352,"Cordova Telephone Cooperative, Inc."
0004334017,131168,Scio Mutual Telephone Association
0004334439,130399,Delhi Telephone Company
0004334538,190281,"OTZ Telephone Cooperative, Inc."
0004334918,130592,"Hartington Telecommunications Co., Inc."
0004334934,130044,"Alma Telecom, Inc."
0004334975,130142,Rural Communications Holding Corporation
0004335394,130538,"Germantown Telephone Company, Inc."
0004335873,130814,"MGW Communications, Inc."
0004336871,130290,Clear Lake Independent Telephone Company
0004337002,131245,"Spruce Knob Seneca Rocks Telephone, Inc."
0004337044,130940,Northeast Missouri Rural Telephone Company
0004337218,130976,Northland Telephone Systems
0004337283,130976,Northland Telephone Systems
0004337374,131021,The Peetz Cooperative Telephone Company
0004337648,150287,"Moapa Valley Telecommunications, Inc."
0004337689,130852,Monitor Cooperative Telephone Company
0004337721,130854,Monroe Telephone Company
0004338026,131388,Union River Telephone Company
0004338315,130877,Mutual Telephone Company (IA)
0004338489,130487,"Farmers Telephone Company, Inc."
0004338851,150225,Buckland Telephone Co.
0004339404,131365,Trenton Telephone Co.
0004339453,130012,Adams Telephone Co-Operative
0004339487,130012,Adams Telephone Co-Operative
0004339768,300113,Orange S.A.
0004339800,130106,Beehive Telephone Companies
0004339933,220001,PTI Pacifica Inc.
0004339982,130791,"Matanuska Telecom Association, Inc."
0004340410,160127,LICT Corporation
0004340949,130196,Canby Telephone Association
0004341285,131516,Yadkin Valley Telephone Membership Corporation
0004341798,140036,Fort Jennings Telephone Company
0004341830,130362,"CP-Tel Holdings, Inc."
0004341855,130362,"CP-Tel Holdings, Inc."
0004342473,130018,"Agri-Valley Communications, Inc."
0004344776,190233,"Hilliary Communications, LLC"
0004346474,130540,GEUS
0004349734,130292,"Clear Rate Communications, LLC"
0004350252,220001,PTI Pacifica Inc.
0004356952,130514,"Franklin Telephone Co., Inc."
0004359279,130380,Grayson Collin Electric Cooperative
0004360731,131090,"Range Telephone Cooperative, Inc."
0004362364,130684,"KanOkla Telephone Association, Inc."
0004362372,130825,"Mid-Plains Rural Telephone Cooperative, Inc."
0004362505,131126,Rock Port Telephone Company
0004364022,130673,James Valley Cooperative Telephone Company
0004365276,130083,"Atlas Telephone Company, Inc."
0004365318,130240,Cherokee Telephone Company
0004365334,130614,Hinton Holding Company
0004371795,131225,Southeastern Indiana Rural Telephone Cooperative
0004374039,130712,Lake Livingston Telephone Company
0004374047,130986,Oregon Telephone Corporation
0004374153,130269,"Citizens Telephone Company of Hammond NY, Inc."
0004374187,130269,"Citizens Telephone Company of Hammond NY, Inc."
0004379707,130071,"Armstrong Holdings, Inc."
0004379715,130071,"Armstrong Holdings, Inc."
0004379723,130071,"Armstrong Holdings, Inc."
0004379731,130071,"Armstrong Holdings, Inc."
0004379749,130071,"Armstrong Holdings, Inc."
0004380945,130875,Mulberry Cooperative Telephone Co. Inc.
0004380952,160127,LICT Corporation
0004380986,160127,LICT Corporation
0004381174,130196,Canby Telephone Association
0004381281,130681,"Kalida Telephone Company, Inc."
0004381323,130141,"Blossom Telephone Co., Inc."
0004381380,130569,"Great Plains Communications, Inc."
0004381422,130266,Citizens Telephone Cooperative (VA)
0004381505,130795,Court Square Capital Partners
0004381547,130206,Day Management Corporation
0004381729,130291,"Clear Lake Telephone Company, Inc."
0004384111,130420,"Dunbarton Telephone Company, Inc."
0004384517,131055,"Poka Lambro Telephone Cooperative, Inc."
0004384525,131055,"Poka Lambro Telephone Cooperative, Inc."
0004427803,130609,"Hickory Utility Services, Inc."
0004499034,130741,Liberty Latin America Ltd.
0004519732,130160,Bristol Bay Telephone Cooperative
0004523817,130431,"Eagle Telephone Systems, Inc."
0004530812,390061,Kit Carson Electric Cooperative Inc.
0004533105,131387,"UBTA-UBET Communications, Inc."
0004551347,250014,"Arbuckle Communications, LLC"
0004551529,410186,"City of Clarksville, Arkansas"
0004555595,130081,"ATN International, Inc."
0004560645,130136,Bledsoe Telephone Cooperative Inc.
0004561429,130851,"Mon-Cre Telephone Cooperative, Inc."
0004565057,290103,TELE-PAGE Inc.
0004579496,190020,"City of Albany, Georgia"
0004746863,150316,Socket Telecom LLC
0004759411,190431,City Utilities of Springfield
0004770475,130938,Northeast Iowa Telephone Company
0004770525,131613,Sully Telephone Association
0004776464,130477,Farmers Mutual Cooperative Telephone Company-Harlan
0004821989,320053,Illinois Electric Cooperative
0004837944,380059,Jackson County Rural Electric Membership Corporation
0004846648,530000,Paulding Putnam Electric & Internet
0004923934,430121,"Epic Touch Co., Inc."
0004924478,131296,"Taylor Telephone Cooperative, Inc."
0004924809,130037,"All West Communications, Inc."
0004924866,131218,"South Central Telephone Association, Inc."
0004925129,131029,"Peoples Rural Telephone Cooperative Corporation, Inc."
0004926796,131199,Skyline Telephone Membership Corporation
0004927802,530107,"MachTen, Inc."
0004928255,131086,"Ragland Telephone Co., Inc."
0004928750,131362,"Townes Telecommunications, Inc."
0004928792,131362,"Townes Telecommunications, Inc."
0004929717,130148,Colonial Telephone Company
0004930350,130745,Lincolnville Telephone Company
0004930384,130745,Lincolnville Telephone Company
0004933032,130094,"Ballard Rural Telephone Cooperative Corporation, Inc."
0004933677,130578,"Guadalupe Valley Telephone Cooperative, Inc."
0004935730,130118,Beresford Municipal Telephone Company
0004937827,130874,"Mud Lake Telephone Cooperative Association, Inc."
0004939864,131487,Willard Telephone Company
0004940664,150250,DTC Holding Company
0004942678,460024,"DCN, LLC"
0004942819,130178,"Burke's Garden Telephone Co., Inc."
0004943221,131031,Peoples Telephone Cooperative
0004948105,131310,"Telephone and Data Systems, Inc."
0004950937,130176,"Bulloch County Rural Telephone Cooperative, Inc."
0004953980,130312,Colton Telephone Company
0004955837,131363,"Traceroad, Inc."
0004956652,131175,Selectronics Corporation
0004957528,130511,Waldron Communication Company
0004961231,131211,"Consolidated Companies, Inc."
0004963088,290111,"Viasat, Inc."
0004963419,430181,"CIBL, Inc."
0004964227,130395,"Decatur Holding Company, Inc."
0004965141,360117,"Fusion Connect, Inc."
0004965380,131444,Wabash Mutual Telephone Company
0004965992,131413,Uniti Group Inc.
0004966099,131413,Uniti Group Inc.
0004966131,130322,"Community Antenna Service, Inc."
0004966149,130667,Ironton Telephone Company
0004966552,131413,Uniti Group Inc.
0004966594,131413,Uniti Group Inc.
0004967014,131413,Uniti Group Inc.
0004967030,131413,Uniti Group Inc.
0004967055,131413,Uniti Group Inc.
0004967337,131413,Uniti Group Inc.
0004967360,131413,Uniti Group Inc.
0004967600,131413,Uniti Group Inc.
0004967634,131413,Uniti Group Inc.
0004967683,131413,Uniti Group Inc.
0004967691,131413,Uniti Group Inc.
0004967725,131413,Uniti Group Inc.
0004967741,131413,Uniti Group Inc.
0004967774,131413,Uniti Group Inc.
0004967790,131413,Uniti Group Inc.
0004967808,131413,Uniti Group Inc.
0004967816,131413,Uniti Group Inc.
0004967840,131413,Uniti Group Inc.
0004969093,130233,Chapin Communications Corporation
0004970067,130068,West Kentucky Rural Telephone Cooperative Corp. Inc.
0004970711,130288,"Clay County Rural Telephone Cooperative, Inc."
0004972766,130602,Hemingford Cooperative Telephone Company
0004973301,130327,"Community Telephone Co., Inc."
0004975058,130614,Hinton Holding Company
0004975199,131194,"Siren Telephone Company, Inc."
0004975496,130690,"Atlas Connectivity, LLC"
0004976494,131423,Venus Telephone Corporation
0004976932,131431,Viola Holding Company
0004979555,131248,St. Paul Cooperative Telephone Association
0004979688,130271,City of Brookings Telephone Fund
0004980280,131329,The Champaign Telephone Company
0004980421,131272,"Sunflower Enterprises, Inc."
0004980611,330086,"LaHarpe Telephone Company, Inc. (IL)"
0004981114,131242,"Springcom, Inc."
0004983722,131076,"Public Service Communications, Inc."
0004984670,131418,Vaughnsville Telephone Company
0004984761,130757,Long Lines
0004984837,460633,MTC Cable
0004985065,131520,Yeoman Telephone Company
0004985818,131900,"Cunningham Management, Inc."
0004986410,130539,Gervais Telephone Company
0004991444,130081,"ATN International, Inc."
0004997516,131378,"Future Fiber FinCo, LLC"
0005000492,240022,CND Acquisition Corp.
0005000716,131038,Pine Belt Communications Co. Inc.
0005007992,190046,Beaver Valley Cable Company
0005009725,131257,"State Telephone Company, Inc."
0005010996,131359,"Totah Communications, Inc."
0005015391,131247,"St. John Telephone, Inc."
0005015409,131247,"St. John Telephone, Inc."
0005015607,130399,Delhi Telephone Company
0005016779,240012,Bryan Municipal Utilties
0005017298,131302,"Telapex, Inc."
0005017439,131250,"Stanton Telecom, Inc."
0005017751,350005,"Kcindur Communications, Inc."
0005020169,130964,"Nushagak Electric & Telephone Cooperative, Inc."
0005025101,130941,Northeast Nebraska Telephone Company
0005027941,150334,"WEHCO Video, Inc."
0005030200,430139,"Live Wire Networks, Inc."
0005041991,130624,HTC Holding Co.
0005043195,130892,"NetCarrier Telecom, Inc."
0005044375,360117,"Fusion Connect, Inc."
0005049895,130845,Minburn Telephone Company
0005050083,130238,Chazy & Westport Telephone Corp.
0005050141,131469,"Westelcom Network, Inc."
0005051560,130543,"Glandorf Telephone Co., Inc."
0005053251,130116,Benton Ridge Telephone Company
0005053632,130563,Grandview Mutual Telephone Company
0005057328,131378,"Future Fiber FinCo, LLC"
0005058292,131179,Sharon Telephone Company (IL & WI)
0005059092,440186,Direct Management Company
0005059779,130903,"New Knoxville Telephone Company/GoldStar Communications, LLC"
0005061189,130558,Granby Telephone Company
0005061387,130683,"KALTELCO, Inc."
0005061437,130068,West Kentucky Rural Telephone Cooperative Corp. Inc.
0005061544,130786,Palisade America's Investment LLC
0005061627,131157,Sand Creek Communications Company
0005062955,150119,Pattersonville Telephone Company (OH)
0005063078,130986,Oregon Telephone Corporation
0005063458,130847,Minford Telephone Company
0005066063,150266,"Hanson Communications, Inc."
0005067152,130908,"New Windsor Communications, Inc."
0005067186,131027,Pennsylvania Telephone Company
0005067228,130203,"Carr Communications, Inc."
0005067509,160135,"Ogden Communications, Inc."
0005067665,130095,Baraga Telephone Company Inc.
0005069125,440000,"First American Holdings, Inc."
0005069232,130315,TOTE Holdings LLC
0005069299,131396,"MTE Holdings, LLC"
0005069935,150120,Mutual Telephone Company (KS)
0005070933,300192,"ITC Broadband Operating, LLC"
0005075643,131183,"Sherwood Mutual Telephone Association, Inc."
0005076922,131108,"Smithville Holding Company, Inc."
0005077342,130557,"Grafton Communications, Inc."
0005079314,131366,"BHT Holdings, Inc."
0005080122,130810,"Mescalero Apache Telecom, Inc."
0005081542,131332,The Conneaut Telephone Company
0005081567,160127,LICT Corporation
0005082060,130902,"New Hope Telephone Cooperative, Inc. (AL)"
0005084769,131076,"Public Service Communications, Inc."
0005087002,130081,"ATN International, Inc."
0005093018,130046,Alta Municipal Utilities
0005093224,130233,Chapin Communications Corporation
0005095856,131413,Uniti Group Inc.
0005097134,130993,"Firstlight Fiber, Inc."
0005097167,130993,"Firstlight Fiber, Inc."
0005097407,300135,SDN Communications
0005099619,160127,LICT Corporation
0005139662,130425,"Dobson Technologies, Inc."
0005209374,131426,"Vermont Telephone Company, Inc."
0005221866,131100,Reedsburg Utility Commission
0005257522,130208,"Cass Communications Management, Inc."
0005283221,130788,"Massillon Cable TV, Inc."
0005367115,130721,"Laurel Highland Total Communications, Inc."
0005373576,190281,"OTZ Telephone Cooperative, Inc."
0005386172,131413,Uniti Group Inc.
0005414842,240085,Scottsboro Electric Power Board
0005450507,310013,Blue Ridge Mountain Electric Membership Corporation
0005464532,131036,"Piedmont Rural Telephone Cooperative, Inc."
0005555925,131378,"Future Fiber FinCo, LLC"
0005622675,131409,"Valley Telecommunications Cooperative Association, Inc."
0005623244,131422,"Venture Communications Cooperative, Inc."
0005667076,340015,"Comelec Services, Inc."
0005671128,130035,Algona Municipal Utilities
0005769302,130193,"Cambridge Telephone Company, Inc."
0005781620,420146,"Victoria Electric Cooperative, Inc."
0005782289,130553,Gonthier Inc.
0005806872,300016,"Basin 2 Way Radio, Inc."
0005813316,210061,"Pavlov Media, Inc."
0005848759,290037,"Digital Connections, Inc."
0005872015,130396,"DeKalb Telephone Cooperative, Inc."
0005901368,130464,"Etex Telephone Cooperative, Inc."
0005919022,130757,Long Lines
0005920509,180010,City of Auburn
0005937974,130077,AT&T Inc.
0005941547,131008,Panora Communications Cooperative
0006011472,190223,Lenox Municipal Utilities
0006033393,131170,Scott County Telephone Cooperative
0006074470,130263,Green Hills Telephone Corporation
0006097711,130993,"Firstlight Fiber, Inc."
0006118814,190244,Minnesota Valley Television Improvement Corporation
0006126080,220069,City of Valparaiso
0006146120,190335,"Southern Ohio Communication Services, Inc."
0006155337,500060,Greeneville Energy Authority
0006162192,240065,"Nelsonville TV Cable, Inc."
0006163059,150272,Iowa Connect Inc.
0006178198,130079,"Radiate Holdings, LP"
0006210736,300083,Local Internet Service Company
0006251136,131413,Uniti Group Inc.
0006259931,131148,Saddleback Communications Inc.
0006301592,130657,"InterBel Telephone Cooperative, Inc."
0006580518,131413,Uniti Group Inc.
0006662423,131347,The Toledo Telephone Company
0006682983,131011,"PATHWAYZ Communications, Inc."
0006694111,131413,Uniti Group Inc.
0006723936,131250,"Stanton Telecom, Inc."
0006747703,240081,Reinbeck Municipal Telecommunications Utility
0006764575,130065,Arapahoe Telephone Company
0006764948,131223,"Southeast Nebraska Communications, Inc."
0006778914,131216,South Central Rural Telecommunications Cooperative Inc.
0006791602,300034,Communications Management Group LLC
0006796643,130071,"Armstrong Holdings, Inc."
0006801401,130757,Long Lines
0006831713,210101,Xchange Telecom Corp.
0006899793,390116,Taylor Electric Cooperative
0006900716,130269,"Citizens Telephone Company of Hammond NY, Inc."
0006925440,131378,"Future Fiber FinCo, LLC"
0006945950,130403,"T-Mobile USA, Inc."
0006965750,240064,Nelson County Cablevision Corp.
0006993901,190058,"Board of Water, Light & Sinking Fund Commissioners of the City of Dalton, GA"
0007011331,430175,White Cloud Networks
0007023948,131056,Polar Communication Mutual Aid Corporation
0007069867,190101,Community Cable Television Agency of O'Brien County
0007083470,310094,"Arrowhead Electric Cooperative, Inc."
0007096514,130989,Osage Municipal Utilities
0007096639,130889,Nelson Telephone Cooperative
0007117237,370088,PocketiNet Communications Inc.
0007129216,131226,American Broadband Holding Company
0007170475,380013,"Anza Electric Cooperative, Inc."
0007183619,131010,Partner Communications Cooperative
0007196207,130043,Alma Communications Company
0007258973,130794,"NBVDS Investment, LLC"
0007266703,130387,Dakota Central Telecommunications Cooperative
0007282312,130804,Mediacom Communications Corp.
0007299654,270045,Getwireless.net
0007415706,300085,"Tower Bridge Mobile Holdings, LLC"
0007427487,130755,"Logix Communications, LP"
0007435902,170012,"American Samoa Telecom, LLC"
0007452204,130416,Doylestown Telephone Company
0007458805,130140,"Bloomingdale Telephone Company, Inc."
0007472319,300150,"Stratus Networks, Inc."
0007491137,130218,Cedar Falls Municipal Communications Utility
0007494776,130335,"Fidium Holdings, LLC"
0007543713,470016,"City of Norway, Michigan"
0007556152,130150,Brandenburg Communications Corp.
0007566961,131016,"PCC Holdings, Inc."
0007573520,140092,"Twin Valley Management, Inc."
0007630791,190059,"Boycom Cablevision, Inc."
0007635584,250069,Satellite Operations Inc.
0007649882,190308,Cable TV of East Alabama
0007690258,520076,"Delta Communications, LLC"
0007719719,190146,"FastTrack Communications, Inc."
0007734387,130239,"Chequamegon Communications Cooperative, Inc."
0007738446,130996,"US Signal Company, LLC"
0007759517,130425,"Dobson Technologies, Inc."
0007761109,530001,Waitsfield & Champlain Valley Telecom
0007761273,190305,"Quantum Telecommunications, Inc."
0007770084,130742,"Ligonier Telephone Co., Inc."
0007802291,390120,Tennessee Independent Telecom Group LLC
0007864895,130427,"E. Ritter Communications Holdings, Inc."
0007877517,190349,"Syringa Networks, LLC"
0008039323,240062,"Mountain Communications, LLC"
0008064941,440203,"Dialog Telecom, LLC"
0008095655,131167,"Schurz Communications, Inc."
0008113276,130711,"LaHarpe Telephone Company, Inc. (KS)"
0008114050,460060,Norwood Light Department Broadband Division
0008181448,190003,"1stel, Inc."
0008188633,180064,"Web Fire Communications, Inc."
0008197303,170058,Jackson Energy Authority
0008206997,130369,Crown Point Telephone Corporation
0008245839,130079,"Radiate Holdings, LP"
0008267999,130283,City of Windom
0008270738,180012,"City of Elberton, Georgia"
0008288532,130757,Long Lines
0008293649,130037,"All West Communications, Inc."
0008295321,190284,Pacific Data Systems
0008308405,131090,"Range Telephone Cooperative, Inc."
0008343162,131413,Uniti Group Inc.
0008358285,131206,"Smartcom Telephone, LLC"
0008410102,130988,"Orlando Telephone Company, Inc."
0008424194,140001,"Access Cable Television, Inc."
0008437147,130234,Chariton Valley Telephone Corporation
0008437964,130400,"Dell Telephone Cooperative, Inc."
0008460081,131145,S&T Telephone Cooperative Association
0008515595,150316,Socket Telecom LLC
0008538555,370064,KEPS Technologies Inc.
0008590846,460000,"123.Net, Inc."
0008616757,240032,DayStarr LLC
0008669897,130130,Bixby Telephone Company
0008701773,130103,"Beamspeed, LLC"
0008702433,131378,"Future Fiber FinCo, LLC"
0008814782,300005,"Acme Communications, Inc."
0008814816,130385,"D & P Communications, Inc."
0008830846,160127,LICT Corporation
0008845703,130774,"Mahaska Communication Group, LLC"
0009008442,250027,City of Lebanon Utilities
0009118415,130425,"Dobson Technologies, Inc."
0009179409,131073,"Progressive Rural Telephone Co-Op., Inc."
0009180969,130785,Martelle Cooperative Telephone Association
0009234436,130398,Delcambre Telephone Co.
0009254095,320018,Brown Dog Networks LLC
0009260118,460048,"K-Powernet, LLC"
0009281262,131303,"TelAtlantic, Inc."
0009329830,131349,Three River Telco
0009361080,190015,"Aeneas Communications, LLC"
0009405531,130030,"Covington Electric Cooperative, Inc."
0009470766,180032,"Home Town Cable TV, LLC"
0009485921,130487,"Farmers Telephone Company, Inc."
0009558909,190123,"DigitalPath, Inc."
0009568379,410085,Roseau Electric Cooperative
0009572884,130081,"ATN International, Inc."
0009588377,130264,Citizens Telephone Company of Kecksburg
0009598616,300186,ICS Advanced Technologies
0009599770,310018,"CCT Telecommunications, Inc."
0009611385,190506,"Cyber Mesa Computer Systems, Inc."
0009633983,270011,"Alyrica Networks, Inc."
0009635731,190311,Razzolink Inc.
0009700188,130311,"Colorado Valley Telephone Cooperative, Inc."
0009700592,131361,Town of Shrewsbury
0009719931,270024,City of Wyandotte
0009729393,130641,Independence Light and Power
0009764655,130695,Killduff Telephone Company
0009795329,130524,"Ganado Telephone Company, Inc."
0009828450,130856,Griggs County Telephone Company
0009846494,130623,"Hotwire Communications, Ltd."
0009873712,131103,"Reserve Holdings, Inc."
0009923020,480068,"Orion CableSystems, Inc."
0009965104,130784,"Martell Enterprises, Inc."
0010000172,140036,Fort Jennings Telephone Company
0010039147,390027,"Communication Construction Services, Inc."
0010104388,131283,Surry Telephone Membership Corporation
0010211167,160151,"Southeastern Services, Inc."
0010271377,190219,Lafayette City Parish Consolidated Government
0010291540,410084,"Reynolds Media, Inc."
0010322352,460675,Sac and Fox Tribe of the Mississippi in Iowa
0010480093,131167,"Schurz Communications, Inc."
0010480978,190504,Allo Communications LLC
0010522530,460089,"VFN Holdings, Inc."
0010568673,190405,Westfield Gas & Electric
0010601185,190256,Foremost Telecommunications Corporation
0010626414,130705,Kraus Electronics Systems Inc.
0010716884,390073,"Michwave Technologies, Inc."
0010729390,470015,"City of Griffin, Georgia"
0010746295,131106,Reynolds Telephone Company
0010753986,131431,Viola Holding Company
0010763969,190102,Community Telecom Services
0010766228,130500,"First Step Internet, LLC"
0010969780,131397,"UniTek, Inc."
0011119633,130122,Biddeford Internet Corporation
0011125911,131199,Skyline Telephone Membership Corporation
0011167079,400038,"Salsgiver, Inc."
0011210416,131413,Uniti Group Inc.
0011227055,290075,Northwest Open Access Network
0011245867,131226,American Broadband Holding Company
0011272671,131384,Twin Lakes Telephone Cooperative Corporation
0011278702,130233,Chapin Communications Corporation
0011283405,360068,"Pioneer Wireless, Inc."
0011291671,240006,"BalsamWest FiberNET, LLC"
0011394137,450153,Cherokee Cablevision Inc.
0011396082,130986,Oregon Telephone Corporation
0011411097,130908,"New Windsor Communications, Inc."
0011412129,130690,"Atlas Connectivity, LLC"
0011414059,131396,"MTE Holdings, LLC"
0011421815,220071,Vogtmann Engineering Inc.
0011458999,131309,"TeleGuam Holdings, Inc."
0011475738,131191,"Simply Bits, LLC"
0011496445,131394,Evertek Enterprises
0011548526,131026,"Pencor Services, Inc."
0011562717,240109,Montana Internet Corporation
0011574746,140076,"Reasnor Telephone Company, LLC"
0011581931,131378,"Future Fiber FinCo, LLC"
0011585528,131413,Uniti Group Inc.
0011618238,470091,"Benchmark Communications, LLC"
0011679826,160127,LICT Corporation
0011862927,440186,Direct Management Company
0011915014,131486,Wilkes Telephone Membership Corporation
0011928140,130416,Doylestown Telephone Company
0011971553,450041,Designs For Learning
0011987070,131167,"Schurz Communications, Inc."
0012004347,380086,"Network Tool and Die Company, Inc."
0012037123,170025,CMS Internet LLC
0012141842,420187,"Golden Belt Telephone Association, Inc"
0012144150,460631,Nex-Tech Wireless
0012147906,130270,City of Barnesville Municipal Telephone
0012207346,130011,"Adak Eagle Enterprises, LLC"
0012312963,160127,LICT Corporation
0012328621,420110,Rocky Mountain Internet Inc.
0012361036,470021,"Concho Valley Electric Cooperative, Inc."
0012369286,130627,EchoStar Corporation
0012441952,130254,Cincinnati Bell Inc.
0012486437,130254,Cincinnati Bell Inc.
0012527156,130282,City of Wadsworth
0012641163,130226,"Central Oklahoma Telephone Co., LLC"
0012662698,131395,"United Telephone Association, Inc."
0012841458,150290,"Neptuno Media, Inc."
0012882643,131039,Pine Telephone Company
0012981569,390102,"Shawn Barker Construction, Inc."
0012981858,190172,Golden Rain Foundation
0013114699,170066,Monmouth Independence Network
0013127899,131411,"Valley Telephone Cooperative, Inc. (AZ/NM)"
0013169313,130588,"Hardy Telecommunications, Inc."
0013194675,180058,"Com Net, Inc."
0013198767,320118,Inland Development Corporation
0013199104,320118,Inland Development Corporation
0013321211,130126,Bijou Telephone Cooperative Association Inc.
0013350657,131034,Phillips County Telephone Company
0013358395,360030,"Etheric Communications, LLC."
0013395207,130455,Empire Telephone Corporation/North Penn Telephone Company
0013397740,130455,Empire Telephone Corporation/North Penn Telephone Company
0013436944,140092,"Twin Valley Management, Inc."
0013490644,150254,"DoveTel Communications, LLC"
0013501689,460025,Digital Network Access Communications Inc.
0013561303,380080,Mille Lacs Energy Cooperative
0013569280,290123,Fluid-Blu Technologies
0013604616,400026,Jackson Electric Cooperative
0013613161,360103,"WestPAnet, Inc."
0013709282,360055,Morristown Utility System
0013769708,300066,Hunter Communications & Technologies LLC
0013775002,330082,"Washington Broadband, Inc."
0013778857,130741,Liberty Latin America Ltd.
0013866488,130696,"Kinex Telecom, Inc."
0013869250,131400,Unwired Ltd.
0013906821,130044,"Alma Telecom, Inc."
0013921614,190107,ConnectTo Communications Inc.
0014015978,131037,"Pierce Telecommunications, Inc."
0014024640,150120,Mutual Telephone Company (KS)
0014054449,130427,"E. Ritter Communications Holdings, Inc."
0014061097,370151,Aeronet Wireless Broadband LLC
0014067565,130631,"IAMO Communications, Inc."
0014107205,140078,"Royell Communications, Inc."
0014117139,320039,Morrison Global
0014202816,260010,"Concept Communications, LLC"
0014281588,190435,"Citynet, LLC"
0014295679,140043,"Hopi Telecommunications, Inc."
0014319933,130032,"Albion Telephone Company, Inc."
0014363329,240061,Montana Opticom LLC
0014395966,160157,"Zito West Holding, LLC"
0014409924,131413,Uniti Group Inc.
0014426316,410138,"Double Dog Communications, Inc."
0014499438,180048,"Rapid Systems, Inc."
0014531073,220005,"Allied Telecom Group, LLC"
0014532774,131190,"Horizon Communications, Inc."
0014540751,130938,Northeast Iowa Telephone Company
0014642235,131049,"Plains Cooperative Telephone Association, Inc."
0014645576,290042,"Electronic Corporate Pages, Inc."
0014663652,130845,Minburn Telephone Company
0014705602,131128,Roggen Telephone Cooperative Company
0014735781,190304,Pulaski Electric System
0014767164,280010,Borough of Kutztown
0014802524,220016,City of Morganton
0014817035,350042,"Fiber Platform, LLC"
0014817357,350042,"Fiber Platform, LLC"
0014860472,300008,"Airosurf Communications, Inc."
0014860530,130081,"ATN International, Inc."
0014935183,130481,Farmers Mutual Telephone Company (OH)
0014973705,190227,InstarAGF
0015017189,300025,Hilbert Communications LLC
0015024946,130123,"Nevill Holdings, Inc."
0015034358,160103,Allband Communications Cooperative
0015045149,130250,Christensen Communications Company
0015273956,300192,"ITC Broadband Operating, LLC"
0015331689,310026,"Sinch US Holding, Inc."
0015332265,350094,South Valley Internet
0015336449,280001,Cogeco Cable Holdings II Inc.
0015337090,240058,Mid-Hudson Cablevision
0015340417,130569,"Great Plains Communications, Inc."
0015349392,270102,X1 Communications Inc.
0015457351,300078,Windfield Enterprises LLC
0015466766,140018,Cable America Missouri LLC
0015518590,290105,Television Association of Republic
0015534811,130509,"Fort Mojave Telecommunications, Inc."
0015534886,130509,"Fort Mojave Telecommunications, Inc."
0015535271,270027,Columbia Energy LLC
0015555550,130484,Farmers Mutual Telephone Company-Nora Springs
0015561350,130586,Hancock Rural Telephone Corporation
0015573256,260003,Bertram Communications LLC
0015592397,131497,"Wired or Wireless, Inc."
0015616642,250090,Wyoming.Com
0015643182,220073,Mountain West Technologies Corporation
0015656606,170071,"Newmax, LLC"
0015678931,130140,"Bloomingdale Telephone Company, Inc."
0015679053,400130,"Wtechlink, Inc."
0015683816,160160,Hawkeye Topco Holdings LLC
0015696057,410177,S. Bryer Cable TV Corporation
0015753262,190187,"Electric Plant Board of the City of Hopkinsville, Kentucky"
0015798648,190410,"IdeaTek Telcom, LLC"
0015805351,230022,Intermart Inc.
0015817075,410156,Satview Broadband Ltd.
0015881154,310078,"Velocity.Net Communications, Inc."
0015950934,210019,City of Wilson
0015963218,130673,James Valley Cooperative Telephone Company
0015966914,460067,"Precision Data Solutions, LLC"
0015988272,130502,"Five Area Telephone Cooperative, Inc."
0016004012,130982,"Front Range Intermediate Holdings, Inc."
0016004087,230051,Utah Telecommunication Open Infrastructure Agency
0016026965,130492,FDF Communications Co.
0016050122,130802,"McNabb Communications, Inc."
0016051450,150237,City of North Kansas
0016058422,130444,Egyptian Telephone Cooperative Association
0016064842,130634,ICON Technologies Inc.
0016070989,400009,"City of Bardstown, KY"
0016079766,190425,"Sonic Telecom, LLC"
0016079956,220027,"Fourway Computer Products, Inc."
0016081093,160127,LICT Corporation
0016083180,460010,"Blast Communications, Inc."
0016083198,370028,"Consolidated Smart Broadband Systems, LLC"
0016084675,190313,Rebeltec Communications LLC
0016085920,290004,"AtLink Services, LLC"
0016086035,210080,Traer Municipal Utilities
0016087298,300042,"Critical Hub Networks, Inc."
0016087876,150327,"United Electric Cooperative, Inc."
0016094708,130019,"Air Advantage, LLC"
0016095432,290016,"Believe Wireless, LLC"
0016095713,250085,"Wireless Data Net, LLC"
0016096711,250053,"Lobo Internet Services, Ltd."
0016096752,140064,"Defiance Holdings, LLC"
0016098147,160162,"TerraNovaNet, Inc."
0016098931,130059,"Amplex Electric, Inc."
0016099053,190169,"Geneva On-Line, Inc."
0016101453,200019,"Express Dial Internet, Inc."
0016102832,280073,LARIAT
0016123374,310065,"Softcom Internet Communications, Inc."
0016128977,390162,"Planet Networks, Inc."
0016162216,350019,"CASCO Communications, Inc."
0016162661,150336,"Whiz to Coho, Inc."
0016173635,260017,District of Columbia Government/Office of the Chief Technology Officer
0016179855,320127,Safelink Internet
0016194516,130707,La Canada Wireless Association
0016195810,320081,SkyHi Corp.
0016202236,190139,"e-Polk, Inc."
0016210437,390103,"Sierra Nevada Communications, LLC"
0016230526,260052,Succeed.Net
0016237927,130757,Long Lines
0016245581,410077,"Ozborn Communications, LLC"
0016251530,190211,"Joink, LLC"
0016324980,180011,City of Cartersville
0016368920,230062,"Hillbilly Wireless Internet, Inc."
0016379380,400001,Advantage Communications
0016385205,131190,"Horizon Communications, Inc."
0016388589,130915,"Next Metro, LLC"
0016390494,460020,"City of Sherwood, Oregon"
0016419392,130161,Broadband Corp.
0016469306,130279,City of Scottsburg
0016474868,190208,"JB-Nets, LLC"
0016479917,230008,"Computer Office Solutions, Inc./Negia, Inc."
0016509242,130794,"NBVDS Investment, LLC"
0016536344,350036,"Digital Aurora Radio Technologies, LLC"
0016555849,130982,"Front Range Intermediate Holdings, Inc."
0016561649,130962,Nucla-Naturita Telephone Company
0016569485,130269,"Citizens Telephone Company of Hammond NY, Inc."
0016635740,440153,Mobile Communications LLC
0016641185,350117,"Wireless Internet Services, Inc."
0016676249,340042,Karuk Tribe
0016708109,130528,"Gargoyle Technologies, Inc."
0016715682,310040,Gtek Communications
0016753279,460101,"City of Taunton, Massachusetts"
0016829194,200057,"Orcas Online, Inc."
0016852865,240035,"Fast-Air Internet, Inc."
0016873374,290009,ALTIUS Communications LLC
0016893455,300077,"Kansas Broadband Internet, Inc."
0016899015,320090,Complete Computers
0016912354,250003,"360 Communications, LLC (OR & WA)"
0016966806,130741,Liberty Latin America Ltd.
0017059841,430240,CDE Lightband
0017068073,131052,"Planters Rural Telephone Cooperative, Inc."
0017082157,130134,"Blanchard Telephone Association, Inc."
0017117037,210018,"Cherry Capital Connection, LLC"
0017131319,230011,"Cyberdyne Networks, Inc."
0017131830,290091,SmartBurst LLC
0017141102,290031,"Computer Techniques, Inc."
0017146051,130309,COLI Inc.
0017154659,240119,Transtelco Holding
0017159856,300029,Cirra Networks
0017191487,131180,"Shawnee Communications, Inc."
0017194234,131344,Ridgeville Telephone Company
0017194317,130796,McClure Telephone Company
0017225723,131378,"Future Fiber FinCo, LLC"
0017253535,190290,"Peerless Network Holdings, Inc."
0017335381,280063,Veloxnet Inc.
0017348301,210087,Wintek Corporation
0017360827,220066,Seimitsu Corporation
0017361031,410092,Southern California Telephone Company Inc.
0017389735,330062,"Race Telecommunications, Inc."
0017535386,340001,"Valley Telephone Cooperative, Inc. (TX)"
0017631540,520070,Phoenix Communications II LLC
0017633405,260056,Total Highspeed LLC
0017649732,290087,Rural Broadband Network Services LLC
0017678236,290118,Webformix Company
0017742107,130081,"ATN International, Inc."
0017769704,270063,"MontanaSky Networks, Inc."
0017793639,440162,Om Networks
0017809351,130745,Lincolnville Telephone Company
0017851569,130144,"Blue Valley Tele-Communications, Inc."
0017889635,420115,"SkyNet360, LLC"
0017904020,320031,"Country Wireless, LLC"
0017917048,300188,Standing Rock Sioux Tribe
0018039495,300118,Princeton Electric Plant Board
0018057257,131453,Wave Wireless LLC
0018069666,290039,"DMCI Broadband, LLC"
0018079764,310014,"Blue River Networks, Inc."
0018092593,300171,"Visionary Communications, Inc."
0018100230,230050,"USFon, Inc."
0018108621,190103,"Computer Dynamics of NW Illinois, LLC"
0018115626,150323,"TecInfo Communications, LLC"
0018122879,130081,"ATN International, Inc."
0018137133,350091,"Skyrunner, Inc."
0018168377,380064,"KC Web, Inc."
0018177592,360049,"Local TV & Electronics, Inc."
0018184804,220007,BreezeAir Networks LLC
0018202309,300136,SDWISP
0018204859,300116,"Pasty.net, Inc."
0018207738,360067,"Peninsula Fiber Network, LLC"
0018209551,280014,City of Longmont
0018226548,340001,"Valley Telephone Cooperative, Inc. (TX)"
0018231647,130598,Heart of Iowa Communications Cooperative
0018247254,190002,101Netlink
0018269993,370020,"CableSouth Media III, LLC"
0018270504,190312,"RB3, LLC"
0018282137,460014,"Broadband MDU Holdings, LLC"
0018293050,190233,"Hilliary Communications, LLC"
0018293175,320055,"Internet Services, LLC"
0018294934,320084,Small Business Solutions Group LLC
0018326165,250046,Hinson Communications Inc.
0018337253,210092,C&W Communications
0018343814,440159,"Nikola Engineering, Inc."
0018345132,430089,"Project A, Inc."
0018355909,210042,Imagine Networks
0018367177,130535,"Geneseo Communications, Inc."
0018371963,320113,"New Era Broadband, LLC"
0018384420,350018,"Byhalia.net, LLC"
0018421941,130228,"Lumen Technologies, Inc."
0018424077,131113,Ringgold Telephone Company
0018424440,130403,"T-Mobile USA, Inc."
0018425108,150330,"Upward Access, LLC"
0018447276,240014,"CalNeva Broadband, LLC"
0018473223,260062,WVVA.net Inc.
0018483222,190025,America Internet & Communications
0018500694,380173,Valley Internet
0018502286,330071,"Skyweb Networks, Inc."
0018505388,130887,"Nedelco, Inc."
0018505719,420042,ORI.NET LLC
0018506568,131425,Verizon Communications Inc.
0018507392,360129,Zinnia Networks Inc.
0018510859,130445,Electric and Water Plant Board of the City of Frankfort
0018511303,130829,"Mid-States Services, LLC"
0018515676,131255,"StarVision, Inc."
0018515817,130325,Community Internet Service
0018518753,220046,NTInet Inc.
0018519397,130491,Fayetteville Public Utilities
0018520320,350085,"WH i3B Bidco LLC/WH i3B Topco, LLC"
0018521443,220031,"IsoFusion, Inc."
0018525139,300043,Cruzio Internet
0018526087,130581,H&B Enterprises Inc.
0018528893,131060,"TPC ACC Acquisition, LLC"
0018535427,190083,City of Coffeyville
0018538496,131378,"Future Fiber FinCo, LLC"
0018538512,131378,"Future Fiber FinCo, LLC"
0018539593,170047,"GMN Tri-County CAC, Inc."
0018539601,130721,"Laurel Highland Total Communications, Inc."
0018539742,131019,Peace Valley Telephone Company
0018539916,160146,"Ralls Technologies, LLC"
0018540146,130721,"Laurel Highland Total Communications, Inc."
0018540237,190134,"Electric Power Board of Chattanooga, Tennessee"
0018540245,190336,Southern Tier Wireless
0018540914,150249,"DC Access, LLC"
0018547828,131308,"Telefonica International Holding, BV"
0018549063,420025,"CopperNet Systems, Inc."
0018552844,190233,"Hilliary Communications, LLC"
0018555169,270101,"WireFree Communications, Inc."
0018558635,470037,Indian Wells Valley Internet Service Provider
0018562181,260049,SMR Communications
0018562611,130904,"New Lisbon Telephone Company, Inc."
0018562652,190086,City of Holyoke Gas & Electric Department
0018563023,131025,"Penasco Valley Telephone Cooperative, Inc."
0018564179,131463,West Liberty Telephone Company
0018568253,390056,ShastaBeam
0018569533,320114,"TISD, Inc."
0018570812,131401,Upsala Cooperative Telephone Association
0018572933,150266,"Hanson Communications, Inc."
0018573212,190163,"Fulair, LLC"
0018575217,220008,Bayou Cable Inc.
0018575845,530004,"Siteserver, Inc."
0018582064,310067,Surfnet Communications
0018582510,190303,Public Utility District No. 1 of Douglas County
0018583559,460531,"DCM Cable, Inc."
0018583823,131090,"Range Telephone Cooperative, Inc."
0018587436,410172,"Tri-County Telephone Association, Inc. (KS)"
0018587451,410172,"Tri-County Telephone Association, Inc. (KS)"
0018587469,410172,"Tri-County Telephone Association, Inc. (KS)"
0018589432,300172,Wireless Internet Corporation
0018590729,360009,"Mainstream Fiber Networks, LLC"
0018591420,260025,Broadband on Demand LLC
0018591826,150339,"Worldnet Telecommunications, Inc."
0018592253,131394,Evertek Enterprises
0018595660,190080,City of Bellevue
0018600445,190093,Cloud Alliance LLC
0018602995,130287,Clarksville Mutual Telephone Company
0018603084,130437,"Eastern Indiana WIFI, Inc."
0018603969,131009,Park Region Mutual Telephone Company
0018604926,130581,H&B Enterprises Inc.
0018607911,290108,Tnet Broadband Internet
0018610774,320088,"Stratosnet Technologies, Inc."
0018614362,260019,"G5 Internet, LLC"
0018617688,130557,"Grafton Communications, Inc."
0018618207,300159,"Texas CellNet, Inc."
0018626853,130228,"Lumen Technologies, Inc."
0018654335,270051,Aseva LLC
0018675256,130817,"Micrologic, Inc."
0018678110,450172,Wave Internet Technologies LLC
0018683326,310082,WaveLinc Communications LLC
0018706002,130663,"Inventive Wireless of Nebraska, LLC"
0018710160,131129,"CommunityTel, Inc."
0018713800,350051,"iGo Technology, Inc."
0018713982,140030,Fail Telecommunication Corporation
0018714014,140030,Fail Telecommunication Corporation
0018714071,140012,Axiom Technologies
0018735928,131173,Sebastian Enterprises
0018779009,350032,CVIN LLC
0018782045,370063,ISP Management Inc.
0018795013,300181,"BEH Communications, LLC"
0018795427,360105,"NMsurf, Inc."
0018814731,310027,"Conifer Communications, Inc."
0018854935,190508,"Atlantech Online, Inc."
0018879585,131413,Uniti Group Inc.
0018928994,130697,Kingdom Telephone Company
0018932350,190429,Barbourville Utility Commission
0018940627,190501,4 SIWI LLC
0018974584,240017,Chaparral Holding Corporation
0018976985,470102,M3 Wireless
0019012335,330042,Kelly Supply Company
0019015189,300031,City of Monticello
0019019785,350100,Telecom West Inc.
0019027440,130370,Optimum Communications
0019051663,440145,"IP Solutions, Inc."
0019060706,200006,"Blip Networks, LLC"
0019064617,130831,Midvale Telephone Exchange
0019066034,200014,Cogent Communications Group
0019079334,410184,"SP Broadband, Inc."
0019090117,310036,E.L. Automation Inc.
0019156843,410073,North Coast Wireless Communications
0019171842,290079,"Portative Technologies, LLC"
0019219088,300015,City of Bagley
0019225366,130814,"MGW Communications, Inc."
0019238476,430160,South Georgia Governmental Services Authority
0019297043,240041,Google LLC
0019297274,290099,"Taos Net, LLC"
0019368158,360061,"One Ring Networks, Inc."
0019402494,460515,Bitwise Inc.
0019423730,131030,"Peoples Telecommunications, LLC"
0019449925,350093,SOS Communications LLC
0019472653,320057,iWiSP LLC
0019475797,320082,SkyNet Communications of Kentucky LLC
0019482124,220015,"CellTex Networks, LLC"
0019489673,131518,"Yelcot Holding Group, Inc."
0019491562,131378,"Future Fiber FinCo, LLC"
0019496462,290018,Pocomoke Holdings
0019512201,400139,Tongue River Communications
0019525336,131051,Plant Telephone Company
0019556604,410169,Inyo Networks Inc.
0019599901,210001,3 Rooms Communications LLC
0019606276,220031,"IsoFusion, Inc."
0019623834,370101,"Integrated Business Networks, LLC"
0019645746,480062,"Netwitz Internet Services, Inc."
0019646025,530075,"Untangled Technology, LLC"
0019648245,220048,"Netwurx, LLC"
0019653401,130079,"Radiate Holdings, LP"
0019653443,130079,"Radiate Holdings, LP"
0019653450,130079,"Radiate Holdings, LP"
0019653476,130079,"Radiate Holdings, LP"
0019663095,220052,"QCOL, Inc."
0019674191,220078,Crystal Broadband Networks
0019679562,130880,"Myakka Communications, Inc."
0019696202,440128,Connecting Point Computer Center
0019703131,300049,Eastern Shore of Virginia Broadband Authority
0019707637,220028,Full Service Network LP
0019722230,300168,VVD Funding LLC
0019766914,250081,"Urban Communications, Inc."
0019792696,340096,"Mechcom Communications, Inc."
0019834688,130176,"Bulloch County Rural Telephone Cooperative, Inc."
0019850155,400023,"Hudson Technology Solutions, Inc."
0019908896,470039,"Internet Management Services, Inc."
0019954775,310053,New Source Broadband I LLC
0019964311,290058,JMZ Corporation
0019974385,330074,SyncWave LLC
0020056446,260070,Warm Springs Telecommunications Company
0020070504,270096,"Velocity Broadband Internet, Inc."
0020088050,130906,"Nuvera Communications, Inc."
0020089553,220058,Rocky Ridge Wireless
0020090627,400056,"WON Communications, LLC"
0020136552,370015,Bay Country Communications
0020143921,360118,"Good Connections, LLC"
0020152872,350014,"Bays-ET Highspeed, LLC"
0020155164,240046,"Hughes Computer Services, Inc."
0020176699,300057,"Fatbeam Holdings, LLC"
0020198065,130919,Wittenberg Telephone Company
0020198149,130906,"Nuvera Communications, Inc."
0020199584,130074,"Arvig Enterprises, Inc."
0020201364,310096,"VGI Technology, Inc."
0020208500,380095,"On-Ramp Indiana, Inc."
0020260865,260007,City of Burbank/Burbank Water and Power
0020295713,280075,EastSierra.Net
0020298048,131497,"Wired or Wireless, Inc."
0020301743,240038,Frank Howard TV Cable Inc.
0020305868,340076,"Ultimate Internet Access, Inc."
0020306171,380062,"JORP, LLC"
0020316063,270084,TC LLC
0020317855,460002,AirLink Internet Services
0020338323,130124,"Big River Telephone, LLC"
0020372884,370082,Pacific Lightwave Inc.
0020374575,130116,Benton Ridge Telephone Company
0020389763,240044,Highland Communication Services
0020404877,430077,Stanfield Technologies LLC
0020407193,320062,Mojavewifi.com LLC
0020409892,330054,Nez Perce Tribe
0020419446,270061,Maxwire Inc.
0020434767,131302,"Telapex, Inc."
0020444741,130081,"ATN International, Inc."
0020449831,130254,Cincinnati Bell Inc.
0020507190,370075,NewarkNet
0020510475,380138,VEOpoint
0020535944,260010,"Concept Communications, LLC"
0020550232,260042,Roller Network LLC
0020553293,250070,Servpac Inc.
0020568457,310052,"Network Professionals, Inc."
0020585402,300160,"Texhoma Wireless, LLC"
0020591780,230025,"Konceptio Data Services, LLC"
0020610432,230036,"Rebus Communications, LLC"
0020611620,160127,LICT Corporation
0020622171,230056,"Xclutel, LLC"
0020655486,280005,Aureon Network Services Inc.
0020666798,131041,"Pineland Telephone Cooperative, Inc."
0020676490,470078,The Greater Eastern Oregon Network
0020680948,260010,"Concept Communications, LLC"
0020707907,131169,Cypress Break
0020760849,131108,"Smithville Holding Company, Inc."
0020791513,460057,Nisqually Indian Tribe
0020812715,380132,Peoples State Bank
0020820189,131378,"Future Fiber FinCo, LLC"
0020831053,240009,Bolt Internet Inc.
0020854725,280004,"Air Link Rural Broadband, LLC"
0020855656,270020,"Cal.net, Inc."
0020896718,290007,Alamo Broadband Inc.
0020910857,270014,Bowling Green Municipal Utilities
0020926788,240056,LTD Broadband LLC
0020930608,250099,Resonance Broadband LLC
0020945390,350116,"Whittrio, Inc."
0020980116,130617,"Home Telephone Company, Inc. (SC)"
0020993077,290074,Northern Arapaho Tribal Industries
0021010079,500085,Figgers Communication Inc.
0021022215,350068,"MR Systems Wireless, LLC"
0021025002,360025,EagleZip.com LLC
0021025770,270077,SonicNet Inc.
0021027974,340045,MJM Telecom Corp.
0021091491,240041,Google LLC
0021099999,300149,Southwest Minnesota Broadband Services
0021105283,240041,Google LLC
0021129457,310088,Zulu Internet Inc.
0021130364,410025,Cosner-Neipp Corporation
0021134119,320007,Aptitude Internet LLC
0021162268,390001,A&A Communications LLC
0021234265,370135,"VPNet, Inc."
0021244868,131129,"CommunityTel, Inc."
0021261193,130315,TOTE Holdings LLC
0021274055,430031,"Everywhere Wireless, LLC"
0021286844,350080,Ranch WiFi LLC
0021290424,270076,"Sonic Spectrum, Inc."
0021297494,150245,"CresComm WiFi, LLC"
0021300181,340091,Aroostook Technologies Inc.
0021320155,330055,"Northeast Rural Services, Inc."
0021352968,270002,1 Point Communications
0021389366,460071,Ridge Wireless Inc.
0021411152,360106,LakeNet LLC
0021418579,430018,Canebrake Connections LLC
0021431440,380158,"Ayera Technologies, Inc."
0021444328,370019,"Bits of Technology Wireless Internet, LLC"
0021445440,130242,"TruVista Communications, Inc."
0021451935,390065,"Lightwave Communications, LLC"
0021454806,131378,"Future Fiber FinCo, LLC"
0021520952,260016,Digi Comm Enterprises LLC
0021535786,131394,Evertek Enterprises
0021551585,290053,Innovative Financial Technologies LLC
0021554936,250066,"Ridgetop Networks, LLC"
0021633987,430062,Northern Broadband
0021644448,270074,"Skywave Wireless, Inc."
0021672415,520003,OpenCape Corporation
0021672852,160127,LICT Corporation
0021701891,290010,AMG Technology Investment Group LLC
0021710371,320080,"SBT Internet, Inc."
0021757109,500086,"Community Wireless of Charlestown, LLC"
0021759212,280020,"Eastern Shore Communications, LLC"
0021762067,360064,OptimERA Inc.
0021796297,300138,"SS Ventures, Inc."
0021814868,350128,Kingsburg Media Foundation
0021830120,250102,Rural Farm Networks LLC
0021833611,300027,"CTI Networks, Inc."
0021837091,460076,Speedwavz LLC
0021843503,370013,Babcock Enterprises LLC
0021854278,280017,"Co-Mo Electric Cooperative, Inc."
0021882212,290006,"AirFiber, Inc."
0021883640,380175,SkyRider Communications LLC
0021907282,530082,"Yellowknife Wireless Company, LLC"
0021908868,300107,"Night Owl Wireless, LLC"
0021929807,360076,Stealth Communications
0021977418,400138,Western Iowa Wireless
0021999305,420091,Osnet Wireless Corp.
0022012884,270065,Noize Communications LLC
0022028161,260051,Spry Wireless Communications Inc.
0022049159,410005,"Alternative Choice Wireless, LLC"
0022069793,240041,Google LLC
0022074074,400018,Great Lakes High Speed LLC
0022113310,260068,"SnowCloud Services, LLC"
0022150361,130795,Court Square Capital Partners
0022205454,440077,Senawave LLC
0022231807,460576,"NocTel Communications, Inc."
0022238547,460027,"Eastern Telephone & Technologies, Inc."
0022265102,300180,"rNetworks, LLC"
0022280762,230043,Southeast Colorado Power Association
0022303291,340032,"HUB Electronics, Inc."
0022326078,131037,"Pierce Telecommunications, Inc."
0022329726,410141,Minnesota WiFi
0022355762,410192,Inland Cellular Telephone Company
0022404685,400022,"Horton's TV & Electronics, Inc."
0022427892,240041,Google LLC
0022431860,140084,SPITwSPOTS Inc.
0022474779,190075,Catalina Broadband Solutions LLC
0022475552,270016,Bethesda Wireless LLC
0022492839,320075,"Prairie Hills Wireless, LLC"
0022516330,131310,"Telephone and Data Systems, Inc."
0022526008,340026,FiberSpark Inc.
0022537807,160141,Plumas-Sierra Rural Electric Cooperative
0022583801,310079,Verso Networks Inc.
0022601603,330010,Byte Networking LLC
0022630651,370012,Azure Standard
0022634935,280046,"Professional Satellite Services, Inc."
0022651095,320013,"B&B Communications, Ltd."
0022655237,280035,Mile High Networks
0022680862,460075,South Hadley Electric Light Department
0022716385,310041,Habersham Electric Membership Corporation
0022761373,310024,"Clearnetworx, LLC"
0022782114,420170,PowerNet Wireless
0022791024,130839,"Milford Communications, LLC"
0022805444,300173,WISPRENN
0022810253,370154,Aerux LLP
0022824619,350071,North Central Kansas Community Network
0022872121,300093,Mosier WiNet LLC
0022904270,360113,"Smiling J, LLC"
0022912273,390002,Acadiana Broadband
0022930671,280057,"Tekify, LLC"
0022932255,190233,"Hilliary Communications, LLC"
0022942296,450136,"WiFi Services Caribbean, Inc."
0023005515,190233,"Hilliary Communications, LLC"
0023019771,310061,"Salish Networks, Inc."
0023027618,290121,Wificow Wyoming Corporation
0023030265,300019,"Bluespan Wireless, LLC"
0023062201,440127,"City of Waupaca, WI"
0023076508,300091,Midwest Energy Cooperative
0023076789,290128,"Kern Valley Wireless, Inc."
0023093818,290052,In The Stix Broadband LLC
0023107519,130097,Barry County Services Company
0023110679,470129,Spokane Tribe of Indians
0023139694,390068,Logonix Corporation
0023184799,360078,Stream It Networks LLC
0023185093,300024,"Brolly Communications, Inc."
0023204142,130721,"Laurel Highland Total Communications, Inc."
0023241250,290097,"Splash Wireless Internet, LLC"
0023243462,500028,"Internet and Communication Associates of Northern Missouri, LLC"
0023253941,290015,"Bear River Communications, LLC"
0023270762,460093,Edge Broadband LLC
0023272107,320091,"Coba Systems, LLC"
0023272438,410170,LightSpeed Technologies LLC
0023276629,450075,Lumbee River Electric Membership Corporation
0023299233,290008,AlignTec Inc.
0023316748,420165,"Zoom Telcom, LLC"
0023316797,131214,South Arkansas Telephone Co.
0023329659,320059,"Last Mile Wireless, LLC"
0023333917,130314,Columbus Telephone Company
0023352289,310063,Signal West LLC
0023363690,310085,Istari Holdings LLC
0023365497,460504,Smart Networks LLC
0023381999,400020,HDER Link Ltd.
0023398134,240041,Google LLC
0023401425,290106,The Junction Internet LLC
0023418833,410182,XAirnet Corp.
0023418973,410182,XAirnet Corp.
0023422199,130586,Hancock Rural Telephone Corporation
0023437775,340009,"AWC, LLC"
0023454002,440171,Sky Fi Inc.
0023478779,310059,"Redburn Infrastructure, LLC"
0023480676,290088,San Diego Broadband
0023521073,320051,"HPAZ.net, LLC"
0023524705,300170,"Virginia Everywhere, LLC"
0023608987,300111,"Northern Network Concepts, Inc."
0023627375,380126,Tampnet Inc.
0023638414,320045,Giggle Fiber LLC
0023645005,340002,Airhawk Wireless
0023650807,360134,Fybercom LLC
0023666274,480112,"Tomales Bay LAN, LLC"
0023707953,310015,California Internet
0023716145,310006,Ampersand Technologies LLC
0023758238,310023,"Clarity Telecom, LLC"
0023771140,430181,"CIBL, Inc."
0023772445,460574,"NfinityLink Communications, Inc."
0023774565,480113,"Muir Beach LAN, LLC"
0023780380,130201,Carnegie Telephone Company
0023799844,310062,Sebewaing Light and Water
0023829542,470009,Bartnet IP LLC
0023879950,350064,Mid MO Micro Computers
0023883499,130771,"Madison Telephone, LLC"
0023885049,300194,Interlakes Wireless LLC
0023892870,350139,"KNR Wireless, LLC."
0023894595,370155,Midstate Broadband
0023896962,370141,"Wi-Fiber, Inc."
0023905268,440039,"Hoyos Consulting, LLC"
0023919574,130616,"Home Enterprises, Inc."
0023920200,131158,"Sandhill Telephone Cooperative, Inc."
0023931041,300010,"Anvil Communications, Inc."
0023933112,320116,"Hawaii Dialogix Telecom, LLC"
0023958416,300187,RC Wireless Inc.
0023962756,300117,"Peak WiFi, LLC"
0023973480,290093,"Declaration Networks Group, Inc."
0023979206,330072,"Smoky Valley Internet, Inc."
0023985237,290061,Lake Region Technology & Communications LLC
0024000473,370071,"Native Network, Inc."
0024009813,310092,"Town of Concord, Massachusetts"
0024022451,190256,Foremost Telecommunications Corporation
0024024101,330013,City of Ocala
0024025736,130584,Hamilton County Telephone Co-Op
0024026304,410157,"NETworx Broadband, Inc."
0024027534,460002,AirLink Internet Services
0024031932,410189,Red River Cellular Telephone Corporation
0024035909,330083,Whitestone Community Association
0024046914,360090,Town of Warwick
0024049215,310066,"Surf Air Wireless, LLC"
0024062309,140048,"JAB Wireless, Inc."
0024065591,430222,"Wireless Partners Holdings, LLC"
0024066110,400036,Pear Networks LLC
0024077000,131076,"Public Service Communications, Inc."
0024084238,330006,"ANTS-Technology, Inc."
0024109449,130137,"Block Communications, Inc."
0024113037,130986,Oregon Telephone Corporation
0024113052,130986,Oregon Telephone Corporation
0024113060,130986,Oregon Telephone Corporation
0024113623,130986,Oregon Telephone Corporation
0024123366,350120,Xtreme Enterprises LLC
0024124547,131126,Rock Port Telephone Company
0024126690,300069,Freeway Networks LLC
0024146821,330023,"Echo IT Consulting, LLC"
0024148330,380159,"Xbar7 Communications, inc"
0024157745,130095,Baraga Telephone Company Inc.
0024170359,131081,"Metronet Holdings, LLC"
0024187825,370106,Softworx Inc.
0024225260,240041,Google LLC
0024272841,410098,"Talkie Communications, Inc."
0024284812,370069,Megawatt Communications LLC
0024285652,130596,Hawkeye Telephone Company
0024291908,190428,"San Carlos Apache Telecommunications Utility, Inc."
0024352650,360085,"Texoma Communications, LLC"
0024354540,300020,Borealis Broadband Inc.
0024361297,310022,City of Sandersville
0024368151,300044,GI DI Vertigo Acquisition LLC
0024372450,300131,Router12 Networks LLC
0024375438,430213,Speedy Net
0024386914,360018,Click Computers Inc.
0024392797,450155,"Advanced Technology Group, LLC"
0024412777,370034,"Echo Broadband, Inc."
0024414930,190341,"Eagle Internet Services, LLC"
0024428252,420061,"Intellipop, LLC"
0024447120,131475,Wahkiakum West Inc.
0024463663,350017,BlueBit Networks LLC
0024470684,360029,Erwin Utilities
0024493728,400002,Big Red Communications
0024532780,320093,The Laffoon Corporation
0024650061,370138,Warp Networks Inc.
0024665390,130904,"New Lisbon Telephone Company, Inc."
0024688079,340066,Sail Internet Holdings LLC
0024691859,330064,RS Fiber Cooperative
0024701369,350081,River Valley Internet LLC
0024723207,130440,"Eastex Telephone Cooperative, Inc."
0024730574,390155,DM Wireless LLC
0024732802,240090,"Stowe Communications, LLC"
0024741118,280067,"Rural Connect, LLC"
0024746711,130079,"Radiate Holdings, LP"
0024752842,330044,"Legacy ISP, LLC"
0024758609,460069,Quintillion Subsea Holdings
0024770679,350015,"Belzoni Cable, LLC"
0024774556,320050,Hilltown Networks
0024797094,340055,"Oso Internet Solutions, LLC"
0024799751,340060,"QCSTelecom, Inc."
0024800807,320094,"Total Radio Service, Inc."
0024801680,460019,"City of Ponca, Oklahoma"
0024813412,131486,Wilkes Telephone Membership Corporation
0024813446,131486,Wilkes Telephone Membership Corporation
0024813461,131486,Wilkes Telephone Membership Corporation
0024842247,130040,"Alliance Communications Cooperative, Inc."
0024849655,340041,Com-Pair Services
0024862138,320049,"High Mountain Farm, LLC"
0024866006,320056,"Island Networks, LLC"
0024866964,320117,"Hot Spot Broadband, Inc."
0024930141,190236,"Mercury Broadband, LLC"
0024934085,350024,City of Hudson
0024987547,460083,"Triple Crown Internet, Inc."
0025093154,210090,Richmond Telephone Company LLC
0025100835,350140,"Northern Nevada High Speed, LLC"
0025124421,360124,Red Spectrum Communications LLC
0025124595,380072,"LR Communications, Inc."
0025132648,320115,"Centre WISP Venture Company, LLC"
0025140807,440200,MHG Telco LLC
0025148065,390110,"Starry, Inc."
0025151754,190236,"Mercury Broadband, LLC"
0025161969,350025,Waverly Utilities
0025165895,131486,Wilkes Telephone Membership Corporation
0025165903,131486,Wilkes Telephone Membership Corporation
0025175902,430092,VITALink LLC
0025198367,460090,"WAVE.BAND, LLC"
0025226895,240041,Google LLC
0025236944,370157,"Mountain iNet, Inc."
0025260647,340012,"Callabyte Technology, LLC"
0025296351,340029,BHT Investment Holdings LLC
0025297086,330004,"AirFiber WISP, LLC"
0025316993,460039,"Heritage NetWorks, LLC"
0025321647,390089,Premier Holdings LLC
0025325838,330053,NETEO Inc.
0025360173,340059,"Plains Internet, LLC"
0025378506,410125,LAN Communications Corp.
0025381195,350011,"Arx Technologies, LLC"
0025394529,380167,"Net Ops Communications, LLC"
0025406257,460684,GLW Broadband Inc.
0025412743,390164,"Southern Fiber Worx, LLC"
0025418104,350060,Killians Electronics LLC
0025438292,330052,"Nedernet, Inc."
0025448796,130405,Dickey Rural Telephone Cooperative
0025460445,330070,SkyNet Communications LLC
0025465451,240041,Google LLC
0025488180,410133,Alpha Technologies Inc.
0025493925,160127,LICT Corporation
0025511759,490064,Midwest Fiber Holdings LP
0025529751,410132,4ip Technology and Media LLC
0025531922,130986,Oregon Telephone Corporation
0025531930,130986,Oregon Telephone Corporation
0025531955,130986,Oregon Telephone Corporation
0025558750,400041,"SML Wireless, Inc."
0025609058,330035,Go Bee Wireless LLC
0025619222,380177,"Xiber, LLC"
0025620675,130953,Northwest Communications Cooperative Association
0025633058,350012,"ATV Holdings, LLC"
0025646373,130235,Charter Communications
0025681123,240041,Google LLC
0025682071,350106,"Tri-Co Technologies, LLC"
0025716127,350039,"EBTX Wireless, LLC"
0025718255,390099,Project A Inc.
0025722919,340036,Intercept Wireless
0025725110,400050,TREPIC Networks LLC
0025753252,370087,"Pilot Fiber, Inc."
0025758848,340069,"Starwire Technologies, LLC"
0025772484,131303,"TelAtlantic, Inc."
0025801879,460593,"ResTech Services, LLC"
0025803800,370032,Delta Montrose Electric Association
0025805870,340020,"DesertGate Internet, LLC"
0025826207,360014,"CarolinaConnect Cooperative, Inc."
0025853722,131009,Park Region Mutual Telephone Company
0025879123,340094,Fastlink Communications Inc.
0025890021,340093,Dillon Beach Internet Service LLC
0025942202,370068,"MCC Network Services, LLC"
0025956137,360052,Maquoketa Valley Rural Electric Cooperative
0025972373,360092,"Two Tin Cans, LLC"
0026042440,340095,"Keltgen Technology, Inc."
0026043968,430076,Space Exploration Technologies Corp.
0026075481,350085,"WH i3B Bidco LLC/WH i3B Topco, LLC"
0026094144,410054,KGT LLC
0026120956,450039,"Costnet, Inc."
0026127514,350087,Adept Internet Solutions LLP
0026136184,130484,Farmers Mutual Telephone Company-Nora Springs
0026140111,440187,Boot State Technologies
0026157230,380089,"North Arkansas Electric Cooperative, Inc."
0026169045,410134,BerryComm LLC
0026172882,360065,"Ozarks Electric Cooperative, Inc."
0026174748,360122,"ProTek Communications, LLC"
0026191858,390006,Air Bridge Broadband LLC
0026204370,131341,The North-Eastern Pennsylvania Telephone Company
0026218602,370131,Uplink Internet LLC
0026260919,440146,"Juvilex Communications, LLC"
0026268516,360094,"Valley Communications Association, LLC"
0026273219,470053,"MTN Infrastructure TopCo, Inc."
0026282459,350133,Grase Communications LLC
0026288779,350073,"NuWave Technology, Inc."
0026290791,360128,Net Vision Communications LLC
0026291765,350058,"Jenco Wireless, LLC"
0026359026,390122,"Tombigbee Electric Cooperative, Inc."
0026359349,360071,Rocket Connect LLC
0026368415,360028,"Encore Communications, Inc."
0026369231,360125,"Redzone Wireless, LLC"
0026376368,350023,"City of Fairlawn, Ohio"
0026392407,380042,Fireball Wireless LLC
0026424416,370108,"South Central Communications, Inc."
0026430645,380093,North Alabama Electric Cooperative
0026476333,370110,"Midstates Data Transport, LLC"
0026494492,480003,"Adirondack Techs, LLC"
0026495325,240041,Google LLC
0026511618,350134,AV Wireless Inc.
0026511923,300110,Mohawk Networks LLC
0026515742,470061,"Public Utilities District No. 1 of Jefferson County, Washington"
0026541029,470122,Advanced Internet
0026580951,510064,Lake Placid Fiber LLC
0026586768,370073,Net NV LLC
0026586990,390166,"Mansfield Community Fiber, Inc."
0026609206,380097,Pacific Independent Technology Alliance LLC
0026618306,370029,"Continental Divide Electric Cooperative, Inc."
0026642223,370141,"Wi-Fiber, Inc."
0026644666,360006,"Bandera Electric Cooperative, Inc."
0026646661,131378,"Future Fiber FinCo, LLC"
0026675546,400046,"Ting Fiber, Inc."
0026677948,360097,Wells Community Internet Project
0026694422,370132,"UpNet WI, LLC"
0026713099,390106,South Central Arkansas Electric Cooperative
0026723635,370048,Hillcom Inc.
0026728980,360100,Zetalink LP
0026756049,410136,"Compass Broadband Network, Inc."
0026757542,360010,Blue Pulse Networks LLC
0026771139,470121,"Xtratyme Technologies, Inc."
0026799551,360069,Prince George Electric Cooperative
0026802363,380051,Ravalli Electric Cooperative
0026802439,360038,"High Rapid Networks, LLC"
0026812560,360115,AIRCELL Inc.
0026814624,360032,Georgia Highspeed Country Internet
0026832444,380048,"Gigabeam Internet, LLC"
0026838268,400035,Pathfinder LLC
0026865964,460089,"VFN Holdings, Inc."
0026899245,370121,TellerWifi LLC
0026905596,460630,xyTel LLC
0026913608,400086,Johnson City Energy Authority
0026932111,440141,Happy Cycling LLC
0026932426,360013,"Cajun Broadband, Inc."
0026946046,350085,"WH i3B Bidco LLC/WH i3B Topco, LLC"
0026963629,410143,Morgan Wireless LLC
0026977231,370038,Falcon Internet
0026980672,410086,Rural Broadband Cooperative
0026995332,390050,Holston Electric Cooperative
0026997874,390124,Tri-County Electric Membership Corporation
0027007624,370035,"Engineer Austin, LLC"
0027014901,390107,"Southeast MN Wifi, LLC"
0027034081,460056,Nimbus Solutions
0027042928,370128,Tuttle Development Authority
0027051564,360111,City of Greenfield
0027115989,480015,"B-Y Internet, LLC"
0027116029,130267,"Citizens Telephone Cooperative, Inc. (WI)"
0027133545,160157,"Zito West Holding, LLC"
0027136753,410168,"Skymesh, Inc."
0027148584,390101,SEMO Electric Cooperative
0027152438,400100,Newport Utilities
0027154608,390123,Tri-County Electric Cooperative
0027155993,390111,"Strada Communications, LLC"
0027160886,370037,"Falcon Broadband, Inc."
0027204247,410139,Eclipse Communications
0027216944,380149,"WiFires Communications, LLC"
0027223122,380139,Connection Concepts LLC
0027231075,390075,"MINetworks, Inc."
0027240662,370160,Smith Internet Solutions LLC
0027242494,131124,"Rochester Telephone Company, Inc."
0027256056,370004,"600Amps Internet Services, Inc."
0027263490,370066,"Lavalink, LLC"
0027271485,130690,"Atlas Connectivity, LLC"
0027275361,370039,"Florida WiFi, LLC"
0027283902,370067,"Locl-Net, Inc."
0027310234,430224,4NET Inc.
0027324789,450162,FamilyNet Inc.
0027336676,380153,"Zion Broadband, Inc."
0027343177,380012,"Andrena, Inc."
0027343813,390121,"The Butler Rural Electric Cooperative Association, Inc."
0027344498,360119,Hankins Information Technology
0027345693,490064,Midwest Fiber Holdings LP
0027353192,400105,Orange County REMC
0027354836,390044,Gibson Electric Membership Corporation
0027362102,410153,Craighead Elecric Cooperative Corporation
0027364959,390046,"Great Lakes Energy Connections, Inc."
0027379676,440199,East Central Vermont Telecommunications District
0027382639,410067,Meriwether Lewis Electric Cooperative
0027385558,370079,"Nuvisions Solutions, LLC"
0027386465,400118,South Central Indiana Rural Electric Membership Corporation
0027408657,400012,Countrymen Communications Inc.
0027415710,390034,"Eastern Carolina Broadband, LLC"
0027443225,370164,"Fiber Connect, LLC."
0027457381,410174,Cloud 9 Wireless LLC
0027458835,410145,Natural G.C. Inc.
0027468826,400102,"Otsego Electric Cooperative, Inc."
0027476175,470111,"River City Wireless, Inc."
0027511815,460104,"Kiza, Inc."
0027522408,400103,Oklahoma Electric Cooperative
0027535764,400008,Chisholm Broadband
0027547504,380039,"Esparto Broadband, Inc."
0027576503,390157,"yondoo Broadband, LLC"
0027589688,390052,Indianola Municipal Utilities
0027611367,470044,Jasper County Rural Electric Membership Corporation
0027626464,430178,"Tier Two Communications, LLC"
0027642784,380069,Liberty Broadband LLC
0027655422,130721,"Laurel Highland Total Communications, Inc."
0027663160,130967,OACYS Technology
0027669977,460092,"WeLink Communications, Inc."
0027677814,130311,"Colorado Valley Telephone Cooperative, Inc."
0027694736,390067,Locality Networks Inc.
0027713205,390085,"PD Fiber, LLC"
0027729573,390018,Central Virginia Electric Cooperative
0027738798,131486,Wilkes Telephone Membership Corporation
0027756949,190188,Hudson Valley Wireless
0027757293,130795,Court Square Capital Partners
0027761279,380034,"Consolidated Electric Cooperative, Inc."
0027762251,380087,"Networx Technologies, LLC"
0027763937,420163,Zero2 Wireless
0027765866,420167,Digital Technology Solutions Inc.
0027768563,380178,"MidwayNet, LLC"
0027785880,380079,"Mike Gunther Industries, Inc."
0027793074,131445,"Wabash Telephone Cooperative, Inc."
0027810050,410185,East Central Oklahoma Electric Cooperative
0027815794,410008,Arkansas Valley Electric Cooperative Corporation
0027817238,380150,WiSpan Internet LLC
0027820828,380077,AeroFlight Internet
0027822840,380063,JTN Communications
0027832633,420135,Tri-County Rural Electric Cooperative
0027843333,400094,Mecklenburg Electric Cooperative
0027846104,290111,"Viasat, Inc."
0027848720,480117,The Chickasaw Nation
0027863109,390121,"The Butler Rural Electric Cooperative Association, Inc."
0027876382,380070,"LightGig Communications, LLC"
0027924034,380107,RTA of America
0027924521,400034,Outernet Broadband LLC
0027930288,410100,Tennessee Telecommunications Company
0027932664,420116,Skypacket Networks Inc.
0027936434,390021,City of Mont Belvieu
0027979095,440138,GreatWave Communications
0027980184,131486,Wilkes Telephone Membership Corporation
0027983063,410037,Express WISP LLC
0027986405,390031,"Crazy Communications, LLC"
0027990688,420080,MS Wifi Zone
0027995869,420029,Current Inc.
0028008738,420150,Wavelength LLC
0028072346,130081,"ATN International, Inc."
0028096147,130690,"Atlas Connectivity, LLC"
0028107282,410115,White Cloud Communications US LLC
0028116416,430219,TriTech Wireless LLC
0028129054,430079,"Susquehanna Broadband, LLC"
0028131696,390015,"Bluegrass Fiber, LLC"
0028135085,420175,Central Connect LLC
0028145480,400029,"Lockridge Networks, LLC"
0028160588,430185,Angeles Enterprises
0028161230,410165,"Optimal Home Solutions, LLC"
0028167187,460047,"Kaniksu, LLC"
0028173862,430010,Bayfield Wireless
0028202844,410018,City of Fort Collins
0028243186,400016,"Fiber Wave, LLC"
0028244887,390113,SWIFT Services LLC
0028257129,500026,Haywire
0028260883,390057,IT Works LLC
0028261543,130036,"Alhambra-Grantfork Communications, Inc."
0028278133,410063,Luminate Fiber LLC
0028299766,390048,"Hawk Networks, Inc."
0028340545,400044,"SVE Connect, LLC"
0028341600,420084,"Nola Broadband, Inc."
0028396885,410066,Meeker Cooperative Light & Power Association
0028416626,400115,Simple Fiber Communications LLC
0028437812,400083,"Forked Deer Electric Cooperative, Inc."
0028448488,390062,Krms Products LLC
0028450591,420139,Us New Era Internet Corp.
0028499457,430073,Silver Rapid LLC
0028499796,420021,City of Loveland
0028504900,470117,South Bay Internet
0028505725,390152,Wireless Broadband Solutions Inc.
0028523280,480012,"Blue Ridge Internet, LLC"
0028528867,260010,"Concept Communications, LLC"
0028543437,410027,Crowsnest Broadband LLC
0028544229,390142,Barger Creek LLC
0028569010,350116,"Whittrio, Inc."
0028574499,420137,Foursight Communications LLC
0028578672,400025,JackRabbit Wireless LLC
0028617330,410131,318 HighSpeed LLC
0028625077,400006,"Carbon Valley Internet, LLC"
0028647428,460028,Elevate Technology Group
0028663961,460084,Uber Wireless LLP
0028688471,400032,Mono Broadband
0028703932,400015,Faster Cajun LLC
0028709962,410031,DigitalC
0028718468,400053,"Unlimited Net Partners, LLC"
0028719698,420073,"Little Miami Gig, LLC"
0028731156,460018,Chicopee Municipal Lighting Plant
0028750859,430044,"HRcom, Inc."
0028751543,400021,"Heritage Broadband, LLC"
0028766152,400051,"Trinity Communications, LLC"
0028768463,430209,Rimrock Wireless
0028771566,400027,"Kayenta Technologies, LLC"
0028772036,400055,Willard Communications LLC
0028772382,420147,Vinton Municipal Communications Utility
0028774750,400047,Tipmont Rural Electric Membership Corporation
0028809184,410160,CNS Internet Services
0028817815,440017,City of Hillsboro
0028868248,420048,Gateway Fiber Holdings LLC
0028886216,220079,Blue Mountain Networks LLC
0028909596,410155,Lakeland Internet
0028956738,131486,Wilkes Telephone Membership Corporation
0028957306,340070,"Point Broadband Fiber Holding, LLC"
0028970093,490062,Vision Wifi Inc.
0028972685,400028,"Kentucky Wireless, LLC"
0028990836,410180,"Zeta Broadband, Inc."
0028992642,400010,"City of Marshall, Michigan"
0029020799,450174,Wyyerd Group LLC
0029046562,410090,Siyeh Communications
0029061314,400094,Mecklenburg Electric Cooperative
0029062494,440149,Lyme Fiber LLC
0029103363,410183,"Bluegrass Broadband, LLC"
0029145638,530087,"Clik Broadband, LLC"
0029148806,440058,"MSEC Communications, LLC"
0029151354,460082,"Town of Estes Park, Colorado"
0029154457,410103,"Treehouse Broadband, LLC"
0029174810,420027,"Critical Links, LLC"
0029174828,440167,Ridge Tower Network LLC
0029180288,410064,Martek Wireless LLC
0029189131,420028,"Cumberland Connect, LLC"
0029189842,460046,Jicarilla Apache Nation Power Authority
0029221694,430123,Fond du Lac Band of Lake Superior Chippewa
0029237369,410114,"Mega Broadband Investments Holdings, LLC"
0029239688,460536,"Diverse Power, Inc."
0029241007,430085,"TNT-WIFI, LLC"
0029244829,131486,Wilkes Telephone Membership Corporation
0029261443,370078,Northwest Ohio Broadband LLC
0029282795,470030,Boston Omaha Corporation
0029285103,280011,"James Bouse Enterprises, LLC"
0029292448,440144,Horizon Broadband LLC.
0029298262,430052,"MCEC Fiber, Inc."
0029325644,420040,ENC Access Investments LLC
0029332327,420181,Newaygo County Regional Educational Service Agency
0029367299,420059,"Hub66, Inc."
0029387420,440179,Ts Network
0029491339,430026,"Satellite Center, LLC"
0029494382,450099,"Pendleton Overground, LLC"
0029500048,430004,"EnerMuscle Marketing, LLC"
0029513256,300092,"Mission Valley Communications, LLC"
0029531852,440029,ElektraFi LLC
0029536596,510065,"Cosmo Network Solutions, LLC"
0029537164,460037,HarvestBeam Inc.
0029537800,380065,KGI Communications LLC
0029549771,470070,"SOM1101, LLC"
0029570694,450158,Nevada County Fiber Inc.
0029575362,450177,"Stroud Media, LLC"
0029581857,430090,"U.S. Electric & Communications, LLC"
0029593969,470112,Fuse Telecom LLC
0029595170,430176,"Wisper ISP, Inc."
0029610300,420101,Prologic Technology Services LLC
0029615358,500027,Hill Country Broadband Inc.
0029626009,130258,Frontier Communications Corporation
0029636545,410164,Mason County Public Utility District No. 3
0029639267,410159,"Airwave Networks, LLC"
0029655289,430021,Coast Electric Power Association
0029663226,450119,"Southwest Arkansas Electric Cooperative, Inc."
0029666625,430028,Delta Electric Power Association
0029666989,430086,Tombigbee Electric Power Association
0029670247,440102,"Tri-County Electric Cooperative, Inc."
0029677945,420020,City of Anacortes
0029679099,500023,"Fuse Rural Connect, LLC"
0029680824,450128,Ultranet LLC
0029683711,430011,"Beacon Broadband, Inc."
0029687035,430056,"M-Pulse Fiber, LLC"
0029688389,430051,"Lynches River Communications, Inc."
0029689346,430063,North East Fiber LLC
0029689585,480037,Farmer Electric Cooperative Corporation
0029693223,430204,Lake Bruin Wireless LLC
0029697935,530012,"Berryville Broadband, Inc"
0029702768,450106,"Rapid Wireless, LLC"
0029713260,450060,Johnson County Rural Electric Membership Cooperative
0029721511,430114,"Conexon Connect, LLC"
0029731742,430030,East Mississippi Electric Power Association
0029732476,530013,"Columbia Basin Electric Cooperative, Inc."
0029733268,450026,Central Rural Electric Cooperative
0029744430,131416,"Varcomm Holdings, Inc."
0029746377,390124,Tri-County Electric Membership Corporation
0029757390,440155,Natchez Trace Electric Power Association
0029764370,390167,ZiTEL LLC
0029765211,420173,"Northwest Fiber, LLC"
0029765310,130201,Carnegie Telephone Company
0029766169,440122,Canadian Valley Electric Cooperative
0029774775,430179,County of Orangeburg
0029779642,420017,Central Alabama Electric Cooperative
0029787611,460616,The Foerster Project LLC
0029791175,420004,AmigoNet
0029794377,420125,"Taluslink, LLC"
0029816170,430034,"Force Broadband, LLC"
0029818481,420012,"Blue Sky Wireless, LLC"
0029822541,430109,Centric Infrastructure Group LLC
0029827813,390080,Fiberwave
0029867777,420124,Tallahatchie Valley Internet Services
0029883048,430202,"Jackson Broadband, Inc."
0029895513,430033,Alcorn County Electric Power Association
0029900370,420069,"KL Broadband, Inc."
0029903051,470119,Deerfield Valley Communications Union District
0029912276,430110,"Clay County Connect, Inc."
0029913472,420133,Town of Islesboro
0029916301,430193,"D and B Broadband, LLC"
0029916798,430099,"Z3N, LLC"
0029918406,430061,Nexus Air Fiber LLC
0029933728,420099,"Precision Technology, LLC"
0029943826,420074,"Lost Creek Wireless, LLC"
0029945094,420178,Comptinet
0029948478,460582,Optic Loop Communications LLC
0029959772,440124,Central Florida Broadband
0029986148,450081,Nates Access LLC
0029990769,440157,New Hampton Municipal Utilities
0030000723,370115,"Netafy, Inc."
0030013304,460055,New England Wireless Co. LLC
0030013718,450028,"City of Pella, Iowa"
0030015846,410188,"HiCountryNet, LLC"
0030019798,480033,"EchoNet Wireless Puerto Rico, LLC"
0030042766,420036,"DSI Management Holdings, LLC"
0030070858,440204,Tel-Star Communications of Florida Inc.
0030078414,490030,Los Altos Hills Community Fiber
0030085823,440175,"SysTec Wireless Communications, LLC"
0030093272,530105,"Aervivo, Inc."
0030109854,450044,"Eminent Technical Solutions, LLC"
0030110761,450109,"RiverNet, LLC"
0030112031,430065,PCs for People
0030116248,460625,Vickery IT LLC
0030140917,440117,"Bartlett Electric Cooperative, Inc."
0030146906,460081,Thumb Electric Cooperative
0030147474,440099,Tishomingo County Electric Power Association
0030171383,440063,Northcentral Electric Cooperative
0030198535,440126,Choptank Electric Cooperative
0030203129,420117,Smyth Technology Group Inc.
0030204085,470030,Boston Omaha Corporation
0030216774,440133,Duke Broadband Inc.
0030224232,460007,Backcountry Broadband
0030230379,480104,"Volt Broadband, LLC"
0030233928,440163,Ouachita Electric Cooperative/South Arkansas Telephone Company
0030241269,500064,"Gigafy, LLC"
0030243364,440027,"DE Fastlink, LLC"
0030254932,190233,"Hilliary Communications, LLC"
0030255285,420168,GoNetworkPR Inc.
0030257232,430042,"Helio Broadband, LLC"
0030264402,460021,Coosa Valley Electric Cooperative
0030268569,430055,MORnet Communications
0030268726,530015,"AccessOn Networks, Inc."
0030272017,430199,"InNet Connections, Inc."
0030272496,460009,"Black Dragon Networks, LLC"
0030278840,460068,Prentiss County Electric Power Association
0030279178,380110,eNCore Connects
0030286702,480022,"Claverack Communications, Inc."
0030289649,450169,First Electric Cooperative Corporation
0030289698,460080,TEPA Connect LLC
0030289946,440004,"4-County Fiber, LLC"
0030291793,131518,"Yelcot Holding Group, Inc."
0030298954,440151,Mifflin County Wireless
0030302210,140030,Fail Telecommunication Corporation
0030311567,460005,"Aspire Networks 1, LLC"
0030336697,440135,Fusion Networks
0030360580,440134,"Estherville Communications, LLC"
0030373153,460064,Pearl River Valley Electric Power Association
0030373211,450038,Cookson Hills Electric Cooperative
0030373278,450063,Kosciusko Rural Electric Membership Cooperative 
0030374227,450100,Petit Jean Electric Cooperative Corp.
0030392997,430074,Skynet Wireless
0030435416,430071,Orange County Broadband Authority
0030450696,430100,"Zavala Communications, LLC"
0030462204,460557,JWEMC Communications LLC
0030490155,131043,"Pinpoint Holdings, Inc."
0030512396,450101,"PGB Fiber, LLC"
0030517692,430078,"STS Broadband, LLC"
0030524706,450048,"FiberFly, LLC"
0030533236,440197,"Simple Fiber, LLC"
0030546659,430082,"Texas Rural Internet, LLC"
0030583389,440030,"ERC Broadband, LLC"
0030587729,430037,"Further Reach, Inc."
0030610885,430001,"Acrospire Networks, LLC"
0030649933,430080,Tarin Strategies LLC
0030658926,490006,"Arbor Mesh, LLC"
0030667760,430237,G&B Networks Solutions Inc.
0030680243,440174,Streamline LLC
0030683908,450012,"Altitude ISP, LLC"
0030692420,470079,Ubinet Corp
0030694046,430014,"BlueNet Communications, LLC"
0030715577,470049,Madrone Broadband
0030716849,460637,"AaroBand, Inc."
0030722276,190280,"Optivon, LLC"
0030753966,460087,UnWired Broadband Holding LLC
0030787097,430198,I.H.M. Eagle Corp.
0030787717,440150,"Lynx WV, Inc."
0030804611,320047,Greenlight Networks Holding Corp.
0030862767,460091,Webiffi
0030873103,450007,"9Stone, LLC"
0030897920,430234,World Connections PR
0030900039,440132,Cullman Electric Cooperative
0030922595,460604,"SBE Networks, Inc."
0030923940,460013,Blue Wireless Corp.
0030924070,430186,ALE-NET Inc.
0030927032,430226,Dualnet Inc.
0030928329,460100,Carthage Water and Electric Plant
0030928766,450029,"Clear Creek Broadband, LLC"
0030931703,500081,Spectra International Holdings LLC
0030953244,470052,"MFWireless, LLC"
0030984454,460070,Real Link Network LLC
0030986228,440183,"Vicinity Solutions, Inc."
0031034713,430233,"WiFast, LLC"
0031047772,440119,BDA Wireless LLC
0031119274,470080,"UltraWISP, LLC"
0031129364,440193,iWi Communications
0031130958,450064,"LaZerArt, Inc."
0031158090,450113,SDC Internet
0031191778,460522,ClearPath Fiber LLC
0031240617,450082,Navasota WiFi
0031241540,460596,Riverside Broadband
0031253677,440148,Long Range Network
0031259971,440123,Carolina Airlink LLC
0031267610,440172,"Sprocket Networks, Inc."
0031280605,460062,"Osage, LLC"
0031297971,440170,Silo Communications
0031304405,470022,Connect Holding II LLC
0031308844,440114,Airwave Technologies LLC
0031314230,440116,Arizona Network LLC
0031338957,460033,Fitchburg Fiber LLC
0031340508,450117,Sky Satellite LLC
0031427966,440196,Quad State Internet LLC
0031447980,450121,"Stimulus Technologies of New Mexico, LLC"
0031450836,460086,UNONET Corp.
0031476740,450051,Gascosage Electric Cooperative
0031476815,460004,"Anthem Broadband of Nevada, LLC"
0031498629,450094,"Open Infra, Inc."
0031547557,470132,Optical Communications Group
0031551260,150266,"Hanson Communications, Inc."
0031620057,450046,"Fast Wireless, LLC"
0031622731,460015,"Bros Broadband, LLC"
0031630155,480116,Peeples Computers LLC
0031651524,450023,"Camellia City Fiber, LLC"
0031654841,460054,"National Telecom, LLC"
0031660798,450015,Ayva Limited
0031672363,131207,"SmarterBroadband, LLC"
0031677834,450050,"Free Range Internet, LLC"
0031691322,470041,"IQ Fiber Intermediate Holdings, LLC"
0031708613,460089,"VFN Holdings, Inc."
0031743610,450129,"Upward Broadband, LLC"
0031761679,450027,"City of Buffalo, Minnesota"
0031764285,420173,"Northwest Fiber, LLC"
0031764293,420173,"Northwest Fiber, LLC"
0031777865,170054,"FIF St. George, LLC"
0031810708,460053,"City of Fort Bragg, CA"
0031831597,450047,"Fiber Broadband, Inc."
0031848930,460078,Pierce Pepin Cooperative Services
0031858145,490023,"HDD Broadband, Inc."
0031871197,450083,NEK Community Broadband
0031931207,450061,JR Network PR LLC
0031960909,450116,Singing River Electric Cooperative
0031992027,450089,"Sisu Investments, LLC"
0032003642,450032,"CMA Wireless, LLC"
0032006249,450093,"Ripple Fiber, LLC"
0032009425,460065,Platinum Connect LLC
0032025447,450085,New Alliance LLC
0032032211,450055,"IFN, LLC"
0032096257,320047,Greenlight Networks Holding Corp.
0032152381,450069,LitFiber
0032168924,470028,"Everfast Fiber Networks, LLC"
0032173668,440030,"ERC Broadband, LLC"
0032190480,500089,"Knightcom, Inc."
0032208985,480048,"IBT Group USA, LLC"
0032282907,270090,CG Computer Works LLC
0032317471,460584,Outer Reach Broadband LLC
0032363871,460079,Tachus LLC
0032366692,480002,Addison County Communications Union District
0032385577,130837,Miles Cooperative Telephone Association
0032398398,470073,"Stimulus Technologies of California, LLC"
0032419996,460615,Ten Four Holdings LLC
0032433054,460012,BLS Broadband LLC
0032486052,460511,BAM Broadband OpCo LLC
0032539967,480069,"Ozark Fiber, LLC"
0032557027,450168,Conquest Wireless LLC
0032580888,480067,"Omni Fiber, LLC"
0032592545,470048,"Lee Wireless, LLC"
0032607046,480019,"City of Fort Dodge, Iowa"
0032630329,460051,Little Wapsie Communications
0032631509,490014,"Community Networks, LLC"
0032659112,460038,Heartland Fiber
0032674095,460077,"SureFire Internet, LLC"
0032674962,510066,Steuben County Rural Electric Membership Corporation
0032679409,131492,WinDBreak Cable
0032705352,130331,"Computer Sales & Services, Inc."
0032716961,430081,"Telecast Communications, LLC"
0032718389,460006,"Avative, LLC"
0032718827,460094,WiFicow Wyoming Corporation
0032725012,320014,Backroads Broadband
0032728677,480055,"LiveOak Fiber, LLC"
0032739815,150341,Yellowstone Media Design
0032748550,430230,"Telespan, LLC"
0032754012,350030,Corridor Wireless LLC
0032769192,280024,FractalVision
0032771750,460061,Onlinet LLC
0032781940,370146,"X-Tech, LLC"
0032784167,460073,Kempler Internet
0032790156,460072,Sebago Fiber & Wifi LLC
0032793473,460581,OLHCommunityFiber
0032794695,370141,"Wi-Fiber, Inc."
0032802506,380146,W S Electronics LLC
0032807497,460011,BLB Communications
0032807968,460017,Center Cable TV
0032809766,130559,Grand Mound Cooperative Telephone Association
0032819799,270115,Webhiway Communications LLC
0032820045,460085,"Underline El Paso, LLC"
0032820466,410147,Somerfield Cable TV
0032821191,470055,NCI Datacom
0032823494,460052,"Mann Holdings, LLC"
0032830051,460032,"Ezee Fiber Texas, LLC"
0032832404,460066,Prado Network
0032835365,300205,Ruhl Moore Technologies
0032840076,450174,Wyyerd Group LLC
0032869554,480010,"BIF IV Intrepid HoldCo, LLC"
0032873846,410121,Canyon Wireless
0032874851,470101,Litebridge LLC
0032875411,460036,"Grid Southwest, LLC"
0032878332,500082,Lovelock Highspeed
0032898884,460598,Robinson Hardware and Software Solutions
0032901886,520030,"City of Colquitt, Georgia"
0032935819,460105,North WiFi PR
0032954638,420186,"Craion, Inc."
0032986473,510001,Archtop Fiber Holdings LLC
0033003211,200041,"Raw Bandwidth Communications, Inc."
0033037706,130904,"New Lisbon Telephone Company, Inc."
0033043159,131463,West Liberty Telephone Company
0033105487,500084,"Generate-Ubiquity Holdings, LLC"
0033107137,260010,"Concept Communications, LLC"
0033167420,480093,"Town of Dryden, New York"
0033175266,460667,Magnolia Road Internet Cooperative Inc.
0033182189,480043,Get Real II LLC
0033205766,131162,"Santa Rosa Telephone Cooperative, Inc."
0033230871,470133,Integrated Elements Ultd
0033242256,470113,Metro Service Center
0033246786,460568,"Maverix Broadband, Inc."
0033249921,480118,Element8 Technology Investment Group Inc.
0033254913,480009,"Back 2 Roots, LLC"
0033259813,490011,"Circle B Wireless, LLC"
0033307901,470030,Boston Omaha Corporation
0033315078,510029,"Klick Networks, LLC"
0033332636,530078,"Velocity Communications, Inc. (WA)"
0033369687,500019,East Central Energy
0033373853,470107,OGC Fiber Networks Lago Mar
0033388331,470047,"LCS Fibercom, LLC"
0033397324,480120,Ardent Wireless LLC
0033404922,530029,Connext Networks
0033407156,460662,Raymond Mazeika
0033409202,490039,Pea River Electric Cooperative
0033429960,470108,"Wellcom Technologies Highlands, LP"
0033429994,470108,"Wellcom Technologies Highlands, LP"
0033430026,490008,Arrive Internet
0033445198,131378,"Future Fiber FinCo, LLC"
0033450867,470023,Cowboy Internet Services
0033463480,490066,Konvergence Technologies
0033468521,480036,"Enlightened by Woodruff Electric, LLC"
0033503343,490069,"Suwannee Valley Electric Cooperative, Inc."
0033531849,520034,Local2u LLC
0033587064,530097,"City of Superior, Wisconsin"
0033681230,460099,"360 Communications, Inc. (OK, AR & TX)"
0033683897,460679,Invest Newark
0033698697,480084,Skyewaves LLC
0033699505,300169,"Virginia Broadband, LLC"
0033704248,490060,Wecom LLC
0033711136,490018,"Fiber by Central Florida, LLC"
0033767294,510021,Foothills Broadband LLC
0033804808,131486,Wilkes Telephone Membership Corporation
0033852047,470128,FiberX Inc.
0033889254,130403,"T-Mobile USA, Inc."
0033894023,500058,White River Valley Electric Cooperative
0033901281,500011,"City of Lexington, Tennessee"
0033969155,520035,"World Mobile Networks, LLC"
0034049155,490074,Wire 3 Holdings
0034057778,350116,"Whittrio, Inc."
0034072124,500048,"Stupp Fiber, LLC"
0034113704,480039,Adirondack Internet
0034120139,510042,Ripple Broadband LLC
0034142349,520039,Alpine Connective LLC
0034167072,480018,Cherokee County Electric Cooperative Association
0034189365,500039,"Opiquad, LLC"
0034190777,390162,"Planet Networks, Inc."
0034205856,530101,"Cityside Networks, LLC"
0034232173,490012,"City of El Reno, Oklahoma"
0034233734,480023,ClearNet
0034272989,490071,Electryon Tech
0034292060,500042,Remarkable Wifi LLC
0034325357,520041,"East Creek Networks, LLC"
0034338608,490028,Lenoir City Utility Board
0034377739,300192,"ITC Broadband Operating, LLC"
0034418905,240110,"Public Utility District of Grant County, Washington"
0034473058,490004,"AirUltra, LLC"
0034500611,490048,Shiloh Estates
0034513143,510020,"Flying Bull Internet, LLC"
0034539080,130234,Chariton Valley Telephone Corporation
0034587246,510072,"City of Lehi, Utah"
0034614909,490068,Seamless Fiber Innovations LLC
0034637652,500025,"GreyStone Connect, LLC"
0034666412,510004,"City of Bainbridge, Georgia"
0034671891,270012,Aristotle Unified Communications Inc.
0034740860,500012,"connectSCP, LLC"
0034742437,131413,Uniti Group Inc.
0034760900,520045,Tillman Global Holdings
0034764209,520046,Air Fiber Communications
0034822973,500071,Lucky Fiber LLC
0034875641,510055,Waterloo Telecommunications Utility
0034925370,520047,"C & L Broadband Connect, LLC"
0035007731,530040,"Llancunet Solutions, LLC"
0035016658,490005,Allevia Technology
0035019199,490041,"Public Utility District #1 of Kitsap County, Washington"
0035062033,500079,Sabino WiFi
0035468156,290065,ISP Industries LLC
0035509769,510052,Trive Capital Management LLC
0035517085,500002,"ACU Global, LLC"
0035549435,510030,"Lyte Fiber, LLC"
0035550060,131057,"Ponderosa Communications, Inc."
0035555366,530079,"City of Cleveland, Indiana"
0035617026,510061,Lehigh WiFi LLC
0035632058,420173,"Northwest Fiber, LLC"
0035636505,500040,Pilam HSI LLC
0035667401,520052,Tennessee Valley Electric Cooperative
0035672765,500032,Larkin LLC
0035676386,130403,"T-Mobile USA, Inc."
0035676576,130403,"T-Mobile USA, Inc."
0035676618,130403,"T-Mobile USA, Inc."
0035720887,500052,Velofi LLC
0035791144,130403,"T-Mobile USA, Inc."
0035791185,130403,"T-Mobile USA, Inc."
0035811215,130116,Benton Ridge Telephone Company
0035811397,500031,Kwikbit Internet
0035824986,500047,Southern Ute ISP
0035852417,500075,"FiberFi, LLC"
0035869999,130403,"T-Mobile USA, Inc."
0035883883,370141,"Wi-Fiber, Inc."
0035886845,520054,"Montgomery County, Maryland"
0035956994,510075,Cenos Networks
0035957927,530088,North Shore Networks LLC
0035986439,460031,"ezWave, Inc."
0036116473,131465,West River Telecommunications Cooperative
0036329811,500083,Rozint LLC
0036341105,450177,"Stroud Media, LLC"
0036414746,131486,Wilkes Telephone Membership Corporation
0036414761,131486,Wilkes Telephone Membership Corporation
0036528313,510076,Netwave Broadband
0036529329,480069,"Ozark Fiber, LLC"
0036530533,430054,Milan Department of Public Utilities
0036663508,520061,"Centric Integrated Systems, Corp."
0036779247,370141,"Wi-Fiber, Inc."
0036779262,370141,"Wi-Fiber, Inc."
0036779288,370141,"Wi-Fiber, Inc."
0036851392,370141,"Wi-Fiber, Inc."
0037070679,130045,"Alpine Communications, LLC"
0037202561,520066,"Logan County Gig, LLC"
0037365616,520068,"Tammany Wireless Holdings, LLC"
0037396116,540028,Horizon Fiber LLC
0037397841,520069,"Wave 7 Communications, LLC"
0037437076,470108,"Wellcom Technologies Highlands, LP"
0037440534,530059,DMEA Utilities Services LLC
0037490505,470118,Innercity Fibernet LLC
0037494820,530062,American Heartland Fiber Networks LLC
0037544376,530080,"Aspire Broadband Holdings, LLC"
0037564408,530064,Tech Stack 4
0037884335,530068,MJZ Networkz LLC
0037906781,530069,"City of Westerville, Ohio"
0037975216,131211,"Consolidated Companies, Inc."
0038021895,530091,"BSX Holdings, LLC"
0038089249,530072,Tidal Network
0038099776,530073,"Mt Hood Management, LLC"
